{"L:7f9e1d6b93|L:f045e85206": {"left_id": "L:7f9e1d6b93", "right_id": "L:f045e85206", "count": 24, "relief_sum": {"X": 0.9002902575096337, "T": 0.6001935050064222, "N": 0.0, "B": 0.6001935050064222, "A": 1.500483762516056}, "relief_sq_sum": {"X": 0.03604519438811151, "T": 0.01602008639471621, "N": 0.0, "B": 0.01602008639471621, "A": 0.10012553996697642}, "relief_pos_sum": {"X": 0.9002902575096337, "T": 0.6001935050064222, "N": 0.0, "B": 0.6001935050064222, "A": 1.500483762516056}, "pos_count": {"X": 24, "T": 24, "N": 0, "B": 24, "A": 24}, "cost_sum": {"X": 0.09063198003095352, "T": 0.19501406478781821, "N": 0.2780596907029456, "B": 0.844856259151273, "A": 0.8413880297304043}, "x_risk_sum": 1.7280000000000004, "last_seen_tick": 60}}