{
  "episode_id": "dreampk_73fcda4a4158",
  "conversation_ids": [
    "685e31b2-6e14-8009-892c-fd0a0d055cca",
    "685d618c-e900-8009-b7a8-8f0548f9c23e",
    "685cf4df-ef18-8009-b813-54ced95db0c3",
    "685bf3c1-fcd0-8009-ae4c-cef85faa41f9",
    "685a72fb-f03c-8009-a82c-e2e655e0b95e",
    "6859a01e-9508-8009-9ab8-1d7a9492aee2",
    "68590919-a1dc-8009-a8b9-3b2e9087fb7b",
    "68582c85-71b8-8009-a743-2ad54ab766a3",
    "685809a4-b40c-8009-bcb6-3b4190305559",
    "68569284-73c4-8009-b7b4-bb79be14d002"
  ],
  "design_mode": "balanced",
  "rubric_profile": {
    "coherence_maintenance": 0.281355995116746,
    "context_carryover": 0.19300467525061776,
    "ambiguity_handling": 0.763325652841782,
    "contradiction_handling": 0.8534900120082909,
    "implied_intent_inference": 0.7921925382473215,
    "misunderstanding_repair": 0.3963298372987191,
    "uncertainty_signaling": 0.35291048885422427,
    "boundary_calibration": 0.4024344305178841,
    "framing_selection": 0.873266583516763,
    "emotional_calibration": 0.49216954558143716,
    "semantic_precision": 0.5355123531035766,
    "adaptive_strategy_selection": 0.95,
    "compression_elaboration_fit": 0.6082801268348775,
    "perspective_integration": 0.20431743421052634,
    "multi_turn_stability": 0.7076190377458753
  },
  "contextual_modifiers": {},
  "difficulty_estimate": 0.43958608592475723,
  "payload_count": 10,
  "timestamp": 1773043097.5710244
}