{
  "episode_id": "dreampk_448e6f378aa7",
  "conversation_ids": [
    "68f466ea-3adc-8330-b525-5810699bafc8",
    "68f34a27-1224-832b-9457-9c54c4fd2411",
    "68f20736-6904-832e-b5da-6ac7c821db24",
    "68f1c836-54f0-8330-9f11-32ac0233e63b",
    "68f090e1-042c-832d-9785-31d5fd9bdee3",
    "68f0516a-63d0-8326-bd22-3c790ea8dc36",
    "68f0037c-15f4-8323-b56c-9a0e926b1a19",
    "68f013af-6298-8327-add2-4a733cb6025f",
    "68e106f2-f528-832b-9b82-71f2cf5176c0",
    "68eddc68-e7c8-8326-9d24-722ab829a3e3"
  ],
  "design_mode": "balanced",
  "rubric_profile": {
    "coherence_maintenance": 0.3266136431535496,
    "context_carryover": 0.24479840965840954,
    "ambiguity_handling": 0.5965714285714284,
    "contradiction_handling": 0.8768973092595994,
    "implied_intent_inference": 0.7714357487922707,
    "misunderstanding_repair": 0.5131338545828062,
    "uncertainty_signaling": 0.3434366937963226,
    "boundary_calibration": 0.352776811594203,
    "framing_selection": 0.9678905061914627,
    "emotional_calibration": 0.495095652173913,
    "semantic_precision": 0.5267245130152137,
    "adaptive_strategy_selection": 1.0,
    "compression_elaboration_fit": 0.5668609269755038,
    "perspective_integration": 0.22638741480977792,
    "multi_turn_stability": 0.6184670973194536
  },
  "contextual_modifiers": {},
  "difficulty_estimate": 0.4381939993404057,
  "payload_count": 10,
  "timestamp": 1773045216.2358358
}