{
  "episode_id": "dreampk_e714607d0c09",
  "conversation_ids": [
    "68815cfe-bedc-8009-bab0-36599174ddfd",
    "68802215-2568-8009-9ce9-cc883b533ada",
    "6880f7d0-2d40-8009-b54d-08d55f364416",
    "687fe5d7-7694-8009-99ab-b69c3e89a5c4",
    "687e97de-759c-8009-8bf1-b7950353bed7",
    "687e5fd3-7938-8009-9913-c2279974e84b",
    "687dba48-c570-8009-b678-cfad94f3bc7d",
    "687d09d8-eb68-8009-9b9b-a88efeca3372",
    "687c8382-d72c-8009-b0aa-5e2918e2b0d4",
    "687bc355-b5c8-8009-8990-41c18f05aa63"
  ],
  "design_mode": "balanced",
  "rubric_profile": {
    "coherence_maintenance": 0.2626176044190888,
    "context_carryover": 0.12160640579684827,
    "ambiguity_handling": 0.7097645211930927,
    "contradiction_handling": 0.8404543090473824,
    "implied_intent_inference": 0.7790905548646286,
    "misunderstanding_repair": 0.46007336968776774,
    "uncertainty_signaling": 0.3734396606177995,
    "boundary_calibration": 0.414630091836454,
    "framing_selection": 0.823924792159645,
    "emotional_calibration": 0.49425359578356687,
    "semantic_precision": 0.6295642049484785,
    "adaptive_strategy_selection": 0.95,
    "compression_elaboration_fit": 0.5689244104418425,
    "perspective_integration": 0.21437266427143306,
    "multi_turn_stability": 0.6033138866308675
  },
  "contextual_modifiers": {},
  "difficulty_estimate": 0.4502646618867402,
  "payload_count": 10,
  "timestamp": 1773043097.5668578
}