{
  "episode_id": "dreampk_805ef63ef9d5",
  "conversation_ids": [
    "6857540e-b254-8009-92d7-32c7da3b63fe",
    "68566a4b-5158-8009-8667-2eb57f7fe3a8",
    "68563b8d-0f48-8009-9e35-8ff51ae8501f",
    "6855b7be-2908-8009-b6ec-cdb93a3572b9",
    "6854e9b6-feec-8009-aadd-188f3fe2b987",
    "68520e63-bed4-8009-9b0e-8c2b99039f44",
    "6851e2d8-2ee0-8009-bc6d-d92d3905ee58",
    "6851527d-79a0-8009-a2fe-7f83a42a9528",
    "6850f985-5a34-8009-b03a-9c9c3cb30576",
    "6850080b-39b4-8009-b0db-7e1664bfa197"
  ],
  "design_mode": "balanced",
  "rubric_profile": {
    "coherence_maintenance": 0.30020933633469904,
    "context_carryover": 0.1941236366803489,
    "ambiguity_handling": 0.7955714285714286,
    "contradiction_handling": 0.9025010074038649,
    "implied_intent_inference": 0.7842860333134956,
    "misunderstanding_repair": 0.4142489084613068,
    "uncertainty_signaling": 0.3918837569159634,
    "boundary_calibration": 0.445364391332162,
    "framing_selection": 0.8244825419152603,
    "emotional_calibration": 0.4959462061747481,
    "semantic_precision": 0.602510872015276,
    "adaptive_strategy_selection": 0.95,
    "compression_elaboration_fit": 0.5991415805853533,
    "perspective_integration": 0.20391758329348,
    "multi_turn_stability": 0.7551750810013275
  },
  "contextual_modifiers": {},
  "difficulty_estimate": 0.42270917573341904,
  "payload_count": 10,
  "timestamp": 1773043097.57186
}