{
  "episode_id": "dreampk_4bf6ffad5cba",
  "conversation_ids": [
    "69178481-bdb8-832c-80f4-50a588d91147",
    "68230a24-c54c-8009-a8a1-289c4f20c565",
    "68e45616-db9c-8333-b20c-20fd3b346444",
    "684e93a5-0324-8009-8291-a235b56841a2",
    "6900f0ab-7af0-832b-9a8f-34095b935f39",
    "68bb6076-97e4-832e-b3e3-e0776afd45bf",
    "694ab044-c4f8-8326-80cf-bd58e2a336e0",
    "6850f4dd-2718-8009-b364-50bb681e8ac5",
    "6934cf7d-e8ac-8325-b053-a007ba5e7a66",
    "68630906-9c08-8009-b1d9-b45b06aa8252"
  ],
  "design_mode": "weakness_targeted",
  "rubric_profile": {
    "coherence_maintenance": 0.1503617570265249,
    "context_carryover": 0.051367183025941586,
    "ambiguity_handling": 0.4666666666666667,
    "contradiction_handling": 0.5628107344632769,
    "implied_intent_inference": 0.6964444444444444,
    "misunderstanding_repair": 0.5383333333333333,
    "uncertainty_signaling": 0.3488206214689266,
    "boundary_calibration": 0.25183333333333335,
    "framing_selection": 0.8402940124220792,
    "emotional_calibration": 0.49111111111111116,
    "semantic_precision": 0.8491486265052666,
    "adaptive_strategy_selection": 0.775,
    "compression_elaboration_fit": 0.5186793859638674,
    "perspective_integration": 0.19999999999999998,
    "multi_turn_stability": 0.47414081844158495
  },
  "contextual_modifiers": {
    "target_dimension_count": 3.0,
    "target_context_carryover": 0.051367183025941586,
    "target_perspective_integration": 0.19999999999999998,
    "target_coherence_maintenance": 0.1503617570265249
  },
  "difficulty_estimate": 0.5189991981195761,
  "payload_count": 10,
  "timestamp": 1773045216.1459386
}