{
  "episode_id": "dreampk_426c6144a875",
  "conversation_ids": [
    "68a1c891-e86c-832b-9f37-a9ba2061d15e",
    "68a31279-9698-8322-bcd4-1288d497c118",
    "68a1b042-dfa8-832a-9e5e-17df1eb8fe93",
    "68a0de1c-5b50-8323-add5-04908dd17fa7",
    "68a0bde4-1678-8325-ba4a-497b75f97953",
    "689e37ee-6b10-832b-885c-8f7d96da0fc1",
    "68a06946-280c-8328-90c4-81897efe06dc",
    "689ceac6-e774-8327-b84e-65054559997f",
    "689c8cd6-8970-832a-9dfe-3f7f5679e7ad",
    "689abade-0070-8323-8ed9-ca66840c7dfb"
  ],
  "design_mode": "balanced",
  "rubric_profile": {
    "coherence_maintenance": 0.2715662620134441,
    "context_carryover": 0.19364228220458027,
    "ambiguity_handling": 0.711079365079365,
    "contradiction_handling": 0.8233662794610911,
    "implied_intent_inference": 0.7710063869244742,
    "misunderstanding_repair": 0.5127229303037323,
    "uncertainty_signaling": 0.29830656914741727,
    "boundary_calibration": 0.4564934744324901,
    "framing_selection": 0.9592803231446456,
    "emotional_calibration": 0.48239981797109033,
    "semantic_precision": 0.612006031436571,
    "adaptive_strategy_selection": 0.95,
    "compression_elaboration_fit": 0.6246944073842935,
    "perspective_integration": 0.20629462041226745,
    "multi_turn_stability": 0.6182378247170854
  },
  "contextual_modifiers": {},
  "difficulty_estimate": 0.4339268950244969,
  "payload_count": 10,
  "timestamp": 1773043438.283259
}