{
  "episode_id": "dreampk_1ecc0b09ea21",
  "conversation_ids": [
    "6838c9f5-9758-8009-b1e2-1834f55a9309",
    "683827a6-47d4-8009-94cf-490cb9a7d28f",
    "68375dde-c8dc-8009-8fdf-cfe196377b2a",
    "6836e7dc-baf0-8009-bc4b-ecb54d990ce2",
    "68358b3e-7530-8009-b159-486e038987c3",
    "68350012-fcd0-8009-97f6-f204ccddccfa",
    "6832c1cf-62e8-8009-94e6-18f498c23ecd",
    "6833af8e-1420-8009-a3aa-6b70951ed183",
    "6831fd2d-8f78-8009-b7c2-518f2004540a",
    "6831457a-ef40-8009-a5ab-155a19955349"
  ],
  "design_mode": "balanced",
  "rubric_profile": {
    "coherence_maintenance": 0.2820606663321063,
    "context_carryover": 0.17970601000223024,
    "ambiguity_handling": 0.6786080586080586,
    "contradiction_handling": 0.813346476169138,
    "implied_intent_inference": 0.7946971158201626,
    "misunderstanding_repair": 0.43644224497327544,
    "uncertainty_signaling": 0.31955889349781175,
    "boundary_calibration": 0.4437722702060317,
    "framing_selection": 0.8997147024877812,
    "emotional_calibration": 0.48261401497106116,
    "semantic_precision": 0.5660950943808981,
    "adaptive_strategy_selection": 0.95,
    "compression_elaboration_fit": 0.5815388532683234,
    "perspective_integration": 0.2457813191141069,
    "multi_turn_stability": 0.6045708342712272
  },
  "contextual_modifiers": {},
  "difficulty_estimate": 0.4480995630598523,
  "payload_count": 10,
  "timestamp": 1773043097.5776472
}