{
  "episode_id": "dreampk_740d5d044aaf",
  "conversation_ids": [
    "68f82571-09b8-832c-9f20-398a55c8468c",
    "68f82194-7234-832a-9376-b8e38f8046da",
    "68f789db-8f98-8327-aa82-1cf1620f2a85",
    "68f701c0-89f4-832f-ada9-d6960b2ac326",
    "68f67aff-a7ac-8322-90de-51bf52d2f680",
    "68f5f1b4-2eec-8329-b219-20800f3ca103",
    "68f5da25-1ac8-832f-98b9-24e247fc5410",
    "68f5bad3-9630-8333-a631-f2092f0768d6",
    "68f502d8-71d0-8327-970d-e1626707ab23",
    "68f4b15e-cfcc-832d-96d8-293474f2ca3c"
  ],
  "design_mode": "balanced",
  "rubric_profile": {
    "coherence_maintenance": 0.3148939615370413,
    "context_carryover": 0.25428903876951303,
    "ambiguity_handling": 0.7930158730158731,
    "contradiction_handling": 0.6717902166428307,
    "implied_intent_inference": 0.723294122803286,
    "misunderstanding_repair": 0.5125771359711849,
    "uncertainty_signaling": 0.4157360691773929,
    "boundary_calibration": 0.41861274928747383,
    "framing_selection": 0.9718547437002576,
    "emotional_calibration": 0.49511066552714045,
    "semantic_precision": 0.6222220782680422,
    "adaptive_strategy_selection": 1.0,
    "compression_elaboration_fit": 0.5474314837700396,
    "perspective_integration": 0.21293103448275863,
    "multi_turn_stability": 0.5929030693097761
  },
  "contextual_modifiers": {},
  "difficulty_estimate": 0.4302225171824927,
  "payload_count": 10,
  "timestamp": 1773045216.2352204
}