{
  "episode_id": "dreampk_c7560b21fbaa",
  "conversation_ids": [
    "68676821-4984-8009-b728-75c14a1aebeb",
    "6866ae97-48f8-8009-8864-9a5ccd7876f1",
    "6863df33-2700-8009-adeb-b707fc7f2fe5",
    "6865c686-cf2c-8009-a0e2-533caaee411a",
    "6865b839-93ac-8009-a031-bb6dc20d2375",
    "68631edc-7308-8009-9b64-d21b1851da82",
    "6863c620-1eb4-8009-bb26-3c84c112633a",
    "68630a3d-521c-8009-a248-2bc36ccc9025",
    "6861605f-e210-8009-a6bd-873ae9974e8c",
    "686111e3-64fc-8009-ae0c-0b57b7837f52"
  ],
  "design_mode": "balanced",
  "rubric_profile": {
    "coherence_maintenance": 0.286895350094231,
    "context_carryover": 0.21755140402359036,
    "ambiguity_handling": 0.7523333333333333,
    "contradiction_handling": 0.8549861088682824,
    "implied_intent_inference": 0.7952639517345401,
    "misunderstanding_repair": 0.4462949856433089,
    "uncertainty_signaling": 0.3173481879324777,
    "boundary_calibration": 0.3898082767128009,
    "framing_selection": 0.9032774477035901,
    "emotional_calibration": 0.4941076746749372,
    "semantic_precision": 0.5952071759681026,
    "adaptive_strategy_selection": 0.975,
    "compression_elaboration_fit": 0.5728285855862911,
    "perspective_integration": 0.2017857142857143,
    "multi_turn_stability": 0.7714968069491428
  },
  "contextual_modifiers": {},
  "difficulty_estimate": 0.4283876664326438,
  "payload_count": 10,
  "timestamp": 1773043438.2890723
}