{
  "episode_id": "dreampk_9d2952a393f6",
  "conversation_ids": [
    "684b8fb3-1b70-8009-8d11-0985bf7df104",
    "684b6ddc-dbf4-8009-9b7c-04c702fc0d4c",
    "684a3504-f034-8009-b42f-538aa5f4dba5",
    "6849f260-0700-8009-8832-4a4493750b7e",
    "6849daf3-6024-8009-b8cd-5dd20f362fd4",
    "684929fe-4e4c-8009-88cc-db2dcd6e4580",
    "6848396f-9268-8009-82f0-60c1c49a2d9c",
    "684662b9-b020-8009-a938-4dc003e22f26",
    "68480b9c-da74-8009-9365-8ce7e70a3f88",
    "68453380-4144-8009-b7ed-bb801f9f540e"
  ],
  "design_mode": "balanced",
  "rubric_profile": {
    "coherence_maintenance": 0.37355692091425297,
    "context_carryover": 0.1881021656994868,
    "ambiguity_handling": 0.7513333333333334,
    "contradiction_handling": 0.813576891573455,
    "implied_intent_inference": 0.7958345837377194,
    "misunderstanding_repair": 0.42163167510494814,
    "uncertainty_signaling": 0.34970143854313196,
    "boundary_calibration": 0.407761564621876,
    "framing_selection": 0.9012189541910953,
    "emotional_calibration": 0.4958757928436057,
    "semantic_precision": 0.5569245473512373,
    "adaptive_strategy_selection": 0.925,
    "compression_elaboration_fit": 0.5584233364913205,
    "perspective_integration": 0.2030248820946495,
    "multi_turn_stability": 0.6727736790880265
  },
  "contextual_modifiers": {},
  "difficulty_estimate": 0.4390173489607908,
  "payload_count": 10,
  "timestamp": 1773043097.5741765
}