{
  "episode_id": "dreampk_7ab2348d43a7",
  "conversation_ids": [
    "69235683-b0e0-832d-871f-cf6789123f8e",
    "691f617d-066c-8325-96e8-919a38676c20",
    "692301a5-7e38-832f-8522-1a137ddb97d6",
    "6922f372-b1d0-832d-b576-c042939c11c4",
    "69221d43-ba88-8332-be3a-b67722c9033a",
    "69210de8-ffb4-8333-bd04-389c4532e5e6",
    "69208474-5b4c-832d-8360-2cd5d53ed96c",
    "69206af8-b3ec-8330-9cc2-d7fef38e7618",
    "691e83aa-5c58-8329-af29-55e2168e32db",
    "691e0639-ad98-8331-8a08-2564c6d38d37"
  ],
  "design_mode": "balanced",
  "rubric_profile": {
    "coherence_maintenance": 0.3509792541056904,
    "context_carryover": 0.22803950713130386,
    "ambiguity_handling": 0.5803921568627451,
    "contradiction_handling": 0.7662275085831841,
    "implied_intent_inference": 0.7401067207141374,
    "misunderstanding_repair": 0.6006334175084175,
    "uncertainty_signaling": 0.31498854199870246,
    "boundary_calibration": 0.267895060037283,
    "framing_selection": 0.9004491671035773,
    "emotional_calibration": 0.5050871943371943,
    "semantic_precision": 0.4038451865665486,
    "adaptive_strategy_selection": 0.975,
    "compression_elaboration_fit": 0.5338269403640288,
    "perspective_integration": 0.21041935947149218,
    "multi_turn_stability": 0.8166668320793906
  },
  "contextual_modifiers": {},
  "difficulty_estimate": 0.453696210209087,
  "payload_count": 10,
  "timestamp": 1773043438.2763932
}