{
  "episode_id": "dreampk_7d7a2fe353d8",
  "conversation_ids": [
    "685fcfc5-108c-8009-8d05-0f6f7a1d2fa1",
    "685ea210-51e8-8009-b8f5-ce64102c7cdf",
    "685e31b2-6e14-8009-892c-fd0a0d055cca",
    "685d618c-e900-8009-b7a8-8f0548f9c23e",
    "685cf4df-ef18-8009-b813-54ced95db0c3",
    "685bf3c1-fcd0-8009-ae4c-cef85faa41f9",
    "685a72fb-f03c-8009-a82c-e2e655e0b95e",
    "6859a01e-9508-8009-9ab8-1d7a9492aee2",
    "68590919-a1dc-8009-a8b9-3b2e9087fb7b",
    "68582c85-71b8-8009-a743-2ad54ab766a3"
  ],
  "design_mode": "balanced",
  "rubric_profile": {
    "coherence_maintenance": 0.2884791785995452,
    "context_carryover": 0.18419011144203132,
    "ambiguity_handling": 0.7810529255690548,
    "contradiction_handling": 0.8643356408765491,
    "implied_intent_inference": 0.7932810863893305,
    "misunderstanding_repair": 0.3968949253476434,
    "uncertainty_signaling": 0.3703252490222172,
    "boundary_calibration": 0.40763975218239734,
    "framing_selection": 0.873266583516763,
    "emotional_calibration": 0.4925096965610167,
    "semantic_precision": 0.5056969286816038,
    "adaptive_strategy_selection": 0.95,
    "compression_elaboration_fit": 0.6177103414011492,
    "perspective_integration": 0.20427253478523894,
    "multi_turn_stability": 0.7259294681016256
  },
  "contextual_modifiers": {},
  "difficulty_estimate": 0.43629437183492226,
  "payload_count": 10,
  "timestamp": 1773043438.289895
}