{
  "episode_id": "dreampk_c530758d0cfe",
  "conversation_ids": [
    "68991bd0-2fac-8325-803c-28e9cd7a7217",
    "6898f425-d34c-8326-a85d-982e2bc53a67",
    "6898b0ed-646c-832f-b5c9-8e139a24647f",
    "6897c886-4de4-832a-a26d-0fe714e1c403",
    "6897d728-92b4-8325-a4f2-ff2367a714d1",
    "68974f1a-63a4-8321-9025-8107673d1c9a",
    "68971a75-c408-8327-a453-5343defb8529",
    "689702b6-3ea0-8326-88c9-3692583bf7a2",
    "68936d39-7e20-8323-8b0f-8e18b658277a",
    "68933665-872c-8324-9ac3-8261c597e192"
  ],
  "design_mode": "balanced",
  "rubric_profile": {
    "coherence_maintenance": 0.34433782235868093,
    "context_carryover": 0.2011372803686707,
    "ambiguity_handling": 0.6293333333333333,
    "contradiction_handling": 0.6956925209414835,
    "implied_intent_inference": 0.7683326737092695,
    "misunderstanding_repair": 0.46664416093358,
    "uncertainty_signaling": 0.36706752019303884,
    "boundary_calibration": 0.4019869265486287,
    "framing_selection": 0.8599239077104318,
    "emotional_calibration": 0.4943653391525732,
    "semantic_precision": 0.6096328171295691,
    "adaptive_strategy_selection": 0.95,
    "compression_elaboration_fit": 0.5742297170728342,
    "perspective_integration": 0.20882987551867221,
    "multi_turn_stability": 0.6515295941750229
  },
  "contextual_modifiers": {},
  "difficulty_estimate": 0.4517971007236141,
  "payload_count": 10,
  "timestamp": 1773043097.5643218
}