{
  "episode_id": "dreampk_555ed35d17f6",
  "conversation_ids": [
    "68cb576e-ced8-832b-a26e-b9ac7c22ec37",
    "68ca7f2f-21e0-8322-8cad-95536fddce2c",
    "68c9d0e6-1a9c-8326-9ce1-e38a172c409e",
    "68c93cdc-e3d8-832b-8265-a410441a5a85",
    "68c83dbe-877c-8326-9673-b0cd0500dba3",
    "68c7899f-5a78-8333-a555-ac371a8a77e4",
    "68c59792-4808-8321-9714-daa2f279e0d2",
    "68c4d966-e01c-8328-8eb8-56b28d9a7679",
    "68c35216-542c-8331-bfde-9003cbc569a1",
    "68c28412-48f8-8324-9405-34d3ced9c42c"
  ],
  "design_mode": "balanced",
  "rubric_profile": {
    "coherence_maintenance": 0.3738034676645068,
    "context_carryover": 0.2274200912542687,
    "ambiguity_handling": 0.58,
    "contradiction_handling": 0.8168578257895677,
    "implied_intent_inference": 0.7762904834009486,
    "misunderstanding_repair": 0.517685435201301,
    "uncertainty_signaling": 0.4067360397141668,
    "boundary_calibration": 0.4582430898358603,
    "framing_selection": 0.907515791228467,
    "emotional_calibration": 0.49646107178968657,
    "semantic_precision": 0.5906551809829115,
    "adaptive_strategy_selection": 1.0,
    "compression_elaboration_fit": 0.5638869560623241,
    "perspective_integration": 0.25399043894605366,
    "multi_turn_stability": 0.589984392708496
  },
  "contextual_modifiers": {},
  "difficulty_estimate": 0.42936464902809623,
  "payload_count": 10,
  "timestamp": 1773043438.2808025
}