{
  "episode_id": "dreampk_38db2f17f091",
  "conversation_ids": [
    "687ba37d-b614-8009-bed5-7f64644bafe9",
    "686dd6e7-7c88-8009-bd44-08bdcf0f1c6c",
    "687b6a7a-7014-8009-beb9-884ce6edcdef",
    "687900b9-f8b0-8009-a686-34a0dbac89b1",
    "68790f21-342c-8009-a4a9-11772d78fc4e",
    "68754849-6efc-8009-bfc9-56ebb5d18ad1",
    "6877da92-c500-8009-a23a-0e74147e70aa",
    "6875b689-cda0-8009-a71b-52884dde989e",
    "6871d3a4-0a04-8009-884e-e8b3b1c44c24",
    "686fb595-00ec-8009-9eb5-2c9616f3a6da"
  ],
  "design_mode": "balanced",
  "rubric_profile": {
    "coherence_maintenance": 0.2956798136213847,
    "context_carryover": 0.19391716221706234,
    "ambiguity_handling": 0.6545595082883219,
    "contradiction_handling": 0.697190753721653,
    "implied_intent_inference": 0.7690540671605303,
    "misunderstanding_repair": 0.4466090165269206,
    "uncertainty_signaling": 0.29579631613252577,
    "boundary_calibration": 0.3999609104876768,
    "framing_selection": 0.9818185737417181,
    "emotional_calibration": 0.4924738514563818,
    "semantic_precision": 0.45626374876208775,
    "adaptive_strategy_selection": 0.95,
    "compression_elaboration_fit": 0.5782116918222959,
    "perspective_integration": 0.20577480160225936,
    "multi_turn_stability": 0.6919129348739772
  },
  "contextual_modifiers": {},
  "difficulty_estimate": 0.45938512330568027,
  "payload_count": 10,
  "timestamp": 1773043097.5686011
}