{
  "episode_id": "dreampk_1d97df5ed466",
  "conversation_ids": [
    "695181dc-68d4-832d-bbc8-fefde2f07dfd",
    "694db557-5e90-8331-a49a-1244e3e33430",
    "693a929a-240c-832f-9f8d-491543e77ae1",
    "694b6f94-2390-832b-adcf-bf9685eac269",
    "694c1d63-c11c-8333-82e0-4e436779781b",
    "694ab754-b084-8328-9f91-a300e34d6e84",
    "694af5e4-8e58-832e-9db4-6339a3678585",
    "6946a90f-a928-8325-bb37-b29688d2201a",
    "6949faf6-ba38-8333-80a4-d44147c7a465",
    "69490461-375c-8333-a79e-864323b9e009"
  ],
  "design_mode": "balanced",
  "rubric_profile": {
    "coherence_maintenance": 0.3530990195811402,
    "context_carryover": 0.26455031479073676,
    "ambiguity_handling": 0.4296969696969698,
    "contradiction_handling": 0.9724242424242424,
    "implied_intent_inference": 0.782772274806173,
    "misunderstanding_repair": 0.7833613471374361,
    "uncertainty_signaling": 0.4016939822552838,
    "boundary_calibration": 0.37955418557431264,
    "framing_selection": 0.9464773728544085,
    "emotional_calibration": 0.4949051140949446,
    "semantic_precision": 0.4370514727021769,
    "adaptive_strategy_selection": 1.0,
    "compression_elaboration_fit": 0.6752616800331815,
    "perspective_integration": 0.24133344887706523,
    "multi_turn_stability": 0.63305956372204
  },
  "contextual_modifiers": {},
  "difficulty_estimate": 0.4136506007633258,
  "payload_count": 10,
  "timestamp": 1773043438.2740247
}