{
  "episode_id": "dreampk_522f568ea041",
  "conversation_ids": [
    "68bb6076-97e4-832e-b3e3-e0776afd45bf",
    "6956dc29-69b8-8326-bdb0-cb362cad9366",
    "68f83cec-7bb0-8333-8100-82c735ce61d8",
    "68c263e3-6904-8329-b743-825bd95c9066",
    "684e93a5-0324-8009-8291-a235b56841a2",
    "688fc780-d32c-832e-b098-6794a2ce0904",
    "6920607f-a878-8332-90e2-f9a97851b37b",
    "682306b9-2a38-8009-be62-a753f5e5dc1f",
    "694f73ea-c5c4-8331-a672-7f63dca948d2",
    "6900f0ab-7af0-832b-9a8f-34095b935f39"
  ],
  "design_mode": "balanced",
  "rubric_profile": {
    "coherence_maintenance": 0.44041885502822903,
    "context_carryover": 0.22094894768414503,
    "ambiguity_handling": 0.6260000000000001,
    "contradiction_handling": 0.7126923076923076,
    "implied_intent_inference": 0.7509523809523808,
    "misunderstanding_repair": 0.6,
    "uncertainty_signaling": 0.40212774294670844,
    "boundary_calibration": 0.3526948051948052,
    "framing_selection": 0.8103825082570537,
    "emotional_calibration": 0.48747186147186145,
    "semantic_precision": 0.7136832863645737,
    "adaptive_strategy_selection": 0.775,
    "compression_elaboration_fit": 0.5975740200972743,
    "perspective_integration": 0.28822436184505157,
    "multi_turn_stability": 0.6269427673159315
  },
  "contextual_modifiers": {},
  "difficulty_estimate": 0.4396590770099784,
  "payload_count": 10,
  "timestamp": 1773043438.270372
}