{
  "episode_id": "dreampk_8749bc87de44",
  "conversation_ids": [
    "6845175e-7388-8009-a3a0-8932ebba3f72",
    "68446086-b0ec-8009-be58-cfb47c27a7ec",
    "684395a1-6870-8009-9f55-7e5b521fcc90",
    "6842ebbd-ce60-8009-b02d-4d9bb69cb7da",
    "684258e3-3ec8-8009-9286-a8e9cb1b76e1",
    "6840f936-d3e8-8009-a4fe-2abe31176540",
    "683ffd30-9e24-8009-8f20-147d4a1fcf52",
    "683feb09-b8fc-8009-ac23-29eb8eda5b3b",
    "683fad4f-8000-8009-a3ac-805125b4669f",
    "683e7647-3e4c-8009-867e-63164bddbe93"
  ],
  "design_mode": "balanced",
  "rubric_profile": {
    "coherence_maintenance": 0.310391547397027,
    "context_carryover": 0.18856190008388798,
    "ambiguity_handling": 0.808231884057971,
    "contradiction_handling": 0.7985452003495838,
    "implied_intent_inference": 0.7671856614411465,
    "misunderstanding_repair": 0.4255058322226084,
    "uncertainty_signaling": 0.3606079512187431,
    "boundary_calibration": 0.43028105267977945,
    "framing_selection": 0.9300883318257605,
    "emotional_calibration": 0.4829541701468191,
    "semantic_precision": 0.5330150822459963,
    "adaptive_strategy_selection": 1.0,
    "compression_elaboration_fit": 0.6386799601725398,
    "perspective_integration": 0.23038231943495102,
    "multi_turn_stability": 0.6215421788779454
  },
  "contextual_modifiers": {},
  "difficulty_estimate": 0.4316017951896828,
  "payload_count": 10,
  "timestamp": 1773043097.5752275
}