{
  "episode_id": "dreampk_983ff6547524",
  "conversation_ids": [
    "684b9dbc-35f8-8009-bc73-a574ae23985a",
    "684b9d52-23e8-8009-8c39-7c99ecd7a2e3",
    "684b8fb3-1b70-8009-8d11-0985bf7df104",
    "684b6ddc-dbf4-8009-9b7c-04c702fc0d4c",
    "684a3504-f034-8009-b42f-538aa5f4dba5",
    "6849f260-0700-8009-8832-4a4493750b7e",
    "6849daf3-6024-8009-b8cd-5dd20f362fd4",
    "684929fe-4e4c-8009-88cc-db2dcd6e4580",
    "6848396f-9268-8009-82f0-60c1c49a2d9c",
    "684662b9-b020-8009-a938-4dc003e22f26"
  ],
  "design_mode": "balanced",
  "rubric_profile": {
    "coherence_maintenance": 0.3529071421878243,
    "context_carryover": 0.22073515981478659,
    "ambiguity_handling": 0.738,
    "contradiction_handling": 0.8233804213769848,
    "implied_intent_inference": 0.7966737445768804,
    "misunderstanding_repair": 0.4217870752603482,
    "uncertainty_signaling": 0.3259940348357283,
    "boundary_calibration": 0.38277143846895906,
    "framing_selection": 0.8658884027508197,
    "emotional_calibration": 0.4972116662725024,
    "semantic_precision": 0.6036770809554101,
    "adaptive_strategy_selection": 0.925,
    "compression_elaboration_fit": 0.5398535881719352,
    "perspective_integration": 0.20343669250645996,
    "multi_turn_stability": 0.686970657896196
  },
  "contextual_modifiers": {},
  "difficulty_estimate": 0.4410475263283443,
  "payload_count": 10,
  "timestamp": 1773043438.2915623
}