{
  "episode_id": "dreampk_6727483c8a3a",
  "conversation_ids": [
    "693e9962-0b5c-8332-9140-2da8a6266440",
    "693ddd54-6f9c-832b-b37c-e962ed513714",
    "693e3fd4-4258-8333-b798-15a9ac966b09",
    "693d94e0-69cc-8325-9fe8-304d9ef9d74a",
    "693bfa08-222c-8333-9720-91f2e72d83fd",
    "693af4ef-5aac-8333-8284-84e4f1d0fce3",
    "693a6f3a-316c-832d-83e6-62f923156b6c",
    "693ad6a9-80a8-8331-b1a6-b6c8922099ce",
    "693a3c54-327c-8331-a656-ace7732ca321",
    "69387088-16e8-8326-8c66-6068e0d57ca8"
  ],
  "design_mode": "balanced",
  "rubric_profile": {
    "coherence_maintenance": 0.35196755463053403,
    "context_carryover": 0.21193192399566088,
    "ambiguity_handling": 0.7242857142857144,
    "contradiction_handling": 0.8782594510748769,
    "implied_intent_inference": 0.7585027993947489,
    "misunderstanding_repair": 0.7054545456659415,
    "uncertainty_signaling": 0.3343998795479197,
    "boundary_calibration": 0.3820834574898083,
    "framing_selection": 0.8621867771821666,
    "emotional_calibration": 0.495320458581516,
    "semantic_precision": 0.44199973905290013,
    "adaptive_strategy_selection": 1.0,
    "compression_elaboration_fit": 0.616107659535319,
    "perspective_integration": 0.23933901271034067,
    "multi_turn_stability": 0.6340044977121337
  },
  "contextual_modifiers": {},
  "difficulty_estimate": 0.4242771019426945,
  "payload_count": 10,
  "timestamp": 1773043438.2749012
}