{
  "episode_id": "dreampk_b0584e6e60eb",
  "conversation_ids": [
    "69315ca5-f3dc-832c-b40e-fe1143af6e90",
    "693143c0-cb5c-832b-9882-018852c5efa6",
    "69309c89-4230-8328-a5dd-bc97fd7b6079",
    "692fbf6e-392c-8333-abf6-9207dbaa0db9",
    "692fa627-7f90-8325-acee-38554e2906e1",
    "692faac2-4318-832d-b627-5b0c550ffdaa",
    "692f5132-1400-8330-8ff2-676524bcfc95",
    "692e1169-0544-8326-92b4-24a5512b0be6",
    "692b7ca1-d850-8325-aab6-afa92adf210f",
    "692c931d-6f54-8331-b694-188b603b179a"
  ],
  "design_mode": "balanced",
  "rubric_profile": {
    "coherence_maintenance": 0.30523677327604093,
    "context_carryover": 0.20369411862284875,
    "ambiguity_handling": 0.692857142857143,
    "contradiction_handling": 0.8911112536144017,
    "implied_intent_inference": 0.7715137987012988,
    "misunderstanding_repair": 0.5623197332468856,
    "uncertainty_signaling": 0.34183456505180665,
    "boundary_calibration": 0.2680647477522477,
    "framing_selection": 0.7878812244408868,
    "emotional_calibration": 0.5064152167277167,
    "semantic_precision": 0.4928167012024134,
    "adaptive_strategy_selection": 1.0,
    "compression_elaboration_fit": 0.47672700628678893,
    "perspective_integration": 0.22428475566927553,
    "multi_turn_stability": 0.6556348708168284
  },
  "contextual_modifiers": {},
  "difficulty_estimate": 0.4546405394488945,
  "payload_count": 10,
  "timestamp": 1773045216.2324846
}