{
  "episode_id": "dreampk_75eac3927bed",
  "conversation_ids": [
    "68480b9c-da74-8009-9365-8ce7e70a3f88",
    "68453380-4144-8009-b7ed-bb801f9f540e",
    "6845175e-7388-8009-a3a0-8932ebba3f72",
    "68446086-b0ec-8009-be58-cfb47c27a7ec",
    "684395a1-6870-8009-9f55-7e5b521fcc90",
    "6842ebbd-ce60-8009-b02d-4d9bb69cb7da",
    "684258e3-3ec8-8009-9286-a8e9cb1b76e1",
    "6840f936-d3e8-8009-a4fe-2abe31176540",
    "683ffd30-9e24-8009-8f20-147d4a1fcf52",
    "683feb09-b8fc-8009-ac23-29eb8eda5b3b"
  ],
  "design_mode": "balanced",
  "rubric_profile": {
    "coherence_maintenance": 0.32610257666526465,
    "context_carryover": 0.18409963341662477,
    "ambiguity_handling": 0.8186666666666668,
    "contradiction_handling": 0.828336908641292,
    "implied_intent_inference": 0.7765021892247401,
    "misunderstanding_repair": 0.41455678127355744,
    "uncertainty_signaling": 0.3711883707991627,
    "boundary_calibration": 0.4289985148583195,
    "framing_selection": 0.9055602374533145,
    "emotional_calibration": 0.48586478049455517,
    "semantic_precision": 0.5286366110607805,
    "adaptive_strategy_selection": 1.0,
    "compression_elaboration_fit": 0.6137308136354729,
    "perspective_integration": 0.23051019156282315,
    "multi_turn_stability": 0.5993982822982667
  },
  "contextual_modifiers": {},
  "difficulty_estimate": 0.4325231627966105,
  "payload_count": 10,
  "timestamp": 1773043438.2922454
}