{
  "episode_id": "dreampk_74fbf6ba233c",
  "conversation_ids": [
    "68fcd15e-95f8-8328-b3b2-6dcb153bc887",
    "68fec3bb-8ab0-8328-832f-64b1cb4c413f",
    "68fd562a-70e8-8327-9352-00bfa169fbab",
    "68fb727e-e1cc-832f-97ad-138b8e22dad5",
    "68fa5c18-24b4-8329-9acb-83fda37fd794",
    "68fc1d21-c3e0-8331-873c-38a4e2667e28",
    "68fc1289-a264-8328-ae4b-3e925d3bae5d",
    "68fafc75-b8b8-8329-a23a-71de66b5558f",
    "68fa2f4e-5510-8331-9e24-496db205e323",
    "68f9b2ee-f9a0-8331-9c46-f067727fc746"
  ],
  "design_mode": "balanced",
  "rubric_profile": {
    "coherence_maintenance": 0.2983429922396817,
    "context_carryover": 0.21895927459352887,
    "ambiguity_handling": 0.648103745716649,
    "contradiction_handling": 0.773386032546233,
    "implied_intent_inference": 0.7726569380866812,
    "misunderstanding_repair": 0.5475097953969621,
    "uncertainty_signaling": 0.4213324202233604,
    "boundary_calibration": 0.35221234251195155,
    "framing_selection": 0.946264026775115,
    "emotional_calibration": 0.4962736647368867,
    "semantic_precision": 0.49377986544184826,
    "adaptive_strategy_selection": 1.0,
    "compression_elaboration_fit": 0.5326166954960401,
    "perspective_integration": 0.22234066646507564,
    "multi_turn_stability": 0.623626448596118
  },
  "contextual_modifiers": {},
  "difficulty_estimate": 0.44350633941159123,
  "payload_count": 10,
  "timestamp": 1773043438.2781308
}