{
  "episode_id": "dreampk_2943d5652e74",
  "conversation_ids": [
    "6899f05d-5a98-8331-8098-05ee8347942e",
    "689975b5-1448-8320-80ea-1e8ef582eee0",
    "689925dd-5f68-832f-80bd-3a4b351e2df8",
    "68991bd0-2fac-8325-803c-28e9cd7a7217",
    "6898f425-d34c-8326-a85d-982e2bc53a67",
    "6898b0ed-646c-832f-b5c9-8e139a24647f",
    "6897c886-4de4-832a-a26d-0fe714e1c403",
    "6897d728-92b4-8325-a4f2-ff2367a714d1",
    "68974f1a-63a4-8321-9025-8107673d1c9a",
    "68971a75-c408-8327-a453-5343defb8529"
  ],
  "design_mode": "balanced",
  "rubric_profile": {
    "coherence_maintenance": 0.3451741877597637,
    "context_carryover": 0.1837759509128615,
    "ambiguity_handling": 0.6533333333333333,
    "contradiction_handling": 0.638363997113997,
    "implied_intent_inference": 0.7625725338491296,
    "misunderstanding_repair": 0.4691432178932179,
    "uncertainty_signaling": 0.33615981240981246,
    "boundary_calibration": 0.3922288845905868,
    "framing_selection": 0.898503679173416,
    "emotional_calibration": 0.49131871910595315,
    "semantic_precision": 0.6485654711522357,
    "adaptive_strategy_selection": 0.9,
    "compression_elaboration_fit": 0.5486553359679195,
    "perspective_integration": 0.19999999999999998,
    "multi_turn_stability": 0.666935866023757
  },
  "contextual_modifiers": {},
  "difficulty_estimate": 0.45768460071426775,
  "payload_count": 10,
  "timestamp": 1773043438.2835836
}