{
  "episode_id": "dreampk_7c5061346544",
  "conversation_ids": [
    "683d962f-4904-8009-ac80-6711a1588914",
    "683ce16f-17f0-8009-bde5-a6401e6ca13f",
    "683c19bf-6644-8009-90ca-cdfb2e0f15a9",
    "683a1e8d-92c8-8009-bb60-e3d82aab4713",
    "683be040-c530-8009-9afb-58c683ceabd5",
    "683a8742-4f34-8009-ac59-cb2747a22207",
    "68398346-df4c-8009-aa9e-a3a4c1e053b8",
    "68394d5e-dd58-8009-9d90-2683dc5e0ab1",
    "68392d16-189c-8009-b3d1-9bb690ca9829",
    "6838db32-5f0c-8009-b885-c455804d3801"
  ],
  "design_mode": "balanced",
  "rubric_profile": {
    "coherence_maintenance": 0.2707388630680047,
    "context_carryover": 0.15489276508656608,
    "ambiguity_handling": 0.6456288156288157,
    "contradiction_handling": 0.8438428788785004,
    "implied_intent_inference": 0.7959646079529709,
    "misunderstanding_repair": 0.3934481287917067,
    "uncertainty_signaling": 0.3119462576779208,
    "boundary_calibration": 0.46803530110712244,
    "framing_selection": 0.9468539496600483,
    "emotional_calibration": 0.4942411539670991,
    "semantic_precision": 0.4890039460916931,
    "adaptive_strategy_selection": 1.0,
    "compression_elaboration_fit": 0.6336680537929585,
    "perspective_integration": 0.2070669531301017,
    "multi_turn_stability": 0.7622784152697428
  },
  "contextual_modifiers": {},
  "difficulty_estimate": 0.4388259939931166,
  "payload_count": 10,
  "timestamp": 1773043097.5766084
}