{
  "episode_id": "dreampk_1b8a84801601",
  "conversation_ids": [
    "69387088-16e8-8326-8c66-6068e0d57ca8",
    "6937e257-b084-8331-b764-2810791b90b8",
    "6932fb48-5844-832e-a2d5-31c64fd05049",
    "69363776-c200-8328-b218-842a0307194f",
    "6936bcdf-e674-832f-9436-abac6b3e83cd",
    "693662be-c984-832b-8ef2-bef3a8f8eec5",
    "69347e8b-cf54-832a-9294-ab26bfc9cf41",
    "6934e43d-f3b0-8329-bf95-fd2cee5bd814",
    "69339466-e408-8331-9915-09f2c5e9eeb6",
    "6931f774-5730-8332-a580-28c9dac562cf"
  ],
  "design_mode": "balanced",
  "rubric_profile": {
    "coherence_maintenance": 0.3171320749769938,
    "context_carryover": 0.23040634728904935,
    "ambiguity_handling": 0.6454285714285715,
    "contradiction_handling": 0.8696789978097661,
    "implied_intent_inference": 0.7658178239742083,
    "misunderstanding_repair": 0.6450137789212752,
    "uncertainty_signaling": 0.32532096338035127,
    "boundary_calibration": 0.3151761441571342,
    "framing_selection": 0.9933133945544446,
    "emotional_calibration": 0.4969667636285283,
    "semantic_precision": 0.3890222202339742,
    "adaptive_strategy_selection": 1.0,
    "compression_elaboration_fit": 0.570831081472367,
    "perspective_integration": 0.23894505756522927,
    "multi_turn_stability": 0.6631088375709548
  },
  "contextual_modifiers": {},
  "difficulty_estimate": 0.43558919620247694,
  "payload_count": 10,
  "timestamp": 1773045216.2322536
}