{
  "episode_id": "dreampk_c48ffb0e6782",
  "conversation_ids": [
    "693143c0-cb5c-832b-9882-018852c5efa6",
    "69309c89-4230-8328-a5dd-bc97fd7b6079",
    "692fbf6e-392c-8333-abf6-9207dbaa0db9",
    "693025bc-073c-8327-af50-b627523a35bb",
    "692fa627-7f90-8325-acee-38554e2906e1",
    "692faac2-4318-832d-b627-5b0c550ffdaa",
    "692f5132-1400-8330-8ff2-676524bcfc95",
    "692e1169-0544-8326-92b4-24a5512b0be6",
    "692b7ca1-d850-8325-aab6-afa92adf210f",
    "692c931d-6f54-8331-b694-188b603b179a"
  ],
  "design_mode": "balanced",
  "rubric_profile": {
    "coherence_maintenance": 0.29188832235579315,
    "context_carryover": 0.19029318980880705,
    "ambiguity_handling": 0.692857142857143,
    "contradiction_handling": 0.8911112536144017,
    "implied_intent_inference": 0.7600852272727272,
    "misunderstanding_repair": 0.5639775581805726,
    "uncertainty_signaling": 0.34594597088735035,
    "boundary_calibration": 0.2449878246753247,
    "framing_selection": 0.8409269236597758,
    "emotional_calibration": 0.5033382936507936,
    "semantic_precision": 0.48167892317115985,
    "adaptive_strategy_selection": 1.0,
    "compression_elaboration_fit": 0.4682654678252505,
    "perspective_integration": 0.22428475566927553,
    "multi_turn_stability": 0.6379456859169671
  },
  "contextual_modifiers": {},
  "difficulty_estimate": 0.45749423069697714,
  "payload_count": 10,
  "timestamp": 1773043438.2756004
}