{
  "law_biases": {
    "CHAOS": 1.3500000000000003,
    "COLLISION": 1.3500000000000003
  },
  "variable_offsets": {}
}