{
  "corpus_fingerprint": "5adef57486471dbc4ab16e0e19e17d35",
  "passes": {
    "observer": {
      "started": true,
      "done": true,
      "i": 65219,
      "counter": 65219
    },
    "responder": {
      "started": true,
      "done": true,
      "i": 65219,
      "counter": 26208,
      "last_sim": 0.09076741440377804,
      "gate_scores": [
        0.18053097345132743,
        0.1887603305785124,
        0.21147186147186145,
        0.11214953271028037,
        0.16783216783216784,
        0.1222222222222222,
        0.07894736842105263,
        0.16632996632996633,
        0.09275362318840578,
        0.13432835820895522,
        0.12701149425287356,
        0.12453416149068322,
        0.09375,
        0.09202898550724638,
        0.13535638673253353,
        0.15130770581007547,
        0.10892857142857143,
        0.17917050691244238,
        0.17119402985074628,
        0.05250564334085779,
        0.030152200740436032,
        0.08244274809160305,
        0.1845647058823529,
        0.14532871972318337,
        0.16842105263157894,
        0.0760806916426513,
        0.10836894586894587,
        0.13262773722627738,
        0.0987012987012987,
        0.14018283531177514,
        0.06699604743083004,
        0.009972299168975069,
        0.021099290780141843,
        0.12,
        0.1263157894736842,
        0.15085714285714286,
        0.2605128205128205,
        0.09855072463768116,
        0.05838291380625477,
        0.027614138438880706,
        0.16335078534031414,
        0.19238095238095237,
        0.2119281045751634,
        0.014346349745331069,
        0.02902665674432805,
        0.1188118811881188,
        0.18108374384236453,
        0.2156370380938793,
        0.0430523840359906,
        0.04865710279365764,
        0.025534804753820035,
        0.022920734088246776,
        0.026751117734724293,
        0.04494119265424032,
        0.03171497584541063,
        0.0529113924050633,
        0.04225030574806359,
        0.017877094972067038,
        0.030272792068943174,
        0.016373327969425727,
        0.041061692969870875,
        0.09999999999999999,
        0.03115995115995116,
        0.032198581560283684,
        0.02528542242518928,
        0.019834710743801654,
        0.02014230979748221,
        0.041340123291342804,
        0.12657025685301102,
        0.11998779371376259,
        0.14933333333333335,
        0.19761904761904764,
        0.1663704716336295,
        0.19944186046511628,
        0.030208089782557866,
        0.19020825721592985,
        0.037037037037037035,
        0.15789915966386556,
        0.03601532567049809,
        0.02491718807508281,
        0.020112044817927173,
        0.157375696306994,
        0.06401920768307323,
        0.015228426395939085,
        0.12895522388059702,
        0.03890818858560794,
        0.024131374243733794,
        0.03549066827212522,
        0.03501530924678506,
        0.03175321426240564,
        0.024702120370017892,
        0.03069375582479031,
        0.029280894544052437,
        0.018879359634076616,
        0.01046207497820401,
        0.04718488399904329,
        0.0202385656533199,
        0.028767358134750558,
        0.03837856565423259,
        0.03200905823856644,
        0.026622915493302642,
        0.17169435215946843,
        0.02895404859348288,
        0.030386526197103695,
        0.022164246823956443,
        0.01616491862567812,
        0.016129032258064516,
        0.030981698363239142,
        0.02198581560283688,
        0.034878105150744756,
        0.017373530914665303,
        0.038923444976076554,
        0.037542574384679644,
        0.043551551798605544,
        0.020949768558203324,
        0.035583464154892726,
        0.034591679506933745,
        0.02234917547911349,
        0.05725359911406423,
        0.022635658914728685,
        0.17987665198237884,
        0.02581032412965186,
        0.09129904097646033,
        0.21668235737149313,
        0.1099236641221374,
        0.15023454157782515,
        0.13236914600550964,
        0.1834219495569189,
        0.03207692307692308,
        0.10909090909090909,
        0.1894927536231884,
        0.19896551724137929,
        0.14202898550724635,
        0.1361111111111111,
        0.16000728464760516,
        0.15067563240473902,
        0.15088863182248397,
        0.20533151059466848,
        0.13647058823529412,
        0.09435897435897436,
        0.07228915662650602,
        0.1409090909090909,
        0.19027027027027027,
        0.1023696682464455,
        0.16143497757847533,
        0.10665306122448978,
        0.1681513828238719,
        0.1821353065539112,
        0.17733333333333332,
        0.07636363636363636,
        0.1168141592920354,
        0.054857142857142854,
        0.1188118811881188,
        0.10434782608695652,
        0.11811023622047244,
        0.16574585635359115,
        0.021359733660417032,
        0.04670588235294118,
        0.22325581395348837,
        0.17379310344827587,
        0.15806451612903225,
        0.16382775119617227,
        0.024822429906542057,
        0.19375527426160336,
        0.1047047047047047,
        0.1593158953722334,
        0.1381578947368421,
        0.10995670995670995,
        0.14838709677419354,
        0.14275891706059304,
        0.146031746031746,
        0.043748146683799546,
        0.03382456140350877,
        0.0984126984126984,
        0.1391304347826087,
        0.10638297872340426,
        0.1860027662517289,
        0.1057611844222723,
        0.20358208955223878,
        0.2015082956259427,
        0.032742268041237116,
        0.19169527757984062,
        0.053012516520251886,
        0.033368451297768414,
        0.033793103448275866,
        0.04497297297297297,
        0.044172084486888356,
        0.04084584653533545,
        0.06075049374588545,
        0.03082604470359572,
        0.05852764484268405,
        0.14616470588235292,
        0.17629513343799055,
        0.2383333333333333,
        0.046804865513106045,
        0.15633802816901407,
        0.047261815453863466,
        0.055498030667096035,
        0.03488372093023256,
        0.09076741440377804
      ]
    },
    "reverse": {
      "started": true,
      "done": true,
      "i": 65219,
      "counter": 26208,
      "last_sim": 0.09076741440377804,