{
  "total_fails": 1583,
  "records": {
    "coherence_maintenance": {
      "fail_count": 209,
      "severity_sum": 17.966133139195,
      "recent": [
        0.11336274509803922,
        0.05,
        0.13654903846153849,
        0.19359404024767804,
        0.19181250000000002,
        0.13654903846153849,
        0.19359404024767804,
        0.07805357142857143,
        0.16795972222222225,
        0.12055555555555555,
        0.1807084249084249,
        0.10205822649572652,
        0.05,
        0.07577777777777778,
        0.1937930555555556,
        0.1941590277777778,
        0.18690416666666668,
        0.10656250000000002,
        0.05683333333333333,
        0.09235416666666668
      ],
      "examples": []
    },
    "context_carryover": {
      "fail_count": 445,
      "severity_sum": 222.5,
      "recent": [
        0.5,
        0.5,
        0.5,
        0.5,
        0.5,
        0.5,
        0.5,
        0.5,
        0.5,
        0.5,
        0.5,
        0.5,
        0.5,
        0.5,
        0.5,
        0.5,
        0.5,
        0.5,
        0.5,
        0.5
      ],
      "examples": []
    },
    "ambiguity_handling": {
      "fail_count": 7,
      "severity_sum": 3.5,
      "recent": [
        0.5,
        0.5,
        0.5,
        0.5,
        0.5,
        0.5,
        0.5
      ],
      "examples": []
    },
    "contradiction_handling": {
      "fail_count": 436,
      "severity_sum": 218.0,
      "recent": [
        0.5,
        0.5,
        0.5,
        0.5,
        0.5,
        0.5,
        0.5,
        0.5,
        0.5,
        0.5,
        0.5,
        0.5,
        0.5,
        0.5,
        0.5,
        0.5,
        0.5,
        0.5,
        0.5,
        0.5
      ],
      "examples": []
    },
    "implied_intent_inference": {
      "fail_count": 92,
      "severity_sum": 46.0,
      "recent": [
        0.5,
        0.5,
        0.5,
        0.5,
        0.5,
        0.5,
        0.5,
        0.5,
        0.5,
        0.5,
        0.5,
        0.5,
        0.5,
        0.5,
        0.5,
        0.5,
        0.5,
        0.5,
        0.5,
        0.5
      ],
      "examples": []
    },
    "misunderstanding_repair": {
      "fail_count": 0,
      "severity_sum": 0.0,
      "recent": [],
      "examples": []
    },
    "uncertainty_signaling": {
      "fail_count": 302,
      "severity_sum": 151.0,
      "recent": [
        0.5,
        0.5,
        0.5,
        0.5,
        0.5,
        0.5,
        0.5,
        0.5,
        0.5,
        0.5,
        0.5,
        0.5,
        0.5,
        0.5,
        0.5,
        0.5,
        0.5,
        0.5,
        0.5,
        0.5
      ],
      "examples": []
    },
    "boundary_calibration": {
      "fail_count": 8,
      "severity_sum": 4.0,
      "recent": [
        0.5,
        0.5,
        0.5,
        0.5,
        0.5,
        0.5,
        0.5,
        0.5
      ],
      "examples": []
    },
    "framing_selection": {
      "fail_count": 0,
      "severity_sum": 0.0,
      "recent": [],
      "examples": []
    },
    "emotional_calibration": {
      "fail_count": 0,
      "severity_sum": 0.0,
      "recent": [],
      "examples": []
    },
    "semantic_precision": {
      "fail_count": 1,
      "severity_sum": 0.28,
      "recent": [
        0.28
      ],
      "examples": [
        {
          "conversation_id": "pressure_route_articulation_gap_semantic_precision",
          "source": "",
          "dimension_score": 0.0,
          "user_turns": [
            "[PRESSURE ROUTING] articulation_gap signal at 0.20 \u2014 training needed on semantic_precision."
          ],
          "assistant_turns": [],
          "timestamp": 1781247356.4752748
        }
      ]
    },
    "adaptive_strategy_selection": {
      "fail_count": 0,
      "severity_sum": 0.0,
      "recent": [],
      "examples": []
    },
    "compression_elaboration_fit": {
      "fail_count": 1,
      "severity_sum": 0.28,
      "recent": [
        0.28
      ],
      "examples": [
        {
          "conversation_id": "pressure_route_articulation_gap_compression_elaboration_fit",
          "source": "",
          "dimension_score": 0.0,
          "user_turns": [
            "[PRESSURE ROUTING] articulation_gap signal at 0.20 \u2014 training needed on compression_elaboration_fit."
          ],
          "assistant_turns": [],
          "timestamp": 1781247356.4753115
        }
      ]
    },
    "perspective_integration": {
      "fail_count": 82,
      "severity_sum": 41.0,
      "recent": [
        0.5,
        0.5,
        0.5,
        0.5,
        0.5,
        0.5,
        0.5,
        0.5,
        0.5,
        0.5,
        0.5,
        0.5,
        0.5,
        0.5,
        0.5,
        0.5,
        0.5,
        0.5,
        0.5,
        0.5
      ],
      "examples": []
    },
    "multi_turn_stability": {
      "fail_count": 0,
      "severity_sum": 0.0,
      "recent": [],
      "examples": []
    }
  }
}