{
  "total_fails": 1125,
  "records": {
    "coherence_maintenance": {
      "fail_count": 180,
      "severity_sum": 14.066439466412566,
      "recent": [
        0.05,
        0.05,
        0.05,
        0.05,
        0.1057875,
        0.1057875,
        0.05,
        0.13420416666666668,
        0.07104166666666667,
        0.1057875,
        0.1045327380952381,
        0.07319444444444445,
        0.05,
        0.05398406862745098,
        0.05,
        0.05,
        0.05,
        0.1057875,
        0.1057875,
        0.05
      ],
      "examples": []
    },
    "context_carryover": {
      "fail_count": 315,
      "severity_sum": 157.5,
      "recent": [
        0.5,
        0.5,
        0.5,
        0.5,
        0.5,
        0.5,
        0.5,
        0.5,
        0.5,
        0.5,
        0.5,
        0.5,
        0.5,
        0.5,
        0.5,
        0.5,
        0.5,
        0.5,
        0.5,
        0.5
      ],
      "examples": []
    },
    "ambiguity_handling": {
      "fail_count": 0,
      "severity_sum": 0.0,
      "recent": [],
      "examples": []
    },
    "contradiction_handling": {
      "fail_count": 292,
      "severity_sum": 146.0,
      "recent": [
        0.5,
        0.5,
        0.5,
        0.5,
        0.5,
        0.5,
        0.5,
        0.5,
        0.5,
        0.5,
        0.5,
        0.5,
        0.5,
        0.5,
        0.5,
        0.5,
        0.5,
        0.5,
        0.5,
        0.5
      ],
      "examples": []
    },
    "implied_intent_inference": {
      "fail_count": 82,
      "severity_sum": 41.0,
      "recent": [
        0.5,
        0.5,
        0.5,
        0.5,
        0.5,
        0.5,
        0.5,
        0.5,
        0.5,
        0.5,
        0.5,
        0.5,
        0.5,
        0.5,
        0.5,
        0.5,
        0.5,
        0.5,
        0.5,
        0.5
      ],
      "examples": []
    },
    "misunderstanding_repair": {
      "fail_count": 0,
      "severity_sum": 0.0,
      "recent": [],
      "examples": []
    },
    "uncertainty_signaling": {
      "fail_count": 190,
      "severity_sum": 95.0,
      "recent": [
        0.5,
        0.5,
        0.5,
        0.5,
        0.5,
        0.5,
        0.5,
        0.5,
        0.5,
        0.5,
        0.5,
        0.5,
        0.5,
        0.5,
        0.5,
        0.5,
        0.5,
        0.5,
        0.5,
        0.5
      ],
      "examples": []
    },
    "boundary_calibration": {
      "fail_count": 4,
      "severity_sum": 2.0,
      "recent": [
        0.5,
        0.5,
        0.5,
        0.5
      ],
      "examples": []
    },
    "framing_selection": {
      "fail_count": 0,
      "severity_sum": 0.0,
      "recent": [],
      "examples": []
    },
    "emotional_calibration": {
      "fail_count": 0,
      "severity_sum": 0.0,
      "recent": [],
      "examples": []
    },
    "semantic_precision": {
      "fail_count": 0,
      "severity_sum": 0.0,
      "recent": [],
      "examples": []
    },
    "adaptive_strategy_selection": {
      "fail_count": 0,
      "severity_sum": 0.0,
      "recent": [],
      "examples": []
    },
    "compression_elaboration_fit": {
      "fail_count": 0,
      "severity_sum": 0.0,
      "recent": [],
      "examples": []
    },
    "perspective_integration": {
      "fail_count": 62,
      "severity_sum": 31.0,
      "recent": [
        0.5,
        0.5,
        0.5,
        0.5,
        0.5,
        0.5,
        0.5,
        0.5,
        0.5,
        0.5,
        0.5,
        0.5,
        0.5,
        0.5,
        0.5,
        0.5,
        0.5,
        0.5,
        0.5,
        0.5
      ],
      "examples": []
    },
    "multi_turn_stability": {
      "fail_count": 0,
      "severity_sum": 0.0,
      "recent": [],
      "examples": []
    }
  }
}