{
  "version": "1.0",
  "dims": {
    "grammar_complexity": 0.3601603063788683,
    "sentence_length_budget": 0.06700516137378228,
    "clause_depth": 0.33676918588852295,
    "tense_stability": 0.4569379974254827,
    "pronoun_stability": 0.6686213633457329,
    "metaphor_allowance": 0.06700516137378228,
    "uncertainty_tolerance": 0.06700516137378228,
    "self_reference_capability": 1.0,
    "dialogue_capability": 1.0,
    "abstraction_capability": 0.06700516137378228
  },
  "unlocked": [
    "pronoun_stability",
    "tense_stability",
    "clause_depth",
    "self_reference_capability",
    "grammar_complexity",
    "dialogue_capability"
  ],
  "tier": "semantic",
  "tier_index": 2,
  "evolution_cycles": 200,
  "timestamp": 1778892629.047226
}