{
  "version": "1.0",
  "dims": {
    "grammar_complexity": 0.07420798716088038,
    "sentence_length_budget": 0.07420798716088038,
    "clause_depth": 0.07420798716088038,
    "tense_stability": 0.1335764147251144,
    "pronoun_stability": 0.1346966491422536,
    "metaphor_allowance": 0.07420798716088038,
    "uncertainty_tolerance": 0.07420798716088038,
    "self_reference_capability": 0.07420798716088038,
    "dialogue_capability": 0.07420798716088038,
    "abstraction_capability": 0.07420798716088038
  },
  "unlocked": [
    "tense_stability",
    "pronoun_stability"
  ],
  "tier": "nascent",
  "tier_index": 0,
  "evolution_cycles": 149,
  "timestamp": 1771475461.1318178
}