{
 "version": 1,
 "observations": 4240,
 "flux": {
  "X>B": 0.06144,
  "T>B": 12.439141,
  "B>X": 7.308215,
  "B>T": 0.018705,
  "B>N": 21.90218,
  "N>A": 0.171213,
  "A>N": 1.740679,
  "A>X": 13.722582,
  "A>T": 0.031847,
  "A>B": 1.231026,
  "N>B": 23.567945,
  "N>X": 21.044103,
  "N>T": 0.021725,
  "X>N": 4.163322,
  "T>N": 16.147142,
  "X>T": 102.351764,
  "B>A": 0.019327,
  "T>X": 145.394457,
  "X>A": 11.147462
 },
 "prev_intensity": {
  "X": 2.0309999999999997,
  "T": 1.5,
  "N": 2.0,
  "B": 0.0,
  "A": 0.55
 },
 "saved_at": 1784610692.2667286
}