{
 "version": 1,
 "observations": 2002,
 "flux": {
  "X>B": 1.367307,
  "T>B": 10.270935,
  "B>X": 5.297439,
  "B>T": 0.416269,
  "B>N": 17.503928,
  "N>A": 3.810247,
  "A>N": 2.590358,
  "A>X": 10.696009,
  "A>T": 0.708717,
  "A>B": 1.98356,
  "N>B": 16.247224,
  "N>X": 14.275656,
  "N>T": 0.483407,
  "X>N": 2.438895,
  "T>N": 11.254084,
  "X>T": 72.965049,
  "B>A": 0.430094,
  "T>X": 104.500141,
  "X>A": 7.736903
 },
 "prev_intensity": {
  "X": 3.6925,
  "T": 2.0,
  "N": 2.0,
  "B": 0.0,
  "A": 0.55
 },
 "saved_at": 1784158546.3914256
}