{
 "version": 1,
 "observations": 38767,
 "flux": {
  "T>B": 0.015156,
  "B>X": 0.007685,
  "B>N": 0.033879,
  "A>N": 0.002605,
  "A>X": 0.08773,
  "A>B": 0.001166,
  "N>B": 0.023315,
  "N>X": 0.065161,
  "X>N": 0.026359,
  "T>N": 0.033879,
  "X>T": 0.516386,
  "T>X": 0.883401,
  "X>A": 0.057353
 },
 "prev_intensity": {
  "X": 0.0,
  "T": 0.0,
  "N": 0.6,
  "B": 0.0,
  "A": 0.0
 },
 "saved_at": 1784195010.8860502
}