{
 "version": 1,
 "observations": 3588,
 "flux": {
  "X>B": 0.151705,
  "T>B": 11.763365,
  "B>X": 6.721769,
  "B>T": 0.046187,
  "B>N": 20.552455,
  "N>A": 0.422752,
  "A>N": 1.718971,
  "A>X": 13.755715,
  "A>T": 0.078634,
  "A>B": 1.220001,
  "N>B": 21.80109,
  "N>X": 19.546589,
  "N>T": 0.053635,
  "X>N": 3.468199,
  "T>N": 14.887085,
  "X>T": 100.702498,
  "B>A": 0.047721,
  "T>X": 144.950988,
  "X>A": 10.584179
 },
 "prev_intensity": {
  "X": 3.6925,
  "T": 2.0,
  "N": 2.0,
  "B": 0.0,
  "A": 0.55
 },
 "saved_at": 1784459625.6450121
}