{
 "version": 1,
 "observations": 1972,
 "flux": {
  "X>B": 1.425371,
  "T>B": 10.138397,
  "B>X": 5.187698,
  "B>T": 0.433946,
  "B>N": 17.247245,
  "N>A": 3.972052,
  "A>N": 2.623436,
  "A>X": 10.564978,
  "A>T": 0.738813,
  "A>B": 2.014217,
  "N>B": 15.865653,
  "N>X": 13.905702,
  "N>T": 0.503935,
  "X>N": 2.419397,
  "T>N": 11.001894,
  "X>T": 71.62865,
  "B>A": 0.448358,
  "T>X": 102.718838,
  "X>A": 7.601154
 },
 "prev_intensity": {
  "X": 3.6925,
  "T": 2.0,
  "N": 2.0,
  "B": 0.0,
  "A": 0.55
 },
 "saved_at": 1784154987.4659164
}