{
 "version": 1,
 "observations": 4298,
 "flux": {
  "X>B": 0.056694,
  "T>B": 11.478125,
  "B>X": 6.7436,
  "B>T": 0.01726,
  "B>N": 20.210071,
  "N>A": 0.157986,
  "A>N": 1.6062,
  "A>X": 14.055646,
  "A>T": 0.029388,
  "A>B": 1.135921,
  "N>B": 21.747143,
  "N>X": 21.148411,
  "N>T": 0.020047,
  "X>N": 4.904812,
  "T>N": 14.899654,
  "X>T": 101.437532,
  "B>A": 0.017834,
  "T>X": 143.529847,
  "X>A": 11.647287
 },
 "prev_intensity": {
  "X": 2.0309999999999997,
  "T": 2.0,
  "N": 2.0,
  "B": 0.0,
  "A": 0.55
 },
 "saved_at": 1784671615.586815
}