{
 "version": 1,
 "observations": 4470,
 "flux": {
  "X>B": 0.044667,
  "T>B": 9.043085,
  "B>X": 5.312971,
  "B>T": 0.0136,
  "B>N": 15.922581,
  "N>A": 0.12447,
  "A>N": 1.265452,
  "A>X": 14.899571,
  "A>T": 0.023153,
  "A>B": 0.89494,
  "N>B": 17.133571,
  "N>X": 20.757063,
  "N>T": 0.015792,
  "X>N": 6.380729,
  "T>N": 11.73875,
  "X>T": 99.336748,
  "B>A": 0.014048,
  "T>X": 141.06692,
  "X>A": 12.961437
 },
 "prev_intensity": {
  "X": 2.0309999999999997,
  "T": 1.5,
  "N": 2.0,
  "B": 0.0,
  "A": 0.55
 },
 "saved_at": 1784829960.3976665
}