{
 "version": 1,
 "observations": 9629,
 "flux": {
  "X>B": 3.4e-05,
  "T>B": 0.151945,
  "B>X": 0.061664,
  "B>T": 1.2e-05,
  "B>N": 0.234217,
  "N>A": 9.9e-05,
  "A>N": 0.018049,
  "A>X": 0.746603,
  "A>T": 1.9e-05,
  "A>B": 0.013605,
  "N>B": 0.271444,
  "N>X": 0.185081,
  "N>T": 1.2e-05,
  "X>N": 0.149264,
  "T>N": 0.179087,
  "X>T": 4.470476,
  "B>A": 1.2e-05,
  "T>X": 8.337423,
  "X>A": 0.455311
 },
 "prev_intensity": {
  "X": 0.0,
  "T": 0.0,
  "N": 0.6,
  "B": 0.0,
  "A": 0.0
 },
 "saved_at": 1784161031.3082294
}