{
 "version": 1,
 "observations": 1648,
 "flux": {
  "X>B": 2.233546,
  "T>B": 9.712108,
  "B>X": 4.468431,
  "B>T": 0.67999,
  "B>N": 16.089216,
  "N>A": 6.224181,
  "A>N": 3.26959,
  "A>X": 8.433199,
  "A>T": 1.157717,
  "A>B": 2.573781,
  "N>B": 13.211642,
  "N>X": 11.043956,
  "N>T": 0.789665,
  "X>N": 2.121911,
  "T>N": 9.254675,
  "X>T": 53.109546,
  "B>A": 0.702574,
  "T>X": 74.88177,
  "X>A": 5.720024
 },
 "prev_intensity": {
  "X": 3.6925,
  "T": 2.0,
  "N": 2.0,
  "B": 0.0,
  "A": 0.55
 },
 "saved_at": 1784103039.352318
}