{
 "version": 1,
 "observations": 2092,
 "flux": {
  "X>B": 1.206926,
  "T>B": 10.637026,
  "B>X": 5.600562,
  "B>T": 0.367442,
  "B>N": 18.212926,
  "N>A": 3.363316,
  "A>N": 2.498991,
  "A>X": 11.057938,
  "A>T": 0.625587,
  "A>B": 1.898881,
  "N>B": 17.301182,
  "N>X": 15.297525,
  "N>T": 0.426705,
  "X>N": 2.492752,
  "T>N": 11.950673,
  "X>T": 76.656389,
  "B>A": 0.379645,
  "T>X": 109.420376,
  "X>A": 8.111862
 },
 "prev_intensity": {
  "X": 3.6925,
  "T": 2.0,
  "N": 2.0,
  "B": 0.0,
  "A": 0.55
 },
 "saved_at": 1784182764.3524086
}