{
 "version": 1,
 "observations": 3472,
 "flux": {
  "X>B": 0.178172,
  "T>B": 11.991604,
  "B>X": 6.82096,
  "B>T": 0.054245,
  "B>N": 20.93073,
  "N>A": 0.496507,
  "A>N": 1.772147,
  "A>X": 13.640713,
  "A>T": 0.092352,
  "A>B": 1.261008,
  "N>B": 22.167812,
  "N>X": 19.825779,
  "N>T": 0.062992,
  "X>N": 3.550253,
  "T>N": 15.142622,
  "X>T": 100.303871,
  "B>A": 0.056046,
  "T>X": 143.48604,
  "X>A": 10.525225
 },
 "prev_intensity": {
  "X": 3.6925,
  "T": 2.0,
  "N": 2.0,
  "B": 0.0,
  "A": 0.55
 },
 "saved_at": 1784426025.1329272
}