{
 "version": 1,
 "observations": 2782,
 "flux": {
  "X>B": 0.463725,
  "T>B": 11.076479,
  "B>X": 6.243255,
  "B>T": 0.141179,
  "B>N": 19.221115,
  "N>A": 1.292249,
  "A>N": 1.900418,
  "A>X": 13.031711,
  "A>T": 0.240362,
  "A>B": 1.385047,
  "N>B": 19.756663,
  "N>X": 17.797181,
  "N>T": 0.163949,
  "X>N": 2.762417,
  "T>N": 13.451815,
  "X>T": 93.584529,
  "B>A": 0.145867,
  "T>X": 135.138922,
  "X>A": 9.842718
 },
 "prev_intensity": {
  "X": 3.6925,
  "T": 2.0,
  "N": 2.0,
  "B": 0.0,
  "A": 0.55
 },
 "saved_at": 1784317576.964254
}