{
 "version": 1,
 "observations": 2752,
 "flux": {
  "X>B": 0.483417,
  "T>B": 10.978149,
  "B>X": 6.173678,
  "B>T": 0.147174,
  "B>N": 19.037354,
  "N>A": 1.347125,
  "A>N": 1.904198,
  "A>X": 12.999867,
  "A>T": 0.250569,
  "A>B": 1.390288,
  "N>B": 19.524123,
  "N>X": 17.576772,
  "N>T": 0.170911,
  "X>N": 2.756657,
  "T>N": 13.292953,
  "X>T": 93.123752,
  "B>A": 0.152061,
  "T>X": 134.658718,
  "X>A": 9.796394
 },
 "prev_intensity": {
  "X": 3.6925,
  "T": 2.0,
  "N": 2.0,
  "B": 0.0,
  "A": 0.55
 },
 "saved_at": 1784312165.053767
}