{
 "version": 1,
 "observations": 4558,
 "flux": {
  "X>B": 0.039537,
  "T>B": 8.004522,
  "B>X": 4.702796,
  "B>T": 0.012038,
  "B>N": 14.093933,
  "N>A": 0.110174,
  "A>N": 1.120119,
  "A>X": 15.259512,
  "A>T": 0.020494,
  "A>B": 0.79216,
  "N>B": 15.165844,
  "N>X": 20.631607,
  "N>T": 0.013978,
  "X>N": 7.035693,
  "T>N": 10.390596,
  "X>T": 98.350733,
  "B>A": 0.012434,
  "T>X": 140.207222,
  "X>A": 13.456598
 },
 "prev_intensity": {
  "X": 2.0309999999999997,
  "T": 1.5,
  "N": 2.0,
  "B": 0.0,
  "A": 0.55
 },
 "saved_at": 1784907175.2858596
}