{
 "version": 1,
 "observations": 4554,
 "flux": {
  "X>B": 0.039757,
  "T>B": 8.049032,
  "B>X": 4.728946,
  "B>T": 0.012105,
  "B>N": 14.172303,
  "N>A": 0.110787,
  "A>N": 1.126348,
  "A>X": 15.244086,
  "A>T": 0.020608,
  "A>B": 0.796565,
  "N>B": 15.250175,
  "N>X": 20.546053,
  "N>T": 0.014056,
  "X>N": 6.951748,
  "T>N": 10.448374,
  "X>T": 98.458486,
  "B>A": 0.012503,
  "T>X": 140.535397,
  "X>A": 13.415813
 },
 "prev_intensity": {
  "X": 2.0309999999999997,
  "T": 1.5,
  "N": 2.0,
  "B": 0.0,
  "A": 0.55
 },
 "saved_at": 1784901486.2629502
}