{
 "version": 1,
 "observations": 17069,
 "flux": {
  "T>B": 0.014608,
  "B>X": 0.007406,
  "B>N": 0.032651,
  "A>N": 0.002512,
  "A>X": 0.737817,
  "A>B": 0.001124,
  "N>B": 0.022476,
  "N>X": 0.038983,
  "X>N": 0.018933,
  "T>N": 0.03265,
  "X>T": 4.205424,
  "T>X": 8.407235,
  "X>A": 0.417655
 },
 "prev_intensity": {
  "X": 0.0,
  "T": 0.0,
  "N": 0.6,
  "B": 0.0,
  "A": 0.0
 },
 "saved_at": 1784164617.3651843
}