{
 "version": 1,
 "observations": 2992,
 "flux": {
  "X>B": 0.346599,
  "T>B": 11.722022,
  "B>X": 6.497689,
  "B>T": 0.105521,
  "B>N": 19.836859,
  "N>A": 0.965859,
  "A>N": 1.841229,
  "A>X": 13.245035,
  "A>T": 0.179652,
  "A>B": 1.366659,
  "N>B": 21.395437,
  "N>X": 18.87436,
  "N>T": 0.122538,
  "X>N": 2.840946,
  "T>N": 14.178369,
  "X>T": 96.264874,
  "B>A": 0.109025,
  "T>X": 138.008179,
  "X>A": 10.12893
 },
 "prev_intensity": {
  "X": 3.6925,
  "T": 2.0,
  "N": 1.0,
  "B": 0.65,
  "A": 0.55
 },
 "saved_at": 1784356573.6401858
}