{
 "version": 1,
 "observations": 4392,
 "flux": {
  "X>B": 0.049767,
  "T>B": 10.075747,
  "B>X": 5.919679,
  "B>T": 0.015152,
  "B>N": 17.740839,
  "N>A": 0.138685,
  "A>N": 1.409958,
  "A>X": 14.541675,
  "A>T": 0.025797,
  "A>B": 0.997137,
  "N>B": 19.090116,
  "N>X": 20.806403,
  "N>T": 0.017597,
  "X>N": 5.683149,
  "T>N": 13.079241,
  "X>T": 100.277326,
  "B>A": 0.015654,
  "T>X": 142.392273,
  "X>A": 12.351043
 },
 "prev_intensity": {
  "X": 2.0309999999999997,
  "T": 2.0,
  "N": 2.0,
  "B": 0.0,
  "A": 0.55
 },
 "saved_at": 1784751694.1474392
}