{
 "version": 1,
 "observations": 3808,
 "flux": {
  "X>B": 0.111827,
  "T>B": 12.067864,
  "B>X": 6.755697,
  "B>T": 0.034046,
  "B>N": 20.529452,
  "N>A": 0.311624,
  "A>N": 1.680922,
  "A>X": 13.80029,
  "A>T": 0.057964,
  "A>B": 1.22545,
  "N>B": 22.593229,
  "N>X": 19.897567,
  "N>T": 0.039537,
  "X>N": 3.43366,
  "T>N": 15.023123,
  "X>T": 101.347956,
  "B>A": 0.035176,
  "T>X": 145.946128,
  "X>A": 10.738499
 },
 "prev_intensity": {
  "X": 3.6572999999999998,
  "T": 1.65,
  "N": 1.0,
  "B": 0.65,
  "A": 0.55
 },
 "saved_at": 1784492006.7901723
}