{
 "version": 1,
 "observations": 2032,
 "flux": {
  "X>B": 1.311609,
  "T>B": 10.398074,
  "B>X": 5.40271,
  "B>T": 0.399312,
  "B>N": 17.750155,
  "N>A": 3.655033,
  "A>N": 2.558627,
  "A>X": 10.821703,
  "A>T": 0.679847,
  "A>B": 1.954152,
  "N>B": 16.613251,
  "N>X": 14.630539,
  "N>T": 0.463715,
  "X>N": 2.457599,
  "T>N": 11.496001,
  "X>T": 74.247008,
  "B>A": 0.412574,
  "T>X": 106.208881,
  "X>A": 7.867122
 },
 "prev_intensity": {
  "X": 3.6925,
  "T": 2.0,
  "N": 2.0,
  "B": 0.0,
  "A": 0.55
 },
 "saved_at": 1784163793.9074085
}