{
 "version": 1,
 "observations": 3834,
 "flux": {
  "X>B": 0.107868,
  "T>B": 12.189208,
  "B>X": 6.839385,
  "B>T": 0.032841,
  "B>N": 21.395129,
  "N>A": 0.300592,
  "A>N": 1.743911,
  "A>X": 13.775984,
  "A>T": 0.055912,
  "A>B": 1.233746,
  "N>B": 22.826975,
  "N>X": 20.134779,
  "N>T": 0.038137,
  "X>N": 4.675712,
  "T>N": 15.485315,
  "X>T": 101.444518,
  "B>A": 0.033931,
  "T>X": 145.825063,
  "X>A": 10.760552
 },
 "prev_intensity": {
  "X": 3.6572999999999998,
  "T": 1.65,
  "N": 2.0,
  "B": 0.0,
  "A": 0.55
 },
 "saved_at": 1784496169.0530965
}