{
 "version": 1,
 "observations": 2962,
 "flux": {
  "X>B": 0.361318,
  "T>B": 11.569933,
  "B>X": 6.605075,
  "B>T": 0.110002,
  "B>N": 20.176731,
  "N>A": 1.006875,
  "A>N": 1.880763,
  "A>X": 13.198686,
  "A>T": 0.187281,
  "A>B": 1.356415,
  "N>B": 20.938416,
  "N>X": 18.970907,
  "N>T": 0.127742,
  "X>N": 2.79237,
  "T>N": 14.277949,
  "X>T": 96.090308,
  "B>A": 0.113655,
  "T>X": 137.654029,
  "X>A": 10.092046
 },
 "prev_intensity": {
  "X": 3.6925,
  "T": 2.0,
  "N": 2.0,
  "B": 0.0,
  "A": 0.55
 },
 "saved_at": 1784349112.9760222
}