{
 "version": 1,
 "observations": 3502,
 "flux": {
  "X>B": 0.170914,
  "T>B": 12.04865,
  "B>X": 6.864169,
  "B>T": 0.052035,
  "B>N": 21.037363,
  "N>A": 0.476281,
  "A>N": 1.773747,
  "A>X": 13.646452,
  "A>T": 0.08859,
  "A>B": 1.261033,
  "N>B": 22.292659,
  "N>X": 19.954573,
  "N>T": 0.060426,
  "X>N": 3.523685,
  "T>N": 15.226136,
  "X>T": 100.472159,
  "B>A": 0.053763,
  "T>X": 143.606655,
  "X>A": 10.541859
 },
 "prev_intensity": {
  "X": 3.6925,
  "T": 2.0,
  "N": 2.0,
  "B": 0.0,
  "A": 0.55
 },
 "saved_at": 1784438515.1005538
}