{
 "version": 1,
 "observations": 1882,
 "flux": {
  "X>B": 1.614779,
  "T>B": 10.342727,
  "B>X": 5.193445,
  "B>T": 0.49161,
  "B>N": 17.496659,
  "N>A": 4.499873,
  "A>N": 2.814935,
  "A>X": 9.99429,
  "A>T": 0.83699,
  "A>B": 2.173882,
  "N>B": 15.814093,
  "N>X": 13.731036,
  "N>T": 0.5709,
  "X>N": 2.35579,
  "T>N": 10.972656,
  "X>T": 67.40391,
  "B>A": 0.507937,
  "T>X": 95.477968,
  "X>A": 7.168691
 },
 "prev_intensity": {
  "X": 3.6925,
  "T": 2.0,
  "N": 2.0,
  "B": 0.0,
  "A": 0.55
 },
 "saved_at": 1784141015.044064
}