{
 "version": 1,
 "observations": 2452,
 "flux": {
  "X>B": 0.732723,
  "T>B": 11.221803,
  "B>X": 6.143214,
  "B>T": 0.223073,
  "B>N": 19.251644,
  "N>A": 2.041861,
  "A>N": 2.147486,
  "A>X": 12.261808,
  "A>T": 0.379793,
  "A>B": 1.596115,
  "N>B": 19.369679,
  "N>X": 17.199489,
  "N>T": 0.259051,
  "X>N": 2.683737,
  "T>N": 13.136737,
  "X>T": 87.356295,
  "B>A": 0.230481,
  "T>X": 125.235839,
  "X>A": 9.215012
 },
 "prev_intensity": {
  "X": 3.6925,
  "T": 2.0,
  "N": 2.0,
  "B": 0.0,
  "A": 0.55
 },
 "saved_at": 1784246315.8317661
}