{
 "version": 1,
 "observations": 4076,
 "flux": {
  "X>B": 0.077124,
  "T>B": 12.575261,
  "B>X": 7.372861,
  "B>T": 0.02348,
  "B>N": 22.112462,
  "N>A": 0.214919,
  "A>N": 1.771123,
  "A>X": 13.714185,
  "A>T": 0.039976,
  "A>B": 1.258592,
  "N>B": 23.850588,
  "N>X": 21.131539,
  "N>T": 0.027269,
  "X>N": 4.263755,
  "T>N": 16.340563,
  "X>T": 102.319877,
  "B>A": 0.024261,
  "T>X": 145.774208,
  "X>A": 10.90639
 },
 "prev_intensity": {
  "X": 3.6572999999999998,
  "T": 1.65,
  "N": 2.0,
  "B": 0.0,
  "A": 0.55
 },
 "saved_at": 1784566947.4963334
}