{
 "version": 1,
 "observations": 4294,
 "flux": {
  "X>B": 0.057009,
  "T>B": 11.54195,
  "B>X": 6.781098,
  "B>T": 0.017356,
  "B>N": 20.322451,
  "N>A": 0.158864,
  "A>N": 1.615131,
  "A>X": 14.033526,
  "A>T": 0.029551,
  "A>B": 1.142237,
  "N>B": 21.86807,
  "N>X": 21.065731,
  "N>T": 0.020158,
  "X>N": 4.809018,
  "T>N": 14.982505,
  "X>T": 101.501846,
  "B>A": 0.017933,
  "T>X": 143.876498,
  "X>A": 11.657044
 },
 "prev_intensity": {
  "X": 2.0309999999999997,
  "T": 1.5,
  "N": 2.0,
  "B": 0.0,
  "A": 0.55
 },
 "saved_at": 1784667184.8261313
}