{
 "version": 1,
 "observations": 4248,
 "flux": {
  "X>B": 0.060762,
  "T>B": 12.301949,
  "B>X": 7.227612,
  "B>T": 0.018499,
  "B>N": 21.660619,
  "N>A": 0.169325,
  "A>N": 1.721481,
  "A>X": 13.770129,
  "A>T": 0.031496,
  "A>B": 1.217449,
  "N>B": 23.308012,
  "N>X": 21.010074,
  "N>T": 0.021485,
  "X>N": 4.239115,
  "T>N": 15.969054,
  "X>T": 102.162758,
  "B>A": 0.019114,
  "T>X": 144.536538,
  "X>A": 11.307368
 },
 "prev_intensity": {
  "X": 2.0309999999999997,
  "T": 1.5,
  "N": 2.0,
  "B": 0.0,
  "A": 0.55
 },
 "saved_at": 1784619929.825266
}