{
 "version": 1,
 "observations": 4530,
 "flux": {
  "X>B": 0.041101,
  "T>B": 8.321336,
  "B>X": 4.88893,
  "B>T": 0.012515,
  "B>N": 14.651763,
  "N>A": 0.114535,
  "A>N": 1.164453,
  "A>X": 15.149711,
  "A>T": 0.021305,
  "A>B": 0.823513,
  "N>B": 15.7661,
  "N>X": 20.633584,
  "N>T": 0.014532,
  "X>N": 6.813594,
  "T>N": 10.801851,
  "X>T": 98.906531,
  "B>A": 0.012926,
  "T>X": 142.501908,
  "X>A": 13.002054
 },
 "prev_intensity": {
  "X": 2.0309999999999997,
  "T": 2.0,
  "N": 2.0,
  "B": 0.0,
  "A": 0.55
 },
 "saved_at": 1784879807.0087428
}