{
 "version": 1,
 "observations": 2242,
 "flux": {
  "X>B": 0.98033,
  "T>B": 10.614488,
  "B>X": 5.720848,
  "B>T": 0.298457,
  "B>N": 18.294459,
  "N>A": 2.731861,
  "A>N": 2.299116,
  "A>X": 11.690646,
  "A>T": 0.508134,
  "A>B": 1.728672,
  "N>B": 17.778957,
  "N>X": 15.868354,
  "N>T": 0.346593,
  "X>N": 2.611314,
  "T>N": 12.26303,
  "X>T": 81.813987,
  "B>A": 0.308368,
  "T>X": 117.445032,
  "X>A": 8.651885
 },
 "prev_intensity": {
  "X": 3.6925,
  "T": 2.0,
  "N": 2.0,
  "B": 0.0,
  "A": 0.55
 },
 "saved_at": 1784218675.9832022
}