{
 "version": 1,
 "observations": 2302,
 "flux": {
  "X>B": 0.902087,
  "T>B": 10.720177,
  "B>X": 5.741379,
  "B>T": 0.274636,
  "B>N": 18.258475,
  "N>A": 2.513825,
  "A>N": 2.225168,
  "A>X": 11.91052,
  "A>T": 0.467579,
  "A>B": 1.673429,
  "N>B": 18.014498,
  "N>X": 15.861629,
  "N>T": 0.31893,
  "X>N": 2.6342,
  "T>N": 12.199209,
  "X>T": 83.40863,
  "B>A": 0.283756,
  "T>X": 120.333008,
  "X>A": 8.817776
 },
 "prev_intensity": {
  "X": 3.6925,
  "T": 2.0,
  "N": 2.0,
  "B": 0.0,
  "A": 0.55
 },
 "saved_at": 1784228638.8239942
}