{
 "version": 1,
 "observations": 19117,
 "flux": {
  "T>B": 0.015283,
  "B>X": 0.007749,
  "B>N": 0.034162,
  "A>N": 0.002628,
  "A>X": 0.087522,
  "A>B": 0.001175,
  "N>B": 0.023512,
  "N>X": 0.064507,
  "X>N": 0.027715,
  "T>N": 0.034162,
  "X>T": 0.51895,
  "T>X": 0.883738,
  "X>A": 0.057803
 },
 "prev_intensity": {
  "X": 0.0,
  "T": 0.0,
  "N": 0.6,
  "B": 0.0,
  "A": 0.0
 },
 "saved_at": 1784166844.7665546
}