{
 "version": 1,
 "observations": 21179,
 "flux": {
  "T>B": 0.015106,
  "B>X": 0.00766,
  "B>N": 0.033767,
  "A>N": 0.002597,
  "A>X": 0.253448,
  "A>B": 0.001161,
  "N>B": 0.02324,
  "N>X": 0.33445,
  "X>N": 0.378445,
  "T>N": 0.033767,
  "X>T": 1.490428,
  "T>X": 2.188575,
  "X>A": 0.211287
 },
 "prev_intensity": {
  "X": 2.0309999999999997,
  "T": 1.55,
  "N": 2.0,
  "B": 0.0,
  "A": 0.55
 },
 "saved_at": 1784191054.7587948
}