{
 "version": 1,
 "observations": 41819,
 "flux": {
  "T>B": 0.203966,
  "B>X": 0.078157,
  "B>N": 0.225119,
  "A>N": 0.017313,
  "A>X": 0.797592,
  "A>B": 0.019391,
  "N>B": 0.308741,
  "N>X": 0.215353,
  "X>N": 0.077626,
  "T>N": 0.19665,
  "X>T": 4.641215,
  "T>X": 9.266833,
  "X>A": 0.455236,
  "B>T": 0.000241,
  "B>A": 1.9e-05,
  "X>B": 0.004043
 },
 "prev_intensity": {
  "X": 0.0,
  "T": 0.0,
  "N": 0.6,
  "B": 0.0,
  "A": 0.0
 },
 "saved_at": 1784322361.872743
}