{
 "version": 1,
 "observations": 4546,
 "flux": {
  "X>B": 0.0402,
  "T>B": 8.138795,
  "B>X": 4.781684,
  "B>T": 0.01224,
  "B>N": 14.330354,
  "N>A": 0.112023,
  "A>N": 1.138909,
  "A>X": 15.212976,
  "A>T": 0.020838,
  "A>B": 0.805448,
  "N>B": 15.420246,
  "N>X": 20.574907,
  "N>T": 0.014213,
  "X>N": 6.906206,
  "T>N": 10.564895,
  "X>T": 98.606181,
  "B>A": 0.012642,
  "T>X": 141.348695,
  "X>A": 13.27942
 },
 "prev_intensity": {
  "X": 2.0309999999999997,
  "T": 1.5,
  "N": 2.0,
  "B": 0.0,
  "A": 0.55
 },
 "saved_at": 1784895101.461528
}