{
 "version": 1,
 "observations": 4436,
 "flux": {
  "X>B": 0.046822,
  "T>B": 9.479525,
  "B>X": 5.569388,
  "B>T": 0.014256,
  "B>N": 16.691045,
  "N>A": 0.130477,
  "A>N": 1.326525,
  "A>X": 14.748311,
  "A>T": 0.024271,
  "A>B": 0.938132,
  "N>B": 17.96048,
  "N>X": 20.737757,
  "N>T": 0.016555,
  "X>N": 6.061228,
  "T>N": 12.30529,
  "X>T": 99.762532,
  "B>A": 0.014727,
  "T>X": 141.427245,
  "X>A": 12.699879
 },
 "prev_intensity": {
  "X": 2.0309999999999997,
  "T": 2.0,
  "N": 2.0,
  "B": 0.0,
  "A": 0.55
 },
 "saved_at": 1784793991.9699185
}