{
 "version": 1,
 "observations": 4456,
 "flux": {
  "X>B": 0.045542,
  "T>B": 9.220308,
  "B>X": 5.417093,
  "B>T": 0.013867,
  "B>N": 16.234627,
  "N>A": 0.126909,
  "A>N": 1.290251,
  "A>X": 14.83815,
  "A>T": 0.023607,
  "A>B": 0.912478,
  "N>B": 17.469349,
  "N>X": 20.761626,
  "N>T": 0.016101,
  "X>N": 6.258612,
  "T>N": 11.968802,
  "X>T": 99.509511,
  "B>A": 0.014324,
  "T>X": 141.460388,
  "X>A": 12.847739
 },
 "prev_intensity": {
  "X": 2.0309999999999997,
  "T": 1.5,
  "N": 2.0,
  "B": 0.0,
  "A": 0.55
 },
 "saved_at": 1784818328.8919125
}