{
 "version": 1,
 "observations": 4102,
 "flux": {
  "X>B": 0.074394,
  "T>B": 12.678642,
  "B>X": 7.4347,
  "B>T": 0.022649,
  "B>N": 22.294239,
  "N>A": 0.20731,
  "A>N": 1.782622,
  "A>X": 13.692927,
  "A>T": 0.038561,
  "A>B": 1.265715,
  "N>B": 24.039822,
  "N>X": 21.325066,
  "N>T": 0.026304,
  "X>N": 4.231522,
  "T>N": 16.466334,
  "X>T": 102.382031,
  "B>A": 0.023402,
  "T>X": 145.659229,
  "X>A": 10.922499
 },
 "prev_intensity": {
  "X": 3.6572999999999998,
  "T": 1.65,
  "N": 2.0,
  "B": 0.0,
  "A": 0.55
 },
 "saved_at": 1784573971.492206
}