{
 "version": 1,
 "observations": 4444,
 "flux": {
  "X>B": 0.046306,
  "T>B": 9.374975,
  "B>X": 5.507963,
  "B>T": 0.014099,
  "B>N": 16.506958,
  "N>A": 0.129038,
  "A>N": 1.311895,
  "A>X": 14.784546,
  "A>T": 0.024003,
  "A>B": 0.927785,
  "N>B": 17.762392,
  "N>X": 20.707107,
  "N>T": 0.016372,
  "X>N": 6.116089,
  "T>N": 12.169574,
  "X>T": 99.602083,
  "B>A": 0.014565,
  "T>X": 141.108252,
  "X>A": 12.842663
 },
 "prev_intensity": {
  "X": 2.0309999999999997,
  "T": 1.5,
  "N": 2.0,
  "B": 0.0,
  "A": 0.55
 },
 "saved_at": 1784802257.2894256
}