{
 "version": 1,
 "observations": 3782,
 "flux": {
  "X>B": 0.115931,
  "T>B": 12.068117,
  "B>X": 7.003639,
  "B>T": 0.035296,
  "B>N": 21.282905,
  "N>A": 0.323061,
  "A>N": 1.742614,
  "A>X": 13.729039,
  "A>T": 0.060091,
  "A>B": 1.236375,
  "N>B": 22.741424,
  "N>X": 20.276433,
  "N>T": 0.040988,
  "X>N": 3.436611,
  "T>N": 15.574488,
  "X>T": 101.476933,
  "B>A": 0.036467,
  "T>X": 145.215483,
  "X>A": 10.733258
 },
 "prev_intensity": {
  "X": 3.6572999999999998,
  "T": 1.65,
  "N": 2.0,
  "B": 0.0,
  "A": 0.55
 },
 "saved_at": 1784487690.4267416
}