{
 "version": 1,
 "observations": 3528,
 "flux": {
  "X>B": 0.164863,
  "T>B": 11.622106,
  "B>X": 6.621165,
  "B>T": 0.050193,
  "B>N": 20.292602,
  "N>A": 0.45942,
  "A>N": 1.710953,
  "A>X": 13.753471,
  "A>T": 0.085454,
  "A>B": 1.21639,
  "N>B": 21.503458,
  "N>X": 19.248145,
  "N>T": 0.058287,
  "X>N": 3.517651,
  "T>N": 14.687103,
  "X>T": 100.378753,
  "B>A": 0.05186,
  "T>X": 144.821236,
  "X>A": 10.553875
 },
 "prev_intensity": {
  "X": 3.6572999999999998,
  "T": 1.65,
  "N": 2.0,
  "B": 0.0,
  "A": 0.55
 },
 "saved_at": 1784447309.9011877
}