{
 "version": 1,
 "observations": 4478,
 "flux": {
  "X>B": 0.044174,
  "T>B": 8.943348,
  "B>X": 5.254374,
  "B>T": 0.01345,
  "B>N": 15.74697,
  "N>A": 0.123097,
  "A>N": 1.251495,
  "A>X": 14.934137,
  "A>T": 0.022898,
  "A>B": 0.88507,
  "N>B": 16.944603,
  "N>X": 20.7262,
  "N>T": 0.015618,
  "X>N": 6.432066,
  "T>N": 11.609282,
  "X>T": 99.361299,
  "B>A": 0.013893,
  "T>X": 141.253962,
  "X>A": 12.921033
 },
 "prev_intensity": {
  "X": 2.0309999999999997,
  "T": 2.0,
  "N": 2.0,
  "B": 0.0,
  "A": 0.55
 },
 "saved_at": 1784833730.4724717
}