{
 "version": 1,
 "observations": 2902,
 "flux": {
  "X>B": 0.392657,
  "T>B": 11.431341,
  "B>X": 6.494349,
  "B>T": 0.119543,
  "B>N": 19.884291,
  "N>A": 1.094206,
  "A>N": 1.886778,
  "A>X": 13.146633,
  "A>T": 0.203525,
  "A>B": 1.366132,
  "N>B": 20.595875,
  "N>X": 18.592617,
  "N>T": 0.138822,
  "X>N": 2.783203,
  "T>N": 14.025133,
  "X>T": 95.247427,
  "B>A": 0.123512,
  "T>X": 136.871932,
  "X>A": 10.009895
 },
 "prev_intensity": {
  "X": 3.6925,
  "T": 2.0,
  "N": 2.0,
  "B": 0.0,
  "A": 0.55
 },
 "saved_at": 1784332313.519732
}