{
 "version": 1,
 "observations": 3618,
 "flux": {
  "X>B": 0.145525,
  "T>B": 11.829708,
  "B>X": 6.769019,
  "B>T": 0.044306,
  "B>N": 20.674497,
  "N>A": 0.405531,
  "A>N": 1.722737,
  "A>X": 13.756769,
  "A>T": 0.075431,
  "A>B": 1.221697,
  "N>B": 21.940875,
  "N>X": 19.686756,
  "N>T": 0.05145,
  "X>N": 3.444974,
  "T>N": 14.981009,
  "X>T": 100.854548,
  "B>A": 0.045777,
  "T>X": 145.011927,
  "X>A": 10.598412
 },
 "prev_intensity": {
  "X": 3.6925,
  "T": 2.0,
  "N": 2.0,
  "B": 0.0,
  "A": 0.55
 },
 "saved_at": 1784463685.7454472
}