{
 "version": 1,
 "observations": 4384,
 "flux": {
  "X>B": 0.050322,
  "T>B": 10.188113,
  "B>X": 5.985696,
  "B>T": 0.015321,
  "B>N": 17.938686,
  "N>A": 0.140232,
  "A>N": 1.425682,
  "A>X": 14.502732,
  "A>T": 0.026085,
  "A>B": 1.008257,
  "N>B": 19.303011,
  "N>X": 20.83816,
  "N>T": 0.017793,
  "X>N": 5.62346,
  "T>N": 13.225102,
  "X>T": 100.262991,
  "B>A": 0.015829,
  "T>X": 142.217925,
  "X>A": 12.38509
 },
 "prev_intensity": {
  "X": 2.0309999999999997,
  "T": 1.5,
  "N": 2.0,
  "B": 0.0,
  "A": 0.55
 },
 "saved_at": 1784747386.936544
}