{
 "version": 1,
 "observations": 4330,
 "flux": {
  "X>B": 0.054234,
  "T>B": 10.980068,
  "B>X": 6.450983,
  "B>T": 0.016512,
  "B>N": 19.333118,
  "N>A": 0.151132,
  "A>N": 1.536504,
  "A>X": 14.22826,
  "A>T": 0.028112,
  "A>B": 1.086632,
  "N>B": 20.803494,
  "N>X": 21.010006,
  "N>T": 0.019177,
  "X>N": 5.17083,
  "T>N": 14.25313,
  "X>T": 100.733594,
  "B>A": 0.01706,
  "T>X": 140.714405,
  "X>A": 12.25472
 },
 "prev_intensity": {
  "X": 2.0309999999999997,
  "T": 1.5,
  "N": 2.0,
  "B": 0.0,
  "A": 0.55
 },
 "saved_at": 1784697048.5164862
}