{
 "version": 1,
 "observations": 4282,
 "flux": {
  "X>B": 0.057965,
  "T>B": 11.735563,
  "B>X": 6.894849,
  "B>T": 0.017648,
  "B>N": 20.663354,
  "N>A": 0.161529,
  "A>N": 1.642224,
  "A>X": 13.966425,
  "A>T": 0.030046,
  "A>B": 1.161398,
  "N>B": 22.2349,
  "N>X": 21.016313,
  "N>T": 0.020496,
  "X>N": 4.642179,
  "T>N": 15.233831,
  "X>T": 101.627839,
  "B>A": 0.018234,
  "T>X": 143.064198,
  "X>A": 11.631994
 },
 "prev_intensity": {
  "X": 2.0309999999999997,
  "T": 2.0,
  "N": 2.0,
  "B": 0.0,
  "A": 0.55
 },
 "saved_at": 1784656908.205156
}