{
 "version": 1,
 "observations": 4360,
 "flux": {
  "X>B": 0.052024,
  "T>B": 10.532785,
  "B>X": 6.188196,
  "B>T": 0.01584,
  "B>N": 18.545566,
  "N>A": 0.144976,
  "A>N": 1.473914,
  "A>X": 14.383277,
  "A>T": 0.026967,
  "A>B": 1.042367,
  "N>B": 19.956046,
  "N>X": 20.935572,
  "N>T": 0.018395,
  "X>N": 5.440369,
  "T>N": 13.672516,
  "X>T": 100.55628,
  "B>A": 0.016365,
  "T>X": 141.195204,
  "X>A": 12.314728
 },
 "prev_intensity": {
  "X": 2.0309999999999997,
  "T": 2.0,
  "N": 2.0,
  "B": 0.0,
  "A": 0.55
 },
 "saved_at": 1784731422.5184765
}