{
 "version": 1,
 "observations": 3860,
 "flux": {
  "X>B": 0.104049,
  "T>B": 12.306256,
  "B>X": 6.92011,
  "B>T": 0.031678,
  "B>N": 21.602301,
  "N>A": 0.28995,
  "A>N": 1.756373,
  "A>X": 13.752538,
  "A>T": 0.053933,
  "A>B": 1.241749,
  "N>B": 23.052446,
  "N>X": 20.363593,
  "N>T": 0.036787,
  "X>N": 4.628894,
  "T>N": 15.641363,
  "X>T": 101.537661,
  "B>A": 0.03273,
  "T>X": 145.708284,
  "X>A": 10.781824
 },
 "prev_intensity": {
  "X": 3.6572999999999998,
  "T": 1.65,
  "N": 2.0,
  "B": 0.0,
  "A": 0.55
 },
 "saved_at": 1784499882.2367172
}