{
 "version": 1,
 "observations": 2482,
 "flux": {
  "X>B": 0.702875,
  "T>B": 11.292315,
  "B>X": 6.214032,
  "B>T": 0.213986,
  "B>N": 19.426676,
  "N>A": 1.958684,
  "A>N": 2.133796,
  "A>X": 12.325094,
  "A>T": 0.364322,
  "A>B": 1.581113,
  "N>B": 19.580984,
  "N>X": 17.462794,
  "N>T": 0.248498,
  "X>N": 2.692467,
  "T>N": 13.301963,
  "X>T": 88.161607,
  "B>A": 0.221092,
  "T>X": 126.117785,
  "X>A": 9.293449
 },
 "prev_intensity": {
  "X": 3.6925,
  "T": 2.0,
  "N": 2.0,
  "B": 0.0,
  "A": 0.55
 },
 "saved_at": 1784253267.286601
}