{
 "version": 1,
 "observations": 2392,
 "flux": {
  "X>B": 0.796276,
  "T>B": 11.033573,
  "B>X": 5.992429,
  "B>T": 0.242421,
  "B>N": 18.878966,
  "N>A": 2.218961,
  "A>N": 2.176636,
  "A>X": 12.12999,
  "A>T": 0.412734,
  "A>B": 1.625126,
  "N>B": 18.86116,
  "N>X": 16.697469,
  "N>T": 0.28152,
  "X>N": 2.665148,
  "T>N": 12.784938,
  "X>T": 85.874969,
  "B>A": 0.250472,
  "T>X": 123.396096,
  "X>A": 9.065953
 },
 "prev_intensity": {
  "X": 3.6925,
  "T": 2.0,
  "N": 2.0,
  "B": 0.0,
  "A": 0.55
 },
 "saved_at": 1784239445.2866623
}