{
 "version": 1,
 "observations": 1942,
 "flux": {
  "X>B": 1.4859,
  "T>B": 10.568932,
  "B>X": 5.407998,
  "B>T": 0.452374,
  "B>N": 17.979662,
  "N>A": 4.140728,
  "A>N": 2.734842,
  "A>X": 10.297883,
  "A>T": 0.770187,
  "A>B": 2.099752,
  "N>B": 16.5394,
  "N>X": 14.496218,
  "N>T": 0.525335,
  "X>N": 2.39907,
  "T>N": 11.469098,
  "X>T": 70.464583,
  "B>A": 0.467398,
  "T>X": 99.563086,
  "X>A": 7.477262
 },
 "prev_intensity": {
  "X": 3.6925,
  "T": 2.0,
  "N": 2.0,
  "B": 0.0,
  "A": 0.55
 },
 "saved_at": 1784151301.940525
}