{
 "version": 1,
 "observations": 2842,
 "flux": {
  "X>B": 0.426714,
  "T>B": 11.261285,
  "B>X": 6.37402,
  "B>T": 0.129911,
  "B>N": 19.566485,
  "N>A": 1.189111,
  "A>N": 1.893314,
  "A>X": 13.09156,
  "A>T": 0.221178,
  "A>B": 1.375196,
  "N>B": 20.19371,
  "N>X": 18.21143,
  "N>T": 0.150863,
  "X>N": 2.773242,
  "T>N": 13.750389,
  "X>T": 94.450537,
  "B>A": 0.134225,
  "T>X": 136.041443,
  "X>A": 9.929781
 },
 "prev_intensity": {
  "X": 3.6925,
  "T": 2.0,
  "N": 2.0,
  "B": 0.0,
  "A": 0.55
 },
 "saved_at": 1784325056.835975
}