{
 "version": 1,
 "observations": 2062,
 "flux": {
  "X>B": 1.258179,
  "T>B": 10.520034,
  "B>X": 5.503693,
  "B>T": 0.383046,
  "B>N": 17.986351,
  "N>A": 3.506142,
  "A>N": 2.528189,
  "A>X": 10.942276,
  "A>T": 0.652153,
  "A>B": 1.925942,
  "N>B": 16.964368,
  "N>X": 14.970966,
  "N>T": 0.444825,
  "X>N": 2.475541,
  "T>N": 11.728064,
  "X>T": 75.476746,
  "B>A": 0.395767,
  "T>X": 107.848014,
  "X>A": 7.992036
 },
 "prev_intensity": {
  "X": 3.6925,
  "T": 2.0,
  "N": 2.0,
  "B": 0.0,
  "A": 0.55
 },
 "saved_at": 1784174637.8425274
}