{
 "version": 1,
 "observations": 4050,
 "flux": {
  "X>B": 0.079955,
  "T>B": 12.468086,
  "B>X": 7.308752,
  "B>T": 0.024342,
  "B>N": 21.924013,
  "N>A": 0.222807,
  "A>N": 1.759202,
  "A>X": 13.736223,
  "A>T": 0.041443,
  "A>B": 1.251208,
  "N>B": 23.654409,
  "N>X": 20.93091,
  "N>T": 0.02827,
  "X>N": 4.297172,
  "T>N": 16.210176,
  "X>T": 102.255442,
  "B>A": 0.025151,
  "T>X": 145.893406,
  "X>A": 10.88969
 },
 "prev_intensity": {
  "X": 3.6925,
  "T": 2.0,
  "N": 2.0,
  "B": 0.0,
  "A": 0.55
 },
 "saved_at": 1784561018.034833
}