{
 "version": 1,
 "observations": 2662,
 "flux": {
  "X>B": 0.547655,
  "T>B": 11.294068,
  "B>X": 6.310445,
  "B>T": 0.166731,
  "B>N": 19.524645,
  "N>A": 1.526136,
  "A>N": 2.000122,
  "A>X": 12.752737,
  "A>T": 0.283866,
  "A>B": 1.467043,
  "N>B": 19.958714,
  "N>X": 17.889932,
  "N>T": 0.193622,
  "X>N": 2.737867,
  "T>N": 13.56816,
  "X>T": 91.755365,
  "B>A": 0.172267,
  "T>X": 131.662143,
  "X>A": 9.655645
 },
 "prev_intensity": {
  "X": 3.6925,
  "T": 2.0,
  "N": 2.0,
  "B": 0.0,
  "A": 0.55
 },
 "saved_at": 1784298823.3318892
}