{
 "version": 1,
 "observations": 2872,
 "flux": {
  "X>B": 0.409331,
  "T>B": 11.348081,
  "B>X": 6.435435,
  "B>T": 0.124619,
  "B>N": 19.728692,
  "N>A": 1.140672,
  "A>N": 1.889978,
  "A>X": 13.119669,
  "A>T": 0.212168,
  "A>B": 1.37057,
  "N>B": 20.398973,
  "N>X": 18.405986,
  "N>T": 0.144717,
  "X>N": 2.778326,
  "T>N": 13.890617,
  "X>T": 94.857266,
  "B>A": 0.128757,
  "T>X": 136.465321,
  "X>A": 9.970671
 },
 "prev_intensity": {
  "X": 3.6925,
  "T": 2.0,
  "N": 2.0,
  "B": 0.0,
  "A": 0.55
 },
 "saved_at": 1784328490.1806607
}