{
 "version": 1,
 "observations": 11809,
 "flux": {
  "X>B": 4e-06,
  "T>B": 0.021827,
  "B>X": 0.01032,
  "B>T": 4e-06,
  "B>N": 0.04366,
  "N>A": 8e-06,
  "A>N": 0.00336,
  "A>X": 0.225823,
  "A>T": 4e-06,
  "A>B": 0.001771,
  "N>B": 0.035414,
  "N>X": 0.047524,
  "N>T": 4e-06,
  "X>N": 0.023537,
  "T>N": 0.040974,
  "X>T": 1.313346,
  "B>A": 4e-06,
  "T>X": 2.471823,
  "X>A": 0.135147
 },
 "prev_intensity": {
  "X": 0.0,
  "T": 0.0,
  "N": 0.6,
  "B": 0.0,
  "A": 0.0
 },
 "saved_at": 1784162334.6667674
}