{
 "version": 1,
 "observations": 7593,
 "flux": {
  "X>B": 0.000589,
  "T>B": 2.312873,
  "B>X": 0.914084,
  "B>T": 0.000179,
  "B>N": 3.396753,
  "N>A": 0.00164,
  "A>N": 0.261824,
  "A>X": 12.108948,
  "A>T": 0.000305,
  "A>B": 0.210107,
  "N>B": 4.192054,
  "N>X": 2.465144,
  "N>T": 0.000207,
  "X>N": 2.360021,
  "T>N": 2.469568,
  "X>T": 72.091669,
  "B>A": 0.000185,
  "T>X": 135.920102,
  "X>A": 7.314394
 },
 "prev_intensity": {
  "X": 5.5416,
  "T": 1.35,
  "N": 2.0,
  "B": 0.0,
  "A": 0.5
 },
 "saved_at": 1784135093.4533238
}