{
 "version": 1,
 "observations": 4254,
 "flux": {
  "X>B": 0.060259,
  "T>B": 12.200049,
  "B>X": 7.167744,
  "B>T": 0.018346,
  "B>N": 21.481198,
  "N>A": 0.167922,
  "A>N": 1.707222,
  "A>X": 13.805445,
  "A>T": 0.031235,
  "A>B": 1.207365,
  "N>B": 23.114945,
  "N>X": 21.03466,
  "N>T": 0.021307,
  "X>N": 4.32605,
  "T>N": 15.836778,
  "X>T": 102.125507,
  "B>A": 0.018956,
  "T>X": 144.436121,
  "X>A": 11.292366
 },
 "prev_intensity": {
  "X": 2.0309999999999997,
  "T": 2.0,
  "N": 2.0,
  "B": 0.0,
  "A": 0.55
 },
 "saved_at": 1784629622.8752754
}