{
 "version": 1,
 "observations": 21169,
 "flux": {
  "T>B": 0.015317,
  "B>X": 0.007767,
  "B>N": 0.034239,
  "A>N": 0.002633,
  "A>X": 0.055314,
  "A>B": 0.001177,
  "N>B": 0.023565,
  "N>X": 0.136608,
  "X>N": 0.081217,
  "T>N": 0.034239,
  "X>T": 0.284931,
  "T>X": 0.401708,
  "X>A": 0.041442
 },
 "prev_intensity": {
  "X": 0.0,
  "T": 0.0,
  "N": 0.6,
  "B": 0.0,
  "A": 0.0
 },
 "saved_at": 1784185760.0955071
}