{
 "version": 1,
 "observations": 1264,
 "flux": {
  "X>B": 3.803523,
  "T>B": 7.855029,
  "B>X": 2.607282,
  "B>T": 1.157959,
  "B>N": 12.455652,
  "N>A": 10.599206,
  "A>N": 4.418363,
  "A>X": 4.485583,
  "A>T": 1.971484,
  "A>B": 3.574684,
  "N>B": 6.333707,
  "N>X": 4.375765,
  "N>T": 1.344728,
  "X>N": 1.484637,
  "T>N": 5.031598,
  "X>T": 17.435964,
  "B>A": 1.196417,
  "T>X": 22.861913,
  "X>A": 2.069471
 },
 "prev_intensity": {
  "X": 3.6925,
  "T": 2.0,
  "N": 2.0,
  "B": 0.0,
  "A": 0.55
 },
 "saved_at": 1784031094.7810652
}