{
 "version": 1,
 "observations": 2812,
 "flux": {
  "X>B": 0.444835,
  "T>B": 11.170803,
  "B>X": 6.309997,
  "B>T": 0.135428,
  "B>N": 19.39739,
  "N>A": 1.239608,
  "A>N": 1.896792,
  "A>X": 13.062258,
  "A>T": 0.230571,
  "A>B": 1.380019,
  "N>B": 19.97973,
  "N>X": 18.008612,
  "N>T": 0.15727,
  "X>N": 2.767942,
  "T>N": 13.604206,
  "X>T": 94.026536,
  "B>A": 0.139925,
  "T>X": 135.599565,
  "X>A": 9.887155
 },
 "prev_intensity": {
  "X": 3.6925,
  "T": 2.0,
  "N": 2.0,
  "B": 0.0,
  "A": 0.55
 },
 "saved_at": 1784321528.4018705
}