{
 "version": 1,
 "observations": 6821,
 "flux": {
  "X>B": 0.001717,
  "T>B": 0.008477,
  "B>X": 0.003913,
  "B>T": 0.000523,
  "B>N": 0.014831,
  "N>A": 0.004782,
  "A>N": 0.002703,
  "A>X": 6.212442,
  "A>T": 0.000889,
  "A>B": 0.002049,
  "N>B": 0.011569,
  "N>X": 0.011596,
  "N>T": 0.000605,
  "X>N": 0.08883,
  "T>N": 0.009779,
  "X>T": 35.083556,
  "B>A": 0.000539,
  "T>X": 71.17054,
  "X>A": 3.468517
 },
 "prev_intensity": {
  "X": 0.0,
  "T": 0.0,
  "N": 0.6,
  "B": 0.0,
  "A": 0.0
 },
 "saved_at": 1784133150.0251677
}