{
 "version": 1,
 "observations": 4502,
 "flux": {
  "X>B": 0.042728,
  "T>B": 8.650689,
  "B>X": 5.082431,
  "B>T": 0.01301,
  "B>N": 15.231671,
  "N>A": 0.119068,
  "A>N": 1.210541,
  "A>X": 15.035565,
  "A>T": 0.022148,
  "A>B": 0.856107,
  "N>B": 16.390114,
  "N>X": 20.635639,
  "N>T": 0.015108,
  "X>N": 6.582705,
  "T>N": 11.229383,
  "X>T": 99.07472,
  "B>A": 0.013438,
  "T>X": 140.793355,
  "X>A": 13.161094
 },
 "prev_intensity": {
  "X": 2.0309999999999997,
  "T": 1.5,
  "N": 2.0,
  "B": 0.0,
  "A": 0.55
 },
 "saved_at": 1784847559.3396175
}