{
 "version": 1,
 "observations": 4338,
 "flux": {
  "X>B": 0.053636,
  "T>B": 10.858968,
  "B>X": 6.379835,
  "B>T": 0.01633,
  "B>N": 19.119891,
  "N>A": 0.149465,
  "A>N": 1.519558,
  "A>X": 14.27023,
  "A>T": 0.027802,
  "A>B": 1.074647,
  "N>B": 20.574051,
  "N>X": 20.976353,
  "N>T": 0.018965,
  "X>N": 5.235511,
  "T>N": 14.095931,
  "X>T": 100.742739,
  "B>A": 0.016872,
  "T>X": 140.905335,
  "X>A": 12.222111
 },
 "prev_intensity": {
  "X": 2.0309999999999997,
  "T": 2.0,
  "N": 2.0,
  "B": 0.0,
  "A": 0.55
 },
 "saved_at": 1784706296.470401
}