{
 "version": 1,
 "observations": 39037,
 "flux": {
  "T>B": 2.010395,
  "B>X": 0.897179,
  "B>N": 2.71875,
  "A>N": 0.209134,
  "A>X": 5.274952,
  "A>B": 0.17505,
  "N>B": 3.501001,
  "N>X": 2.039344,
  "X>N": 0.102772,
  "T>N": 2.333381,
  "X>T": 33.362767,
  "T>X": 55.910051,
  "X>A": 3.545628
 },
 "prev_intensity": {
  "X": 4.4792,
  "T": 2.0,
  "N": 2.0,
  "B": 0.0,
  "A": 0.55
 },
 "saved_at": 1784233929.0788164
}