{
 "version": 1,
 "observations": 2362,
 "flux": {
  "X>B": 0.83009,
  "T>B": 10.933421,
  "B>X": 5.912201,
  "B>T": 0.252716,
  "B>N": 18.680675,
  "N>A": 2.313191,
  "A>N": 2.192145,
  "A>X": 12.059854,
  "A>T": 0.430261,
  "A>B": 1.640562,
  "N>B": 18.590592,
  "N>X": 16.430359,
  "N>T": 0.293475,
  "X>N": 2.655258,
  "T>N": 12.597756,
  "X>T": 85.0868,
  "B>A": 0.261109,
  "T>X": 122.417224,
  "X>A": 8.986643
 },
 "prev_intensity": {
  "X": 3.6925,
  "T": 2.0,
  "N": 2.0,
  "B": 0.0,
  "A": 0.55
 },
 "saved_at": 1784235635.741911
}