{
 "version": 1,
 "observations": 4538,
 "flux": {
  "X>B": 0.040648,
  "T>B": 8.229559,
  "B>X": 4.83501,
  "B>T": 0.012377,
  "B>N": 14.490167,
  "N>A": 0.113272,
  "A>N": 1.15161,
  "A>X": 15.181519,
  "A>T": 0.02107,
  "A>B": 0.81443,
  "N>B": 15.592214,
  "N>X": 20.604083,
  "N>T": 0.014372,
  "X>N": 6.860157,
  "T>N": 10.682716,
  "X>T": 98.755523,
  "B>A": 0.012783,
  "T>X": 142.171063,
  "X>A": 13.141506
 },
 "prev_intensity": {
  "X": 2.0309999999999997,
  "T": 1.5,
  "N": 2.0,
  "B": 0.0,
  "A": 0.55
 },
 "saved_at": 1784888396.6197512
}