{
 "version": 1,
 "observations": 2632,
 "flux": {
  "X>B": 0.570912,
  "T>B": 11.204978,
  "B>X": 6.243722,
  "B>T": 0.173811,
  "B>N": 19.353774,
  "N>A": 1.590945,
  "A>N": 2.008136,
  "A>X": 12.709046,
  "A>T": 0.295921,
  "A>B": 1.475766,
  "N>B": 19.734755,
  "N>X": 17.673461,
  "N>T": 0.201844,
  "X>N": 2.731065,
  "T>N": 13.414239,
  "X>T": 91.216911,
  "B>A": 0.179582,
  "T>X": 131.034295,
  "X>A": 9.601377
 },
 "prev_intensity": {
  "X": 3.6925,
  "T": 2.0,
  "N": 2.0,
  "B": 0.0,
  "A": 0.55
 },
 "saved_at": 1784292537.1313436
}