{
 "version": 1,
 "observations": 1528,
 "flux": {
  "X>B": 2.637801,
  "T>B": 9.046076,
  "B>X": 3.850659,
  "B>T": 0.803063,
  "B>N": 14.739159,
  "N>A": 7.350713,
  "A>N": 3.533508,
  "A>X": 7.465181,
  "A>T": 1.367255,
  "A>B": 2.811271,
  "N>B": 11.035938,
  "N>X": 8.882269,
  "N>T": 0.932589,
  "X>N": 1.981436,
  "T>N": 7.817939,
  "X>T": 43.820002,
  "B>A": 0.829734,
  "T>X": 61.928998,
  "X>A": 4.776411
 },
 "prev_intensity": {
  "X": 3.7,
  "T": 2.0,
  "N": 2.0,
  "B": 0.0,
  "A": 0.55
 },
 "saved_at": 1784072639.8815434
}