{
 "version": 1,
 "observations": 3412,
 "flux": {
  "X>B": 0.193625,
  "T>B": 11.889586,
  "B>X": 6.728959,
  "B>T": 0.05895,
  "B>N": 20.703687,
  "N>A": 0.539572,
  "A>N": 1.768741,
  "A>X": 13.626999,
  "A>T": 0.100362,
  "A>B": 1.262449,
  "N>B": 21.931902,
  "N>X": 19.521636,
  "N>T": 0.068456,
  "X>N": 3.606821,
  "T>N": 14.964803,
  "X>T": 99.826453,
  "B>A": 0.060907,
  "T>X": 143.209782,
  "X>A": 10.480646
 },
 "prev_intensity": {
  "X": 3.6925,
  "T": 2.0,
  "N": 2.0,
  "B": 0.0,
  "A": 0.55
 },
 "saved_at": 1784414787.501959
}