{
 "version": 1,
 "observations": 5692,
 "flux": {
  "X>B": 0.008208,
  "T>B": 0.04055,
  "B>X": 0.018722,
  "B>T": 0.002499,
  "B>N": 0.070947,
  "N>A": 0.022874,
  "A>N": 0.012924,
  "A>X": 7.842048,
  "A>T": 0.004255,
  "A>B": 0.009798,
  "N>B": 0.055334,
  "N>X": 0.055464,
  "N>T": 0.002903,
  "X>N": 0.211591,
  "T>N": 0.046779,
  "X>T": 43.800331,
  "B>A": 0.002582,
  "T>X": 89.663482,
  "X>A": 4.414389
 },
 "prev_intensity": {
  "X": 5.217199999999999,
  "T": 2.0,
  "N": 2.0,
  "B": 0.0,
  "A": 0.55
 },
 "saved_at": 1784132501.039311
}