{
 "version": 1,
 "observations": 1204,
 "flux": {
  "X>B": 4.133422,
  "T>B": 7.374782,
  "B>X": 2.149809,
  "B>T": 1.258395,
  "B>N": 11.493524,
  "N>A": 11.518526,
  "A>N": 4.644476,
  "A>X": 3.679295,
  "A>T": 2.142481,
  "A>B": 3.775307,
  "N>B": 4.694514,
  "N>X": 2.761482,
  "N>T": 1.461363,
  "X>N": 1.362044,
  "T>N": 3.976801,
  "X>T": 9.890107,
  "B>A": 1.300188,
  "T>X": 12.142781,
  "X>A": 1.300645
 },
 "prev_intensity": {
  "X": 3.6925,
  "T": 2.0,
  "N": 2.0,
  "B": 0.0,
  "A": 0.55
 },
 "saved_at": 1784019931.8391492
}