{
 "version": 1,
 "observations": 4206,
 "flux": {
  "X>B": 0.064405,
  "T>B": 13.039484,
  "B>X": 7.660928,
  "B>T": 0.019608,
  "B>N": 22.959234,
  "N>A": 0.179476,
  "A>N": 1.824688,
  "A>X": 13.616494,
  "A>T": 0.033384,
  "A>B": 1.290439,
  "N>B": 24.705393,
  "N>X": 22.059744,
  "N>T": 0.022773,
  "X>N": 4.113602,
  "T>N": 16.926443,
  "X>T": 102.71571,
  "B>A": 0.02026,
  "T>X": 145.255958,
  "X>A": 10.989608
 },
 "prev_intensity": {
  "X": 3.6572999999999998,
  "T": 1.65,
  "N": 2.0,
  "B": 0.0,
  "A": 0.55
 },
 "saved_at": 1784591878.0182018
}