{
 "version": 1,
 "observations": 2542,
 "flux": {
  "X>B": 0.646777,
  "T>B": 10.91436,
  "B>X": 6.026064,
  "B>T": 0.196907,
  "B>N": 18.796376,
  "N>A": 1.802357,
  "A>N": 2.034277,
  "A>X": 12.566523,
  "A>T": 0.335245,
  "A>B": 1.504221,
  "N>B": 19.00418,
  "N>X": 16.967316,
  "N>T": 0.228665,
  "X>N": 2.708876,
  "T>N": 12.912134,
  "X>T": 89.460431,
  "B>A": 0.203446,
  "T>X": 128.986201,
  "X>A": 9.424351
 },
 "prev_intensity": {
  "X": 3.6925,
  "T": 2.0,
  "N": 2.0,
  "B": 0.0,
  "A": 0.55
 },
 "saved_at": 1784272776.5236871
}