{
 "version": 1,
 "observations": 1912,
 "flux": {
  "X>B": 1.549,
  "T>B": 10.449049,
  "B>X": 5.302952,
  "B>T": 0.471584,
  "B>N": 17.743182,
  "N>A": 4.316567,
  "A>N": 2.774056,
  "A>X": 10.149945,
  "A>T": 0.802894,
  "A>B": 2.135344,
  "N>B": 16.170237,
  "N>X": 14.135631,
  "N>T": 0.547644,
  "X>N": 2.37788,
  "T>N": 11.226038,
  "X>T": 69.022,
  "B>A": 0.487246,
  "T>X": 97.572127,
  "X>A": 7.330487
 },
 "prev_intensity": {
  "X": 3.6925,
  "T": 2.0,
  "N": 2.0,
  "B": 0.0,
  "A": 0.55
 },
 "saved_at": 1784146155.027357
}