{
 "version": 1,
 "observations": 1474,
 "flux": {
  "X>B": 2.842846,
  "T>B": 8.713753,
  "B>X": 3.631475,
  "B>T": 0.865487,
  "B>N": 14.337218,
  "N>A": 7.922107,
  "A>N": 3.689128,
  "A>X": 6.954875,
  "A>T": 1.473536,
  "A>B": 2.939898,
  "N>B": 10.09577,
  "N>X": 8.203684,
  "N>T": 1.005082,
  "X>N": 1.884097,
  "T>N": 7.431376,
  "X>T": 39.352015,
  "B>A": 0.894232,
  "T>X": 55.149456,
  "X>A": 4.318578
 },
 "prev_intensity": {
  "X": 3.6925,
  "T": 2.0,
  "N": 2.0,
  "B": 0.0,
  "A": 0.55
 },
 "saved_at": 1784068590.2806413
}