{
 "version": 1,
 "observations": 2932,
 "flux": {
  "X>B": 0.376662,
  "T>B": 11.51121,
  "B>X": 6.550863,
  "B>T": 0.114673,
  "B>N": 20.033551,
  "N>A": 1.049633,
  "A>N": 1.883708,
  "A>X": 13.172498,
  "A>T": 0.195234,
  "A>B": 1.361875,
  "N>B": 20.784756,
  "N>X": 18.771645,
  "N>T": 0.133167,
  "X>N": 2.787882,
  "T>N": 14.154169,
  "X>T": 95.621694,
  "B>A": 0.118481,
  "T>X": 137.261979,
  "X>A": 10.047522
 },
 "prev_intensity": {
  "X": 3.6925,
  "T": 2.0,
  "N": 2.0,
  "B": 0.0,
  "A": 0.55
 },
 "saved_at": 1784338617.7119286
}