{
 "version": 1,
 "observations": 25275,
 "flux": {
  "T>B": 0.015203,
  "B>X": 0.007709,
  "B>N": 0.033989,
  "A>N": 0.002613,
  "A>X": 0.039747,
  "A>B": 0.00117,
  "N>B": 0.02339,
  "N>X": 0.056551,
  "X>N": 0.019311,
  "T>N": 0.033989,
  "X>T": 0.249313,
  "T>X": 0.359224,
  "X>A": 0.029353
 },
 "prev_intensity": {
  "X": 0.0,
  "T": 0.0,
  "N": 0.6,
  "B": 0.0,
  "A": 0.0
 },
 "saved_at": 1784191689.967316
}