{
 "version": 1,
 "observations": 4486,
 "flux": {
  "X>B": 0.043687,
  "T>B": 8.844711,
  "B>X": 5.196423,
  "B>T": 0.013302,
  "B>N": 15.573295,
  "N>A": 0.121739,
  "A>N": 1.237692,
  "A>X": 14.968322,
  "A>T": 0.022645,
  "A>B": 0.875308,
  "N>B": 16.75772,
  "N>X": 20.695678,
  "N>T": 0.015446,
  "X>N": 6.482837,
  "T>N": 11.481242,
  "X>T": 99.385579,
  "B>A": 0.01374,
  "T>X": 141.934113,
  "X>A": 12.881075
 },
 "prev_intensity": {
  "X": 2.0309999999999997,
  "T": 2.0,
  "N": 2.0,
  "B": 0.0,
  "A": 0.55
 },
 "saved_at": 1784838206.1788912
}