{
 "version": 1,
 "observations": 1444,
 "flux": {
  "X>B": 2.96357,
  "T>B": 8.515088,
  "B>X": 3.450987,
  "B>T": 0.902241,
  "B>N": 13.946058,
  "N>A": 8.258525,
  "A>N": 3.768867,
  "A>X": 6.664974,
  "A>T": 1.536111,
  "A>B": 3.011167,
  "N>B": 9.452973,
  "N>X": 7.575879,
  "N>T": 1.047764,
  "X>N": 1.841039,
  "T>N": 7.016851,
  "X>T": 36.588213,
  "B>A": 0.932206,
  "T>X": 51.272438,
  "X>A": 4.037668
 },
 "prev_intensity": {
  "X": 3.6925,
  "T": 2.0,
  "N": 2.0,
  "B": 0.0,
  "A": 0.55
 },
 "saved_at": 1784064906.961505
}