{
 "version": 1,
 "observations": 4526,
 "flux": {
  "X>B": 0.04133,
  "T>B": 8.367607,
  "B>X": 4.916115,
  "B>T": 0.012585,
  "B>N": 14.733235,
  "N>A": 0.115172,
  "A>N": 1.170928,
  "A>X": 15.133674,
  "A>T": 0.021423,
  "A>B": 0.828092,
  "N>B": 15.853769,
  "N>X": 20.548041,
  "N>T": 0.014613,
  "X>N": 6.728414,
  "T>N": 10.861916,
  "X>T": 98.956771,
  "B>A": 0.012998,
  "T>X": 142.342149,
  "X>A": 13.019345
 },
 "prev_intensity": {
  "X": 2.1385,
  "T": 2.0,
  "N": 2.0,
  "B": 0.0,
  "A": 0.55
 },
 "saved_at": 1784870556.0200088
}