{
 "version": 1,
 "observations": 4376,
 "flux": {
  "X>B": 0.050883,
  "T>B": 10.301732,
  "B>X": 6.052449,
  "B>T": 0.015492,
  "B>N": 18.13874,
  "N>A": 0.141796,
  "A>N": 1.441581,
  "A>X": 14.463355,
  "A>T": 0.026376,
  "A>B": 1.019501,
  "N>B": 19.51828,
  "N>X": 20.870271,
  "N>T": 0.017991,
  "X>N": 5.563105,
  "T>N": 13.372589,
  "X>T": 100.43081,
  "B>A": 0.016006,
  "T>X": 142.549293,
  "X>A": 12.237203
 },
 "prev_intensity": {
  "X": 2.0709999999999997,
  "T": 2.0,
  "N": 2.0,
  "B": 0.0,
  "A": 0.55
 },
 "saved_at": 1784743204.3923461
}