{
 "version": 1,
 "observations": 1558,
 "flux": {
  "X>B": 2.530348,
  "T>B": 9.223111,
  "B>X": 4.014866,
  "B>T": 0.77035,
  "B>N": 15.098011,
  "N>A": 7.051275,
  "A>N": 3.463357,
  "A>X": 7.722485,
  "A>T": 1.311559,
  "A>B": 2.748145,
  "N>B": 11.614251,
  "N>X": 9.456857,
  "N>T": 0.894599,
  "X>N": 2.018775,
  "T>N": 8.199831,
  "X>T": 46.28921,
  "B>A": 0.795934,
  "T>X": 65.371911,
  "X>A": 5.027228
 },
 "prev_intensity": {
  "X": 3.6925,
  "T": 2.0,
  "N": 2.0,
  "B": 0.0,
  "A": 0.55
 },
 "saved_at": 1784074710.353165
}