{
 "version": 1,
 "observations": 4416,
 "flux": {
  "X>B": 0.048138,
  "T>B": 9.746031,
  "B>X": 5.725965,
  "B>T": 0.014657,
  "B>N": 17.160294,
  "N>A": 0.134146,
  "A>N": 1.363819,
  "A>X": 14.655947,
  "A>T": 0.024953,
  "A>B": 0.964507,
  "N>B": 18.465418,
  "N>X": 20.713217,
  "N>T": 0.017021,
  "X>N": 5.858296,
  "T>N": 12.65124,
  "X>T": 99.962737,
  "B>A": 0.015141,
  "T>X": 141.910755,
  "X>A": 12.60779
 },
 "prev_intensity": {
  "X": 2.0309999999999997,
  "T": 1.5,
  "N": 2.0,
  "B": 0.0,
  "A": 0.55
 },
 "saved_at": 1784765262.6834173
}