{
 "version": 1,
 "observations": 3964,
 "flux": {
  "X>B": 0.090079,
  "T>B": 12.907164,
  "B>X": 7.552495,
  "B>T": 0.027425,
  "B>N": 22.663313,
  "N>A": 0.25102,
  "A>N": 1.825281,
  "A>X": 13.612522,
  "A>T": 0.046691,
  "A>B": 1.301952,
  "N>B": 24.495838,
  "N>X": 21.564282,
  "N>T": 0.031848,
  "X>N": 4.457622,
  "T>N": 16.775692,
  "X>T": 101.878407,
  "B>A": 0.028335,
  "T>X": 144.544902,
  "X>A": 10.859644
 },
 "prev_intensity": {
  "X": 3.6572999999999998,
  "T": 1.65,
  "N": 2.0,
  "B": 0.0,
  "A": 0.55
 },
 "saved_at": 1784534551.2669466
}