{
 "version": 1,
 "observations": 2212,
 "flux": {
  "X>B": 1.02196,
  "T>B": 10.496539,
  "B>X": 5.629087,
  "B>T": 0.311131,
  "B>N": 18.071347,
  "N>A": 2.847872,
  "A>N": 2.319827,
  "A>X": 11.601853,
  "A>T": 0.529712,
  "A>B": 1.748505,
  "N>B": 17.462432,
  "N>X": 15.566035,
  "N>T": 0.361311,
  "X>N": 2.599137,
  "T>N": 12.053685,
  "X>T": 80.853365,
  "B>A": 0.321463,
  "T>X": 116.213443,
  "X>A": 8.554992
 },
 "prev_intensity": {
  "X": 3.6925,
  "T": 2.0,
  "N": 2.0,
  "B": 0.0,
  "A": 0.55
 },
 "saved_at": 1784212745.8604405
}