{
 "version": 1,
 "observations": 1618,
 "flux": {
  "X>B": 2.328395,
  "T>B": 9.555839,
  "B>X": 4.323485,
  "B>T": 0.708866,
  "B>N": 15.772456,
  "N>A": 6.488496,
  "A>N": 3.331512,
  "A>X": 8.206076,
  "A>T": 1.20688,
  "A>B": 2.629502,
  "N>B": 12.701163,
  "N>X": 10.536766,
  "N>T": 0.823199,
  "X>N": 2.088952,
  "T>N": 8.917578,
  "X>T": 50.929968,
  "B>A": 0.732409,
  "T>X": 71.8427,
  "X>A": 5.498627
 },
 "prev_intensity": {
  "X": 3.6925,
  "T": 2.0,
  "N": 2.0,
  "B": 0.0,
  "A": 0.55
 },
 "saved_at": 1784096049.0002964
}