{
 "version": 1,
 "observations": 2152,
 "flux": {
  "X>B": 1.110599,
  "T>B": 10.856906,
  "B>X": 5.782623,
  "B>T": 0.338116,
  "B>N": 18.638762,
  "N>A": 3.094882,
  "A>N": 2.444114,
  "A>X": 11.275319,
  "A>T": 0.575657,
  "A>B": 1.84802,
  "N>B": 17.934207,
  "N>X": 15.911278,
  "N>T": 0.392649,
  "X>N": 2.5251,
  "T>N": 12.369056,
  "X>T": 78.873471,
  "B>A": 0.349345,
  "T>X": 112.375554,
  "X>A": 8.337069
 },
 "prev_intensity": {
  "X": 3.6925,
  "T": 2.0,
  "N": 2.0,
  "B": 0.0,
  "A": 0.55
 },
 "saved_at": 1784199350.5343168
}