{
 "version": 1,
 "observations": 1762,
 "flux": {
  "X>B": 1.907042,
  "T>B": 9.790834,
  "B>X": 4.706896,
  "B>T": 0.580588,
  "B>N": 16.40134,
  "N>A": 5.314317,
  "A>N": 2.996564,
  "A>X": 9.308818,
  "A>T": 0.988479,
  "A>B": 2.338994,
  "N>B": 14.109412,
  "N>X": 12.05569,
  "N>T": 0.674229,
  "X>N": 2.257643,
  "T>N": 9.846861,
  "X>T": 60.70154,
  "B>A": 0.59987,
  "T>X": 86.252956,
  "X>A": 6.487276
 },
 "prev_intensity": {
  "X": 3.6925,
  "T": 2.0,
  "N": 2.0,
  "B": 0.0,
  "A": 0.55
 },
 "saved_at": 1784117766.381795
}