{
 "version": 1,
 "observations": 3990,
 "flux": {
  "X>B": 0.08689,
  "T>B": 12.980803,
  "B>X": 7.607975,
  "B>T": 0.026454,
  "B>N": 22.825589,
  "N>A": 0.242133,
  "A>N": 1.834863,
  "A>X": 13.596247,
  "A>T": 0.045038,
  "A>B": 1.306156,
  "N>B": 24.634549,
  "N>X": 21.770169,
  "N>T": 0.030721,
  "X>N": 4.418525,
  "T>N": 16.886059,
  "X>T": 102.066392,
  "B>A": 0.027332,
  "T>X": 144.491435,
  "X>A": 10.885885
 },
 "prev_intensity": {
  "X": 3.6572999999999998,
  "T": 1.65,
  "N": 2.0,
  "B": 0.0,
  "A": 0.55
 },
 "saved_at": 1784544716.5726326
}