{
 "version": 1,
 "observations": 4290,
 "flux": {
  "X>B": 0.057326,
  "T>B": 11.60613,
  "B>X": 6.818805,
  "B>T": 0.017453,
  "B>N": 20.435456,
  "N>A": 0.159747,
  "A>N": 1.624112,
  "A>X": 14.011283,
  "A>T": 0.029715,
  "A>B": 1.148589,
  "N>B": 21.989669,
  "N>X": 20.982591,
  "N>T": 0.02027,
  "X>N": 4.712691,
  "T>N": 15.065816,
  "X>T": 101.627121,
  "B>A": 0.018033,
  "T>X": 143.724383,
  "X>A": 11.606253
 },
 "prev_intensity": {
  "X": 2.0309999999999997,
  "T": 2.0,
  "N": 2.0,
  "B": 0.0,
  "A": 0.55
 },
 "saved_at": 1784661249.0541189
}