{
 "version": 1,
 "observations": 3648,
 "flux": {
  "X>B": 0.139597,
  "T>B": 11.893349,
  "B>X": 6.814344,
  "B>T": 0.042501,
  "B>N": 20.791568,
  "N>A": 0.389011,
  "A>N": 1.726349,
  "A>X": 13.75778,
  "A>T": 0.072358,
  "A>B": 1.223324,
  "N>B": 22.074966,
  "N>X": 19.821213,
  "N>T": 0.049354,
  "X>N": 3.422695,
  "T>N": 15.071107,
  "X>T": 101.000404,
  "B>A": 0.043912,
  "T>X": 145.070384,
  "X>A": 10.612065
 },
 "prev_intensity": {
  "X": 3.6925,
  "T": 2.0,
  "N": 2.0,
  "B": 0.0,
  "A": 0.55
 },
 "saved_at": 1784470079.927624
}