{
 "version": 1,
 "observations": 3756,
 "flux": {
  "X>B": 0.120186,
  "T>B": 11.942329,
  "B>X": 6.925979,
  "B>T": 0.036591,
  "B>N": 21.064011,
  "N>A": 0.334918,
  "A>N": 1.729647,
  "A>X": 13.751622,
  "A>T": 0.062296,
  "A>B": 1.228175,
  "N>B": 22.504538,
  "N>X": 20.04442,
  "N>T": 0.042492,
  "X>N": 3.43967,
  "T>N": 15.415985,
  "X>T": 101.381561,
  "B>A": 0.037805,
  "T>X": 145.314176,
  "X>A": 10.710203
 },
 "prev_intensity": {
  "X": 3.6572999999999998,
  "T": 1.65,
  "N": 2.0,
  "B": 0.0,
  "A": 0.55
 },
 "saved_at": 1784483983.6900487
}