{
 "version": 1,
 "observations": 1294,
 "flux": {
  "X>B": 3.648583,
  "T>B": 8.080582,
  "B>X": 2.822139,
  "B>T": 1.110789,
  "B>N": 12.907525,
  "N>A": 10.167438,
  "A>N": 4.312167,
  "A>X": 4.864264,
  "A>T": 1.891174,
  "A>B": 3.48046,
  "N>B": 7.10357,
  "N>X": 5.133929,
  "N>T": 1.289949,
  "X>N": 1.542214,
  "T>N": 5.526994,
  "X>T": 20.979949,
  "B>A": 1.14768,
  "T>X": 27.896258,
  "X>A": 2.430558
 },
 "prev_intensity": {
  "X": 3.6925,
  "T": 2.0,
  "N": 2.0,
  "B": 0.0,
  "A": 0.55
 },
 "saved_at": 1784039256.071312
}