{
 "version": 1,
 "observations": 4262,
 "flux": {
  "X>B": 0.059594,
  "T>B": 12.065494,
  "B>X": 7.08869,
  "B>T": 0.018144,
  "B>N": 21.24428,
  "N>A": 0.16607,
  "A>N": 1.688393,
  "A>X": 13.852079,
  "A>T": 0.030891,
  "A>B": 1.194049,
  "N>B": 22.860008,
  "N>X": 21.000736,
  "N>T": 0.021072,
  "X>N": 4.400048,
  "T>N": 15.662113,
  "X>T": 101.938997,
  "B>A": 0.018747,
  "T>X": 144.083943,
  "X>A": 11.450674
 },
 "prev_intensity": {
  "X": 2.0309999999999997,
  "T": 1.5,
  "N": 2.0,
  "B": 0.0,
  "A": 0.55
 },
 "saved_at": 1784636294.856758
}