{
 "version": 1,
 "observations": 3442,
 "flux": {
  "X>B": 0.185738,
  "T>B": 11.950788,
  "B>X": 6.775916,
  "B>T": 0.056549,
  "B>N": 20.819569,
  "N>A": 0.517592,
  "A>N": 1.770479,
  "A>X": 13.633296,
  "A>T": 0.096274,
  "A>B": 1.262416,
  "N>B": 22.066359,
  "N>X": 19.66282,
  "N>T": 0.065667,
  "X>N": 3.577949,
  "T>N": 15.055561,
  "X>T": 100.014189,
  "B>A": 0.058426,
  "T>X": 143.341651,
  "X>A": 10.499096
 },
 "prev_intensity": {
  "X": 3.6925,
  "T": 2.0,
  "N": 2.0,
  "B": 0.0,
  "A": 0.55
 },
 "saved_at": 1784418783.634561
}