{
 "version": 1,
 "observations": 4128,
 "flux": {
  "X>B": 0.07176,
  "T>B": 12.778363,
  "B>X": 7.49435,
  "B>T": 0.021847,
  "B>N": 22.469581,
  "N>A": 0.199971,
  "A>N": 1.793714,
  "A>X": 13.672422,
  "A>T": 0.037196,
  "A>B": 1.272586,
  "N>B": 24.222356,
  "N>X": 21.511742,
  "N>T": 0.025373,
  "X>N": 4.20043,
  "T>N": 16.587653,
  "X>T": 102.441985,
  "B>A": 0.022574,
  "T>X": 145.548321,
  "X>A": 10.938038
 },
 "prev_intensity": {
  "X": 3.6572999999999998,
  "T": 1.65,
  "N": 2.0,
  "B": 0.0,
  "A": 0.55
 },
 "saved_at": 1784579232.4738967
}