{
 "version": 1,
 "observations": 3292,
 "flux": {
  "X>B": 0.22867,
  "T>B": 12.186363,
  "B>X": 6.855029,
  "B>T": 0.069619,
  "B>N": 21.188816,
  "N>A": 0.63723,
  "A>N": 1.837941,
  "A>X": 13.468521,
  "A>T": 0.118527,
  "A>B": 1.316173,
  "N>B": 22.406022,
  "N>X": 19.870526,
  "N>T": 0.080845,
  "X>N": 3.735103,
  "T>N": 15.291662,
  "X>T": 98.992325,
  "B>A": 0.07193,
  "T>X": 141.325073,
  "X>A": 10.398671
 },
 "prev_intensity": {
  "X": 3.6925,
  "T": 2.0,
  "N": 2.0,
  "B": 0.0,
  "A": 0.55
 },
 "saved_at": 1784399796.069951
}