{
 "version": 1,
 "observations": 3202,
 "flux": {
  "X>B": 0.259057,
  "T>B": 12.045599,
  "B>X": 6.718604,
  "B>T": 0.07887,
  "B>N": 20.875267,
  "N>A": 0.721908,
  "A>N": 1.841465,
  "A>X": 13.425424,
  "A>T": 0.134277,
  "A>B": 1.324916,
  "N>B": 22.06033,
  "N>X": 19.426421,
  "N>T": 0.091588,
  "X>N": 3.846333,
  "T>N": 15.039036,
  "X>T": 98.149973,
  "B>A": 0.081489,
  "T>X": 140.625014,
  "X>A": 10.31843
 },
 "prev_intensity": {
  "X": 3.6925,
  "T": 2.0,
  "N": 2.0,
  "B": 0.0,
  "A": 0.55
 },
 "saved_at": 1784389043.6774037
}