{
 "version": 1,
 "observations": 4494,
 "flux": {
  "X>B": 0.043205,
  "T>B": 8.747162,
  "B>X": 5.139111,
  "B>T": 0.013155,
  "B>N": 15.401536,
  "N>A": 0.120396,
  "A>N": 1.224041,
  "A>X": 15.00213,
  "A>T": 0.022395,
  "A>B": 0.865654,
  "N>B": 16.572898,
  "N>X": 20.665492,
  "N>T": 0.015276,
  "X>N": 6.533048,
  "T>N": 11.354614,
  "X>T": 99.229288,
  "B>A": 0.013588,
  "T>X": 141.60953,
  "X>A": 13.021861
 },
 "prev_intensity": {
  "X": 2.0309999999999997,
  "T": 1.5,
  "N": 2.0,
  "B": 0.0,
  "A": 0.55
 },
 "saved_at": 1784843145.8201096
}