{
 "version": 1,
 "observations": 1324,
 "flux": {
  "X>B": 3.499955,
  "T>B": 8.296947,
  "B>X": 3.028243,
  "B>T": 1.06554,
  "B>N": 13.34099,
  "N>A": 9.753258,
  "A>N": 4.210297,
  "A>X": 5.227519,
  "A>T": 1.814135,
  "A>B": 3.390074,
  "N>B": 7.842072,
  "N>X": 5.861209,
  "N>T": 1.237402,
  "X>N": 1.597445,
  "T>N": 6.002209,
  "X>T": 24.379567,
  "B>A": 1.100928,
  "T>X": 32.725525,
  "X>A": 2.776935
 },
 "prev_intensity": {
  "X": 3.6925,
  "T": 2.0,
  "N": 2.0,
  "B": 0.0,
  "A": 0.55
 },
 "saved_at": 1784044857.218096
}