{
 "version": 1,
 "observations": 1588,
 "flux": {
  "X>B": 2.427272,
  "T>B": 9.392934,
  "B>X": 4.172384,
  "B>T": 0.738969,
  "B>N": 15.442245,
  "N>A": 6.764035,
  "A>N": 3.396064,
  "A>X": 7.969308,
  "A>T": 1.258131,
  "A>B": 2.68759,
  "N>B": 12.169006,
  "N>X": 10.008038,
  "N>T": 0.858157,
  "X>N": 2.054593,
  "T>N": 8.566166,
  "X>T": 48.657833,
  "B>A": 0.763511,
  "T>X": 68.674574,
  "X>A": 5.267828
 },
 "prev_intensity": {
  "X": 3.6925,
  "T": 2.0,
  "N": 2.0,
  "B": 0.0,
  "A": 0.55
 },
 "saved_at": 1784087357.783478
}