{
 "version": 1,
 "observations": 3022,
 "flux": {
  "X>B": 0.33248,
  "T>B": 11.790049,
  "B>X": 6.554067,
  "B>T": 0.101223,
  "B>N": 20.612438,
  "N>A": 0.926514,
  "A>N": 1.888044,
  "A>X": 13.266892,
  "A>T": 0.172334,
  "A>B": 1.362381,
  "N>B": 21.551747,
  "N>X": 19.041911,
  "N>T": 0.117546,
  "X>N": 4.1151,
  "T>N": 14.92555,
  "X>T": 96.597694,
  "B>A": 0.104584,
  "T>X": 138.35194,
  "X>A": 10.161708
 },
 "prev_intensity": {
  "X": 3.6925,
  "T": 2.0,
  "N": 2.0,
  "B": 0.0,
  "A": 0.55
 },
 "saved_at": 1784363144.7402947
}