{
 "version": 1,
 "observations": 2602,
 "flux": {
  "X>B": 0.595156,
  "T>B": 11.112105,
  "B>X": 6.174165,
  "B>T": 0.181192,
  "B>N": 19.175646,
  "N>A": 1.658506,
  "A>N": 2.01649,
  "A>X": 12.6635,
  "A>T": 0.308488,
  "A>B": 1.484859,
  "N>B": 19.501285,
  "N>X": 17.447798,
  "N>T": 0.210415,
  "X>N": 2.723974,
  "T>N": 13.253781,
  "X>T": 90.655592,
  "B>A": 0.187208,
  "T>X": 130.379785,
  "X>A": 9.544805
 },
 "prev_intensity": {
  "X": 3.6925,
  "T": 2.0,
  "N": 2.0,
  "B": 0.0,
  "A": 0.55
 },
 "saved_at": 1784286711.4682777
}