{
 "version": 1,
 "observations": 3172,
 "flux": {
  "X>B": 0.270058,
  "T>B": 11.988424,
  "B>X": 6.669213,
  "B>T": 0.082219,
  "B>N": 20.761751,
  "N>A": 0.752564,
  "A>N": 1.842741,
  "A>X": 13.410299,
  "A>T": 0.139979,
  "A>B": 1.327604,
  "N>B": 21.925617,
  "N>X": 19.275198,
  "N>T": 0.095477,
  "X>N": 3.886602,
  "T>N": 14.947576,
  "X>T": 97.883071,
  "B>A": 0.084949,
  "T>X": 140.377781,
  "X>A": 10.292308
 },
 "prev_intensity": {
  "X": 3.6925,
  "T": 2.0,
  "N": 2.0,
  "B": 0.0,
  "A": 0.55
 },
 "saved_at": 1784384691.1258256
}