{
 "version": 1,
 "observations": 3938,
 "flux": {
  "X>B": 0.093385,
  "T>B": 12.633119,
  "B>X": 7.145541,
  "B>T": 0.028432,
  "B>N": 22.180841,
  "N>A": 0.260233,
  "A>N": 1.791175,
  "A>X": 13.687064,
  "A>T": 0.048405,
  "A>B": 1.264096,
  "N>B": 23.682088,
  "N>X": 21.00257,
  "N>T": 0.033017,
  "X>N": 4.498154,
  "T>N": 16.077137,
  "X>T": 101.797769,
  "B>A": 0.029375,
  "T>X": 145.382172,
  "X>A": 10.841228
 },
 "prev_intensity": {
  "X": 3.6572999999999998,
  "T": 1.65,
  "N": 2.0,
  "B": 0.0,
  "A": 0.55
 },
 "saved_at": 1784522881.296307
}