{
 "version": 1,
 "observations": 1732,
 "flux": {
  "X>B": 1.988026,
  "T>B": 10.206609,
  "B>X": 4.906778,
  "B>T": 0.605243,
  "B>N": 17.097835,
  "N>A": 5.539993,
  "A>N": 3.123815,
  "A>X": 8.988379,
  "A>T": 1.030456,
  "A>B": 2.438321,
  "N>B": 14.708579,
  "N>X": 12.567644,
  "N>T": 0.702861,
  "X>N": 2.230447,
  "T>N": 10.265015,
  "X>T": 58.844362,
  "B>A": 0.625344,
  "T>X": 82.397967,
  "X>A": 6.298461
 },
 "prev_intensity": {
  "X": 3.6925,
  "T": 2.0,
  "N": 2.0,
  "B": 0.0,
  "A": 0.55
 },
 "saved_at": 1784112581.9981096
}