{
 "version": 1,
 "observations": 1414,
 "flux": {
  "X>B": 3.08942,
  "T>B": 8.876688,
  "B>X": 3.597536,
  "B>T": 0.940555,
  "B>N": 14.538288,
  "N>A": 8.60923,
  "A>N": 3.928915,
  "A>X": 6.232262,
  "A>T": 1.601343,
  "A>B": 3.139038,
  "N>B": 9.854401,
  "N>X": 7.897594,
  "N>T": 1.092258,
  "X>N": 1.750002,
  "T>N": 7.314827,
  "X>T": 33.879432,
  "B>A": 0.971793,
  "T>X": 46.0826,
  "X>A": 3.742114
 },
 "prev_intensity": {
  "X": 3.6925,
  "T": 2.0,
  "N": 2.0,
  "B": 0.0,
  "A": 0.55
 },
 "saved_at": 1784059894.59837
}