{
 "version": 1,
 "observations": 4354,
 "flux": {
  "X>B": 0.052459,
  "T>B": 10.62076,
  "B>X": 6.239883,
  "B>T": 0.015972,
  "B>N": 18.700467,
  "N>A": 0.146187,
  "A>N": 1.486225,
  "A>X": 14.352787,
  "A>T": 0.027192,
  "A>B": 1.051073,
  "N>B": 20.122728,
  "N>X": 20.910158,
  "N>T": 0.018549,
  "X>N": 5.362741,
  "T>N": 13.786715,
  "X>T": 100.580424,
  "B>A": 0.016502,
  "T>X": 141.268551,
  "X>A": 12.33827
 },
 "prev_intensity": {
  "X": 2.0309999999999997,
  "T": 1.5,
  "N": 2.0,
  "B": 0.0,
  "A": 0.55
 },
 "saved_at": 1784722954.472989
}