{
 "version": 1,
 "observations": 3730,
 "flux": {
  "X>B": 0.124597,
  "T>B": 12.176829,
  "B>X": 7.011626,
  "B>T": 0.037934,
  "B>N": 21.334568,
  "N>A": 0.34721,
  "A>N": 1.754472,
  "A>X": 13.717156,
  "A>T": 0.064582,
  "A>B": 1.239284,
  "N>B": 22.651156,
  "N>X": 20.429855,
  "N>T": 0.044051,
  "X>N": 3.396691,
  "T>N": 15.479253,
  "X>T": 101.455077,
  "B>A": 0.039193,
  "T>X": 144.974624,
  "X>A": 10.683588
 },
 "prev_intensity": {
  "X": 3.6925,
  "T": 2.0,
  "N": 2.0,
  "B": 0.0,
  "A": 0.55
 },
 "saved_at": 1784480071.5799975
}