{
 "version": 1,
 "observations": 3886,
 "flux": {
  "X>B": 0.100365,
  "T>B": 12.41916,
  "B>X": 6.997978,
  "B>T": 0.030557,
  "B>N": 21.802139,
  "N>A": 0.279685,
  "A>N": 1.768394,
  "A>X": 13.729922,
  "A>T": 0.052024,
  "A>B": 1.249468,
  "N>B": 23.269935,
  "N>X": 20.584307,
  "N>T": 0.035485,
  "X>N": 4.583734,
  "T>N": 15.791887,
  "X>T": 101.627507,
  "B>A": 0.031571,
  "T>X": 145.595639,
  "X>A": 10.802343
 },
 "prev_intensity": {
  "X": 3.6572999999999998,
  "T": 1.65,
  "N": 2.0,
  "B": 0.0,
  "A": 0.55
 },
 "saved_at": 1784504135.471606
}