{
 "version": 1,
 "observations": 3142,
 "flux": {
  "X>B": 0.281526,
  "T>B": 11.928821,
  "B>X": 6.617725,
  "B>T": 0.085711,
  "B>N": 20.643414,
  "N>A": 0.784522,
  "A>N": 1.844071,
  "A>X": 13.394532,
  "A>T": 0.145923,
  "A>B": 1.330406,
  "N>B": 21.785184,
  "N>X": 19.117554,
  "N>T": 0.099532,
  "X>N": 3.928582,
  "T>N": 14.852232,
  "X>T": 97.604835,
  "B>A": 0.088556,
  "T>X": 140.120049,
  "X>A": 10.265077
 },
 "prev_intensity": {
  "X": 3.6925,
  "T": 2.0,
  "N": 2.0,
  "B": 0.0,
  "A": 0.55
 },
 "saved_at": 1784379675.2297394
}