{
 "version": 1,
 "observations": 44331,
 "flux": {
  "T>B": 0.098825,
  "B>X": 0.025618,
  "B>N": 0.068643,
  "A>N": 0.005278,
  "A>X": 0.553791,
  "A>B": 0.009248,
  "N>B": 0.103476,
  "N>X": 0.102188,
  "X>N": 0.075236,
  "T>N": 0.067716,
  "X>T": 3.068269,
  "T>X": 6.742984,
  "X>A": 0.282408,
  "B>T": 0.000245,
  "B>A": 1.9e-05,
  "X>B": 0.004168
 },
 "prev_intensity": {
  "X": 0.0,
  "T": 0.0,
  "N": 0.6,
  "B": 0.0,
  "A": 0.0
 },
 "saved_at": 1784325739.7679412
}