{
 "version": 1,
 "observations": 1354,
 "flux": {
  "X>B": 3.357381,
  "T>B": 8.504498,
  "B>X": 3.225952,
  "B>T": 1.022134,
  "B>N": 13.756798,
  "N>A": 9.35595,
  "A>N": 4.112576,
  "A>X": 5.575976,
  "A>T": 1.740235,
  "A>B": 3.30337,
  "N>B": 8.55049,
  "N>X": 6.558862,
  "N>T": 1.186995,
  "X>N": 1.650426,
  "T>N": 6.458066,
  "X>T": 27.640699,
  "B>A": 1.056081,
  "T>X": 37.358067,
  "X>A": 3.109203
 },
 "prev_intensity": {
  "X": 3.6925,
  "T": 2.0,
  "N": 2.0,
  "B": 0.0,
  "A": 0.55
 },
 "saved_at": 1784048955.1512525
}