{
 "version": 1,
 "observations": 3262,
 "flux": {
  "X>B": 0.238381,
  "T>B": 12.135165,
  "B>X": 6.811432,
  "B>T": 0.072575,
  "B>N": 21.088615,
  "N>A": 0.66429,
  "A>N": 1.839067,
  "A>X": 13.455227,
  "A>T": 0.12356,
  "A>B": 1.318489,
  "N>B": 22.285989,
  "N>X": 19.738163,
  "N>T": 0.084278,
  "X>N": 3.770649,
  "T>N": 15.21093,
  "X>T": 98.761194,
  "B>A": 0.074985,
  "T>X": 141.107569,
  "X>A": 10.375956
 },
 "prev_intensity": {
  "X": 3.6925,
  "T": 2.0,
  "N": 2.0,
  "B": 0.0,
  "A": 0.55
 },
 "saved_at": 1784396250.0860243
}