{
 "version": 1,
 "observations": 1174,
 "flux": {
  "X>B": 4.308951,
  "T>B": 7.245307,
  "B>X": 2.071508,
  "B>T": 1.311834,
  "B>N": 11.476409,
  "N>A": 12.007669,
  "A>N": 4.802846,
  "A>X": 3.192706,
  "A>T": 2.233463,
  "A>B": 3.901578,
  "N>B": 4.212868,
  "N>X": 2.527354,
  "N>T": 1.523421,
  "X>N": 1.296816,
  "T>N": 3.912511,
  "X>T": 6.104265,
  "B>A": 1.355401,
  "T>X": 5.816466,
  "X>A": 0.909197
 },
 "prev_intensity": {
  "X": 3.6925,
  "T": 2.0,
  "N": 2.0,
  "B": 0.0,
  "A": 0.55
 },
 "saved_at": 1784011143.3643615
}