{
 "version": 1,
 "observations": 4180,
 "flux": {
  "X>B": 0.066769,
  "T>B": 12.949347,
  "B>X": 7.607391,
  "B>T": 0.020328,
  "B>N": 22.801863,
  "N>A": 0.186063,
  "A>N": 1.814733,
  "A>X": 13.634947,
  "A>T": 0.034609,
  "A>B": 1.284223,
  "N>B": 24.540587,
  "N>X": 21.893181,
  "N>T": 0.023609,
  "X>N": 4.141508,
  "T>N": 16.817558,
  "X>T": 102.665802,
  "B>A": 0.021004,
  "T>X": 145.356136,
  "X>A": 10.975962
 },
 "prev_intensity": {
  "X": 3.6572999999999998,
  "T": 1.65,
  "N": 2.0,
  "B": 0.0,
  "A": 0.55
 },
 "saved_at": 1784588237.392399
}