{
 "version": 1,
 "observations": 4020,
 "flux": {
  "X>B": 0.08335,
  "T>B": 12.997553,
  "B>X": 7.619124,
  "B>T": 0.025376,
  "B>N": 22.855033,
  "N>A": 0.232269,
  "A>N": 1.833908,
  "A>X": 13.603797,
  "A>T": 0.043203,
  "A>B": 1.304342,
  "N>B": 24.658911,
  "N>X": 21.819757,
  "N>T": 0.02947,
  "X>N": 4.356587,
  "T>N": 16.898553,
  "X>T": 102.162882,
  "B>A": 0.026219,
  "T>X": 144.571095,
  "X>A": 10.887827
 },
 "prev_intensity": {
  "X": 3.6925,
  "T": 2.0,
  "N": 2.0,
  "B": 0.0,
  "A": 0.55
 },
 "saved_at": 1784553030.8605032
}