{
 "version": 1,
 "observations": 4400,
 "flux": {
  "X>B": 0.049218,
  "T>B": 9.964621,
  "B>X": 5.85439,
  "B>T": 0.014985,
  "B>N": 17.545174,
  "N>A": 0.137155,
  "A>N": 1.394407,
  "A>X": 14.580189,
  "A>T": 0.025512,
  "A>B": 0.986139,
  "N>B": 18.87957,
  "N>X": 20.774996,
  "N>T": 0.017403,
  "X>N": 5.74218,
  "T>N": 12.934989,
  "X>T": 100.111199,
  "B>A": 0.015481,
  "T>X": 142.062637,
  "X>A": 12.497675
 },
 "prev_intensity": {
  "X": 2.0309999999999997,
  "T": 1.5,
  "N": 2.0,
  "B": 0.0,
  "A": 0.55
 },
 "saved_at": 1784756808.311873
}