{
 "version": 1,
 "observations": 4408,
 "flux": {
  "X>B": 0.048675,
  "T>B": 9.85472,
  "B>X": 5.789821,
  "B>T": 0.01482,
  "B>N": 17.351667,
  "N>A": 0.135642,
  "A>N": 1.379028,
  "A>X": 14.618278,
  "A>T": 0.025231,
  "A>B": 0.975263,
  "N>B": 18.671346,
  "N>X": 20.743935,
  "N>T": 0.017211,
  "X>N": 5.80056,
  "T>N": 12.792328,
  "X>T": 100.127208,
  "B>A": 0.01531,
  "T>X": 142.238697,
  "X>A": 12.462386
 },
 "prev_intensity": {
  "X": 2.0309999999999997,
  "T": 2.0,
  "N": 2.0,
  "B": 0.0,
  "A": 0.55
 },
 "saved_at": 1784761521.9178011
}