{
 "version": 1,
 "observations": 4424,
 "flux": {
  "X>B": 0.047607,
  "T>B": 9.638541,
  "B>X": 5.662813,
  "B>T": 0.014495,
  "B>N": 16.971032,
  "N>A": 0.132666,
  "A>N": 1.348777,
  "A>X": 14.6932,
  "A>T": 0.024678,
  "A>B": 0.953869,
  "N>B": 18.261761,
  "N>X": 20.682838,
  "N>T": 0.016833,
  "X>N": 5.915395,
  "T>N": 12.511708,
  "X>T": 99.980384,
  "B>A": 0.014974,
  "T>X": 142.08849,
  "X>A": 12.571287
 },
 "prev_intensity": {
  "X": 2.0309999999999997,
  "T": 2.0,
  "N": 2.0,
  "B": 0.0,
  "A": 0.55
 },
 "saved_at": 1784772157.0770419
}