{
 "version": 1,
 "observations": 2272,
 "flux": {
  "X>B": 0.940395,
  "T>B": 10.606717,
  "B>X": 5.65049,
  "B>T": 0.286299,
  "B>N": 18.033835,
  "N>A": 2.620576,
  "A>N": 2.242738,
  "A>X": 11.831064,
  "A>T": 0.487435,
  "A>B": 1.690916,
  "N>B": 17.707976,
  "N>X": 15.559025,
  "N>T": 0.332474,
  "X>N": 2.622995,
  "T>N": 11.987154,
  "X>T": 82.515726,
  "B>A": 0.295806,
  "T>X": 119.224059,
  "X>A": 8.727927
 },
 "prev_intensity": {
  "X": 3.6925,
  "T": 2.0,
  "N": 2.0,
  "B": 0.0,
  "A": 0.55
 },
 "saved_at": 1784224359.3551495
}