{
 "version": 1,
 "observations": 4154,
 "flux": {
  "X>B": 0.06922,
  "T>B": 12.874554,
  "B>X": 7.551889,
  "B>T": 0.021074,
  "B>N": 22.638716,
  "N>A": 0.192892,
  "A>N": 1.804413,
  "A>X": 13.652642,
  "A>T": 0.035879,
  "A>B": 1.279214,
  "N>B": 24.398428,
  "N>X": 21.691809,
  "N>T": 0.024475,
  "X>N": 4.170438,
  "T>N": 16.704677,
  "X>T": 102.499816,
  "B>A": 0.021775,
  "T>X": 145.441339,
  "X>A": 10.953027
 },
 "prev_intensity": {
  "X": 3.6572999999999998,
  "T": 1.65,
  "N": 2.0,
  "B": 0.0,
  "A": 0.55
 },
 "saved_at": 1784584200.0514932
}