{
 "version": 1,
 "observations": 2512,
 "flux": {
  "X>B": 0.674243,
  "T>B": 11.377847,
  "B>X": 6.281965,
  "B>T": 0.205269,
  "B>N": 19.594578,
  "N>A": 1.878895,
  "A>N": 2.120664,
  "A>X": 12.384425,
  "A>T": 0.349481,
  "A>B": 1.568099,
  "N>B": 19.811207,
  "N>X": 17.687846,
  "N>T": 0.238375,
  "X>N": 2.700842,
  "T>N": 13.460458,
  "X>T": 88.824521,
  "B>A": 0.212086,
  "T>X": 126.945912,
  "X>A": 9.360261
 },
 "prev_intensity": {
  "X": 3.6925,
  "T": 2.0,
  "N": 2.0,
  "B": 0.0,
  "A": 0.55
 },
 "saved_at": 1784264568.8173585
}