{
 "version": 1,
 "observations": 3674,
 "flux": {
  "X>B": 0.134655,
  "T>B": 12.020871,
  "B>X": 6.895956,
  "B>T": 0.040996,
  "B>N": 21.020107,
  "N>A": 0.375239,
  "A>N": 1.739433,
  "A>X": 13.734979,
  "A>T": 0.069796,
  "A>B": 1.231695,
  "N>B": 22.32706,
  "N>X": 20.061128,
  "N>T": 0.047607,
  "X>N": 3.420237,
  "T>N": 15.241819,
  "X>T": 101.10927,
  "B>A": 0.042357,
  "T>X": 144.980322,
  "X>A": 10.638594
 },
 "prev_intensity": {
  "X": 3.6572999999999998,
  "T": 1.65,
  "N": 2.0,
  "B": 0.0,
  "A": 0.55
 },
 "saved_at": 1784473499.7526798
}