{
 "version": 1,
 "observations": 1822,
 "flux": {
  "X>B": 1.754837,
  "T>B": 10.07825,
  "B>X": 4.960282,
  "B>T": 0.53425,
  "B>N": 16.971763,
  "N>A": 4.890169,
  "A>N": 2.901975,
  "A>X": 9.6658,
  "A>T": 0.909586,
  "A>B": 2.253007,
  "N>B": 14.99718,
  "N>X": 12.928181,
  "N>T": 0.620417,
  "X>N": 2.308756,
  "T>N": 10.433155,
  "X>T": 64.192016,
  "B>A": 0.551993,
  "T>X": 91.05718,
  "X>A": 6.842145
 },
 "prev_intensity": {
  "X": 3.6925,
  "T": 2.0,
  "N": 2.0,
  "B": 0.0,
  "A": 0.55
 },
 "saved_at": 1784131573.15906
}