{
 "version": 1,
 "observations": 2122,
 "flux": {
  "X>B": 1.157761,
  "T>B": 10.749252,
  "B>X": 5.693485,
  "B>T": 0.352474,
  "B>N": 18.430271,
  "N>A": 3.226308,
  "A>N": 2.470982,
  "A>X": 11.168888,
  "A>T": 0.600103,
  "A>B": 1.872922,
  "N>B": 17.624275,
  "N>X": 15.610782,
  "N>T": 0.409323,
  "X>N": 2.509262,
  "T>N": 12.164214,
  "X>T": 77.787978,
  "B>A": 0.36418,
  "T>X": 110.928686,
  "X>A": 8.226807
 },
 "prev_intensity": {
  "X": 3.6925,
  "T": 2.0,
  "N": 2.0,
  "B": 0.0,
  "A": 0.55
 },
 "saved_at": 1784191569.3736205
}