{
 "version": 1,
 "observations": 3912,
 "flux": {
  "X>B": 0.096812,
  "T>B": 12.528067,
  "B>X": 7.073089,
  "B>T": 0.029475,
  "B>N": 21.994902,
  "N>A": 0.269784,
  "A>N": 1.77999,
  "A>X": 13.708107,
  "A>T": 0.050182,
  "A>B": 1.256914,
  "N>B": 23.479725,
  "N>X": 20.797207,
  "N>T": 0.034229,
  "X>N": 4.540173,
  "T>N": 15.937082,
  "X>T": 101.714172,
  "B>A": 0.030453,
  "T>X": 145.486982,
  "X>A": 10.822136
 },
 "prev_intensity": {
  "X": 3.6572999999999998,
  "T": 1.65,
  "N": 2.0,
  "B": 0.0,
  "A": 0.55
 },
 "saved_at": 1784509872.3472588
}