{
 "version": 1,
 "observations": 2332,
 "flux": {
  "X>B": 0.86534,
  "T>B": 10.829016,
  "B>X": 5.828566,
  "B>T": 0.263448,
  "B>N": 18.473964,
  "N>A": 2.411422,
  "A>N": 2.208313,
  "A>X": 11.986739,
  "A>T": 0.448532,
  "A>B": 1.656654,
  "N>B": 18.308534,
  "N>X": 16.151906,
  "N>T": 0.305938,
  "X>N": 2.644948,
  "T>N": 12.402626,
  "X>T": 84.265161,
  "B>A": 0.272197,
  "T>X": 121.396783,
  "X>A": 8.903965
 },
 "prev_intensity": {
  "X": 3.6925,
  "T": 2.0,
  "N": 2.0,
  "B": 0.0,
  "A": 0.55
 },
 "saved_at": 1784232318.0278413
}