{
 "version": 1,
 "observations": 2182,
 "flux": {
  "X>B": 1.065358,
  "T>B": 10.942282,
  "B>X": 5.86813,
  "B>T": 0.324343,
  "B>N": 18.83876,
  "N>A": 2.968809,
  "A>N": 2.41834,
  "A>X": 11.37879,
  "A>T": 0.552207,
  "A>B": 1.822757,
  "N>B": 18.203987,
  "N>X": 16.227059,
  "N>T": 0.376654,
  "X>N": 2.540293,
  "T>N": 12.565554,
  "X>T": 80.024338,
  "B>A": 0.335114,
  "T>X": 113.781375,
  "X>A": 8.45127
 },
 "prev_intensity": {
  "X": 3.6925,
  "T": 2.0,
  "N": 2.0,
  "B": 0.0,
  "A": 0.55
 },
 "saved_at": 1784204575.0957878
}