{
 "version": 1,
 "observations": 3352,
 "flux": {
  "X>B": 0.210419,
  "T>B": 11.759275,
  "B>X": 6.628979,
  "B>T": 0.064063,
  "B>N": 20.456951,
  "N>A": 0.586371,
  "A>N": 1.76504,
  "A>X": 13.613591,
  "A>T": 0.109067,
  "A>B": 1.26252,
  "N>B": 21.645617,
  "N>X": 19.221028,
  "N>T": 0.074393,
  "X>N": 3.668296,
  "T>N": 14.771561,
  "X>T": 99.426724,
  "B>A": 0.066189,
  "T>X": 142.929006,
  "X>A": 10.441362
 },
 "prev_intensity": {
  "X": 3.6925,
  "T": 2.0,
  "N": 2.0,
  "B": 0.0,
  "A": 0.55
 },
 "saved_at": 1784407651.4560485
}