{
 "version": 1,
 "observations": 4322,
 "flux": {
  "X>B": 0.054839,
  "T>B": 11.102519,
  "B>X": 6.522925,
  "B>T": 0.016696,
  "B>N": 19.548723,
  "N>A": 0.152817,
  "A>N": 1.553639,
  "A>X": 14.185822,
  "A>T": 0.028426,
  "A>B": 1.09875,
  "N>B": 21.035496,
  "N>X": 21.044034,
  "N>T": 0.019391,
  "X>N": 5.105428,
  "T>N": 14.412082,
  "X>T": 100.906662,
  "B>A": 0.01725,
  "T>X": 141.529699,
  "X>A": 12.105379
 },
 "prev_intensity": {
  "X": 2.0309999999999997,
  "T": 1.5,
  "N": 2.0,
  "B": 0.0,
  "A": 0.55
 },
 "saved_at": 1784685313.5704653
}