{
 "version": 1,
 "observations": 2722,
 "flux": {
  "X>B": 0.503946,
  "T>B": 11.444344,
  "B>X": 6.435848,
  "B>T": 0.153424,
  "B>N": 19.84579,
  "N>A": 1.404332,
  "A>N": 1.985061,
  "A>X": 12.836172,
  "A>T": 0.26121,
  "A>B": 1.449328,
  "N>B": 20.35323,
  "N>X": 18.323183,
  "N>T": 0.178169,
  "X>N": 2.750652,
  "T>N": 13.857448,
  "X>T": 92.872491,
  "B>A": 0.158518,
  "T>X": 132.859317,
  "X>A": 9.765725
 },
 "prev_intensity": {
  "X": 3.6925,
  "T": 2.0,
  "N": 2.0,
  "B": 0.0,
  "A": 0.55
 },
 "saved_at": 1784308123.5370536
}