{
 "version": 1,
 "observations": 4462,
 "flux": {
  "X>B": 0.045165,
  "T>B": 9.143934,
  "B>X": 5.372222,
  "B>T": 0.013752,
  "B>N": 16.100151,
  "N>A": 0.125858,
  "A>N": 1.279564,
  "A>X": 14.864619,
  "A>T": 0.023411,
  "A>B": 0.90492,
  "N>B": 17.324646,
  "N>X": 20.78827,
  "N>T": 0.015968,
  "X>N": 6.328819,
  "T>N": 11.869661,
  "X>T": 99.494238,
  "B>A": 0.014205,
  "T>X": 141.385452,
  "X>A": 12.819977
 },
 "prev_intensity": {
  "X": 2.0309999999999997,
  "T": 2.0,
  "N": 2.0,
  "B": 0.0,
  "A": 0.55
 },
 "saved_at": 1784824329.6938534
}