{
 "version": 1,
 "observations": 2692,
 "flux": {
  "X>B": 0.525346,
  "T>B": 11.361636,
  "B>X": 6.37445,
  "B>T": 0.159939,
  "B>N": 19.688556,
  "N>A": 1.463968,
  "A>N": 1.992435,
  "A>X": 12.796024,
  "A>T": 0.272302,
  "A>B": 1.457299,
  "N>B": 20.146024,
  "N>X": 18.125111,
  "N>T": 0.185735,
  "X>N": 2.744392,
  "T>N": 13.715811,
  "X>T": 92.381477,
  "B>A": 0.16525,
  "T>X": 132.282308,
  "X>A": 9.716132
 },
 "prev_intensity": {
  "X": 3.6925,
  "T": 2.0,
  "N": 2.0,
  "B": 0.0,
  "A": 0.55
 },
 "saved_at": 1784304122.6533365
}