{
 "version": 1,
 "observations": 4232,
 "flux": {
  "X>B": 0.062125,
  "T>B": 12.577863,
  "B>X": 7.389717,
  "B>T": 0.018914,
  "B>N": 22.146435,
  "N>A": 0.173122,
  "A>N": 1.760091,
  "A>X": 13.724574,
  "A>T": 0.032202,
  "A>B": 1.244755,
  "N>B": 23.830777,
  "N>X": 21.278789,
  "N>T": 0.021967,
  "X>N": 4.086684,
  "T>N": 16.327216,
  "X>T": 102.542878,
  "B>A": 0.019543,
  "T>X": 146.412151,
  "X>A": 10.985773
 },
 "prev_intensity": {
  "X": 3.6572999999999998,
  "T": 1.65,
  "N": 2.0,
  "B": 0.0,
  "A": 0.55
 },
 "saved_at": 1784598968.3502793
}