{
 "version": 1,
 "observations": 1234,
 "flux": {
  "X>B": 3.965043,
  "T>B": 7.619898,
  "B>X": 2.383301,
  "B>T": 1.207133,
  "B>N": 11.98459,
  "N>A": 11.049309,
  "A>N": 4.529069,
  "A>X": 4.090821,
  "A>T": 2.055205,
  "A>B": 3.67291,
  "N>B": 5.531151,
  "N>X": 3.585405,
  "N>T": 1.401833,
  "X>N": 1.424615,
  "T>N": 4.515165,
  "X>T": 13.74148,
  "B>A": 1.247224,
  "T>X": 17.61378,
  "X>A": 1.69305
 },
 "prev_intensity": {
  "X": 3.6925,
  "T": 2.0,
  "N": 2.0,
  "B": 0.0,
  "A": 0.55
 },
 "saved_at": 1784026369.960442
}