{
 "version": 1,
 "observations": 3558,
 "flux": {
  "X>B": 0.158147,
  "T>B": 11.694204,
  "B>X": 6.672513,
  "B>T": 0.048148,
  "B>N": 20.42523,
  "N>A": 0.440705,
  "A>N": 1.715045,
  "A>X": 13.754616,
  "A>T": 0.081973,
  "A>B": 1.218233,
  "N>B": 21.655368,
  "N>X": 19.40047,
  "N>T": 0.055913,
  "X>N": 3.492411,
  "T>N": 14.789173,
  "X>T": 100.543991,
  "B>A": 0.049747,
  "T>X": 144.887461,
  "X>A": 10.569342
 },
 "prev_intensity": {
  "X": 3.6925,
  "T": 2.0,
  "N": 2.0,
  "B": 0.0,
  "A": 0.55
 },
 "saved_at": 1784454890.320085
}