{
 "version": 1,
 "observations": 1792,
 "flux": {
  "X>B": 1.829357,
  "T>B": 9.93753,
  "B>X": 4.836223,
  "B>T": 0.556937,
  "B>N": 16.692481,
  "N>A": 5.097834,
  "A>N": 2.948286,
  "A>X": 9.49102,
  "A>T": 0.948212,
  "A>B": 2.295107,
  "N>B": 14.562525,
  "N>X": 12.501006,
  "N>T": 0.646764,
  "X>N": 2.283731,
  "T>N": 10.146103,
  "X>T": 62.483064,
  "B>A": 0.575434,
  "T>X": 88.705011,
  "X>A": 6.6684
 },
 "prev_intensity": {
  "X": 3.6925,
  "T": 2.0,
  "N": 2.0,
  "B": 0.0,
  "A": 0.55
 },
 "saved_at": 1784125512.3516238
}