{
 "version": 1,
 "observations": 4518,
 "flux": {
  "X>B": 0.041791,
  "T>B": 8.460923,
  "B>X": 4.97094,
  "B>T": 0.012725,
  "B>N": 14.897541,
  "N>A": 0.116456,
  "A>N": 1.183986,
  "A>X": 15.101333,
  "A>T": 0.021662,
  "A>B": 0.837327,
  "N>B": 16.030572,
  "N>X": 20.576917,
  "N>T": 0.014776,
  "X>N": 6.680382,
  "T>N": 10.983049,
  "X>T": 99.129299,
  "B>A": 0.013143,
  "T>X": 141.666549,
  "X>A": 13.076352
 },
 "prev_intensity": {
  "X": 2.0309999999999997,
  "T": 2.0,
  "N": 2.0,
  "B": 0.0,
  "A": 0.55
 },
 "saved_at": 1784858277.0349941
}