{
 "version": 1,
 "observations": 3322,
 "flux": {
  "X>B": 0.219355,
  "T>B": 11.689941,
  "B>X": 6.575783,
  "B>T": 0.066783,
  "B>N": 20.325671,
  "N>A": 0.611272,
  "A>N": 1.763071,
  "A>X": 13.606457,
  "A>T": 0.113699,
  "A>B": 1.262558,
  "N>B": 21.493293,
  "N>X": 19.061083,
  "N>T": 0.077552,
  "X>N": 3.701005,
  "T>N": 14.668743,
  "X>T": 99.21404,
  "B>A": 0.069,
  "T>X": 142.779614,
  "X>A": 10.42046
 },
 "prev_intensity": {
  "X": 3.6925,
  "T": 2.0,
  "N": 2.0,
  "B": 0.0,
  "A": 0.55
 },
 "saved_at": 1784404183.1007686
}