{
 "version": 1,
 "observations": 2572,
 "flux": {
  "X>B": 0.62043,
  "T>B": 11.015288,
  "B>X": 6.101654,
  "B>T": 0.188886,
  "B>N": 18.989954,
  "N>A": 1.728936,
  "A>N": 2.025199,
  "A>X": 12.61602,
  "A>T": 0.321588,
  "A>B": 1.494339,
  "N>B": 19.2579,
  "N>X": 17.212552,
  "N>T": 0.21935,
  "X>N": 2.716582,
  "T>N": 13.086509,
  "X>T": 90.070436,
  "B>A": 0.195158,
  "T>X": 129.69748,
  "X>A": 9.48583
 },
 "prev_intensity": {
  "X": 3.6925,
  "T": 2.0,
  "N": 2.0,
  "B": 0.0,
  "A": 0.55
 },
 "saved_at": 1784280818.1944115
}