{
 "version": 1,
 "observations": 4368,
 "flux": {
  "X>B": 0.05145,
  "T>B": 10.416618,
  "B>X": 6.119946,
  "B>T": 0.015665,
  "B>N": 18.341025,
  "N>A": 0.143377,
  "A>N": 1.457658,
  "A>X": 14.423538,
  "A>T": 0.02667,
  "A>B": 1.030871,
  "N>B": 19.735949,
  "N>X": 20.90274,
  "N>T": 0.018192,
  "X>N": 5.502077,
  "T>N": 13.521721,
  "X>T": 100.493197,
  "B>A": 0.016185,
  "T>X": 141.876003,
  "X>A": 12.275751
 },
 "prev_intensity": {
  "X": 2.0709999999999997,
  "T": 2.0,
  "N": 2.0,
  "B": 0.0,
  "A": 0.55
 },
 "saved_at": 1784737649.853717
}