{
 "version": 1,
 "observations": 4270,
 "flux": {
  "X>B": 0.058937,
  "T>B": 11.932423,
  "B>X": 7.010508,
  "B>T": 0.017944,
  "B>N": 21.009975,
  "N>A": 0.164238,
  "A>N": 1.669772,
  "A>X": 13.898198,
  "A>T": 0.03055,
  "A>B": 1.18088,
  "N>B": 22.607883,
  "N>X": 20.967186,
  "N>T": 0.02084,
  "X>N": 4.47323,
  "T>N": 15.489374,
  "X>T": 101.754544,
  "B>A": 0.01854,
  "T>X": 143.240478,
  "X>A": 11.607236
 },
 "prev_intensity": {
  "X": 2.0309999999999997,
  "T": 1.5,
  "N": 2.0,
  "B": 0.0,
  "A": 0.55
 },
 "saved_at": 1784644980.468901
}