{
 "version": 1,
 "observations": 1504,
 "flux": {
  "X>B": 2.72704,
  "T>B": 8.78341,
  "B>X": 3.646229,
  "B>T": 0.830231,
  "B>N": 14.237795,
  "N>A": 7.599393,
  "A>N": 3.576126,
  "A>X": 7.288209,
  "A>T": 1.41351,
  "A>B": 2.852802,
  "N>B": 10.33777,
  "N>X": 8.206582,
  "N>T": 0.964139,
  "X>N": 1.925401,
  "T>N": 7.352322,
  "X>T": 41.78348,
  "B>A": 0.857805,
  "T>X": 59.466148,
  "X>A": 4.571141
 },
 "prev_intensity": {
  "X": 3.6925,
  "T": 2.0,
  "N": 2.0,
  "B": 0.0,
  "A": 0.55
 },
 "saved_at": 1784071969.072659
}