{
 "version": 1,
 "observations": 3052,
 "flux": {
  "X>B": 0.318936,
  "T>B": 11.73439,
  "B>X": 6.449767,
  "B>T": 0.0971,
  "B>N": 20.257389,
  "N>A": 0.888772,
  "A>N": 1.848411,
  "A>X": 13.3431,
  "A>T": 0.165314,
  "A>B": 1.339546,
  "N>B": 21.327078,
  "N>X": 18.603304,
  "N>T": 0.112758,
  "X>N": 4.065523,
  "T>N": 14.541214,
  "X>T": 96.697206,
  "B>A": 0.100324,
  "T>X": 139.279306,
  "X>A": 10.176246
 },
 "prev_intensity": {
  "X": 3.6925,
  "T": 2.0,
  "N": 2.0,
  "B": 0.0,
  "A": 0.55
 },
 "saved_at": 1784368935.3383183
}