{
 "version": 1,
 "observations": 2422,
 "flux": {
  "X>B": 0.763839,
  "T>B": 11.129645,
  "B>X": 6.069389,
  "B>T": 0.232546,
  "B>N": 19.069179,
  "N>A": 2.12857,
  "A>N": 2.161758,
  "A>X": 12.197269,
  "A>T": 0.395921,
  "A>B": 1.610319,
  "N>B": 19.120706,
  "N>X": 16.953698,
  "N>T": 0.270052,
  "X>N": 2.674636,
  "T>N": 12.964495,
  "X>T": 86.631031,
  "B>A": 0.240269,
  "T>X": 124.335093,
  "X>A": 9.142032
 },
 "prev_intensity": {
  "X": 3.6925,
  "T": 2.0,
  "N": 2.0,
  "B": 0.0,
  "A": 0.55
 },
 "saved_at": 1784242702.3406687
}