{
 "version": 1,
 "observations": 4274,
 "flux": {
  "X>B": 0.058611,
  "T>B": 11.866439,
  "B>X": 6.971741,
  "B>T": 0.017845,
  "B>N": 20.893793,
  "N>A": 0.16333,
  "A>N": 1.660538,
  "A>X": 13.921067,
  "A>T": 0.030381,
  "A>B": 1.17435,
  "N>B": 22.482865,
  "N>X": 21.050411,
  "N>T": 0.020725,
  "X>N": 4.570881,
  "T>N": 15.40372,
  "X>T": 101.628565,
  "B>A": 0.018437,
  "T>X": 142.897344,
  "X>A": 11.658022
 },
 "prev_intensity": {
  "X": 2.0309999999999997,
  "T": 1.5,
  "N": 2.0,
  "B": 0.0,
  "A": 0.55
 },
 "saved_at": 1784651246.916694
}