{
 "version": 1,
 "observations": 3700,
 "flux": {
  "X>B": 0.129888,
  "T>B": 12.143878,
  "B>X": 6.974679,
  "B>T": 0.039545,
  "B>N": 21.240556,
  "N>A": 0.361955,
  "A>N": 1.752054,
  "A>X": 13.712985,
  "A>T": 0.067325,
  "A>B": 1.23977,
  "N>B": 22.570229,
  "N>X": 20.292549,
  "N>T": 0.045922,
  "X>N": 3.417866,
  "T>N": 15.406488,
  "X>T": 101.214282,
  "B>A": 0.040857,
  "T>X": 144.893448,
  "X>A": 10.664184
 },
 "prev_intensity": {
  "X": 3.6572999999999998,
  "T": 1.65,
  "N": 2.0,
  "B": 0.0,
  "A": 0.55
 },
 "saved_at": 1784476644.9093268
}