{
 "version": 1,
 "observations": 1384,
 "flux": {
  "X>B": 3.220615,
  "T>B": 8.703594,
  "B>X": 3.415607,
  "B>T": 0.980496,
  "B>N": 14.155667,
  "N>A": 8.974827,
  "A>N": 4.018836,
  "A>X": 5.910239,
  "A>T": 1.669345,
  "A>B": 3.220198,
  "N>B": 9.23005,
  "N>X": 7.228096,
  "N>T": 1.138642,
  "X>N": 1.701249,
  "T>N": 6.895353,
  "X>T": 30.768986,
  "B>A": 1.013061,
  "T>X": 41.801899,
  "X>A": 3.427935
 },
 "prev_intensity": {
  "X": 3.6925,
  "T": 2.0,
  "N": 2.0,
  "B": 0.0,
  "A": 0.55
 },
 "saved_at": 1784054527.8795187
}