{
 "version": 1,
 "observations": 4510,
 "flux": {
  "X>B": 0.042257,
  "T>B": 8.55528,
  "B>X": 5.026376,
  "B>T": 0.012867,
  "B>N": 15.06368,
  "N>A": 0.117755,
  "A>N": 1.19719,
  "A>X": 15.068631,
  "A>T": 0.021904,
  "A>B": 0.846665,
  "N>B": 16.209346,
  "N>X": 20.606115,
  "N>T": 0.014941,
  "X>N": 6.631814,
  "T>N": 11.105533,
  "X>T": 99.102161,
  "B>A": 0.01329,
  "T>X": 140.983414,
  "X>A": 13.118488
 },
 "prev_intensity": {
  "X": 2.0309999999999997,
  "T": 2.0,
  "N": 2.0,
  "B": 0.0,
  "A": 0.55
 },
 "saved_at": 1784851469.2817729
}