{
 "version": 1,
 "observations": 3232,
 "flux": {
  "X>B": 0.248504,
  "T>B": 12.100445,
  "B>X": 6.765983,
  "B>T": 0.075657,
  "B>N": 20.984159,
  "N>A": 0.6925,
  "A>N": 1.840241,
  "A>X": 13.439933,
  "A>T": 0.128807,
  "A>B": 1.322338,
  "N>B": 22.189555,
  "N>X": 19.571483,
  "N>T": 0.087857,
  "X>N": 3.807704,
  "T>N": 15.12677,
  "X>T": 98.406002,
  "B>A": 0.078169,
  "T>X": 140.862176,
  "X>A": 10.343488
 },
 "prev_intensity": {
  "X": 3.6925,
  "T": 2.0,
  "N": 2.0,
  "B": 0.0,
  "A": 0.55
 },
 "saved_at": 1784392602.4476676
}