{
 "version": 1,
 "observations": 1702,
 "flux": {
  "X>B": 2.072449,
  "T>B": 10.071339,
  "B>X": 4.780447,
  "B>T": 0.630945,
  "B>N": 16.823907,
  "N>A": 5.775253,
  "A>N": 3.179547,
  "A>X": 8.784832,
  "A>T": 1.074215,
  "A>B": 2.48829,
  "N>B": 14.261669,
  "N>X": 12.125158,
  "N>T": 0.732709,
  "X>N": 2.202097,
  "T>N": 9.970823,
  "X>T": 56.908318,
  "B>A": 0.6519,
  "T>X": 79.678078,
  "X>A": 6.101628
 },
 "prev_intensity": {
  "X": 3.66,
  "T": 2.0,
  "N": 2.0,
  "B": 0.0,
  "A": 0.55
 },
 "saved_at": 1784105467.943501
}