{
 "version": 1,
 "observations": 3112,
 "flux": {
  "X>B": 0.293481,
  "T>B": 11.866687,
  "B>X": 6.564051,
  "B>T": 0.089351,
  "B>N": 20.520052,
  "N>A": 0.817837,
  "A>N": 1.845458,
  "A>X": 13.378096,
  "A>T": 0.15212,
  "A>B": 1.333327,
  "N>B": 21.638787,
  "N>X": 18.953215,
  "N>T": 0.103759,
  "X>N": 3.972344,
  "T>N": 14.75284,
  "X>T": 97.314784,
  "B>A": 0.092317,
  "T>X": 139.851372,
  "X>A": 10.236689
 },
 "prev_intensity": {
  "X": 3.6925,
  "T": 2.0,
  "N": 2.0,
  "B": 0.0,
  "A": 0.55
 },
 "saved_at": 1784375638.0866923
}