{
 "version": 1,
 "observations": 4432,
 "flux": {
  "X>B": 0.047082,
  "T>B": 9.532237,
  "B>X": 5.600357,
  "B>T": 0.014335,
  "B>N": 16.783857,
  "N>A": 0.131203,
  "A>N": 1.333901,
  "A>X": 14.730042,
  "A>T": 0.024406,
  "A>B": 0.943349,
  "N>B": 18.060351,
  "N>X": 20.652794,
  "N>T": 0.016647,
  "X>N": 5.971864,
  "T>N": 12.373715,
  "X>T": 99.817532,
  "B>A": 0.014809,
  "T>X": 141.762204,
  "X>A": 12.71549
 },
 "prev_intensity": {
  "X": 2.0309999999999997,
  "T": 1.5,
  "N": 2.0,
  "B": 0.0,
  "A": 0.55
 },
 "saved_at": 1784784527.75571
}