{
 "version": 1,
 "observations": 3382,
 "flux": {
  "X>B": 0.201847,
  "T>B": 11.825785,
  "B>X": 6.680008,
  "B>T": 0.061453,
  "B>N": 20.582884,
  "N>A": 0.562485,
  "A>N": 1.766929,
  "A>X": 13.620434,
  "A>T": 0.104624,
  "A>B": 1.262484,
  "N>B": 21.791736,
  "N>X": 19.374457,
  "N>T": 0.071363,
  "X>N": 3.636919,
  "T>N": 14.870191,
  "X>T": 99.630744,
  "B>A": 0.063493,
  "T>X": 143.072313,
  "X>A": 10.461412
 },
 "prev_intensity": {
  "X": 3.6925,
  "T": 2.0,
  "N": 2.0,
  "B": 0.0,
  "A": 0.55
 },
 "saved_at": 1784411427.0723038
}