{
 "version": 1,
 "observations": 4346,
 "flux": {
  "X>B": 0.053044,
  "T>B": 10.739204,
  "B>X": 6.309471,
  "B>T": 0.01615,
  "B>N": 18.909016,
  "N>A": 0.147817,
  "A>N": 1.502799,
  "A>X": 14.311737,
  "A>T": 0.027495,
  "A>B": 1.062795,
  "N>B": 20.347138,
  "N>X": 20.943072,
  "N>T": 0.018756,
  "X>N": 5.299479,
  "T>N": 13.940466,
  "X>T": 100.751783,
  "B>A": 0.016686,
  "T>X": 141.589331,
  "X>A": 12.189861
 },
 "prev_intensity": {
  "X": 2.0309999999999997,
  "T": 2.0,
  "N": 2.0,
  "B": 0.0,
  "A": 0.55
 },
 "saved_at": 1784715986.9362369
}