{
 "version": 1,
 "observations": 1678,
 "flux": {
  "X>B": 2.142561,
  "T>B": 9.862011,
  "B>X": 4.607472,
  "B>T": 0.65229,
  "B>N": 16.393072,
  "N>A": 5.970634,
  "A>N": 3.21019,
  "A>X": 8.65107,
  "A>T": 1.110556,
  "A>B": 2.520329,
  "N>B": 13.701326,
  "N>X": 11.530485,
  "N>T": 0.757497,
  "X>N": 2.153528,
  "T>N": 9.57804,
  "X>T": 55.200337,
  "B>A": 0.673954,
  "T>X": 77.797041,
  "X>A": 5.932402
 },
 "prev_intensity": {
  "X": 3.6925,
  "T": 2.0,
  "N": 2.0,
  "B": 0.0,
  "A": 0.55
 },
 "saved_at": 1784104817.0353727
}