{
 "version": 1,
 "observations": 3082,
 "flux": {
  "X>B": 0.305944,
  "T>B": 11.801914,
  "B>X": 6.508097,
  "B>T": 0.093145,
  "B>N": 20.391451,
  "N>A": 0.852567,
  "A>N": 1.846904,
  "A>X": 13.360962,
  "A>T": 0.15858,
  "A>B": 1.336372,
  "N>B": 21.486173,
  "N>X": 18.781897,
  "N>T": 0.108165,
  "X>N": 4.017965,
  "T>N": 14.649227,
  "X>T": 97.012415,
  "B>A": 0.096237,
  "T>X": 139.571286,
  "X>A": 10.207096
 },
 "prev_intensity": {
  "X": 3.6925,
  "T": 2.0,
  "N": 2.0,
  "B": 0.0,
  "A": 0.55
 },
 "saved_at": 1784372724.825398
}