{
 "version": 1,
 "observations": 4452,
 "flux": {
  "X>B": 0.045795,
  "T>B": 9.271578,
  "B>X": 5.447215,
  "B>T": 0.013944,
  "B>N": 16.324901,
  "N>A": 0.127615,
  "A>N": 1.297426,
  "A>X": 14.820381,
  "A>T": 0.023738,
  "A>B": 0.917552,
  "N>B": 17.566489,
  "N>X": 20.676795,
  "N>T": 0.016191,
  "X>N": 6.170345,
  "T>N": 12.035355,
  "X>T": 99.623707,
  "B>A": 0.014404,
  "T>X": 141.294838,
  "X>A": 12.803569
 },
 "prev_intensity": {
  "X": 2.0309999999999997,
  "T": 2.0,
  "N": 2.0,
  "B": 0.0,
  "A": 0.55
 },
 "saved_at": 1784809086.6999447
}