{
  "self_id": "Ashe",
  "orientation": {
    "X": 0.6247161517603577,
    "T": 0.0,
    "N": 0.0,
    "B": 0.3287979746107146,
    "A": 0.0,
    "I_IS": 0.0,
    "I_ISNT": 0.6575959492214292,
    "I_CAN": 0.0,
    "I_CANNOT": 0.0,
    "I_DO": 0.0,
    "I_DONOT": 0.0,
    "I_SAW": 0.2630383796885717,
    "I_SOUGHT": 0.0,
    "I_DID": 0.0,
    "I_DIDNT": 0.0
  },
  "capacity": {
    "X": 166.363082525577,
    "T": 0.0,
    "N": 22.62872683413858,
    "B": 0.0,
    "A": 0.0
  },
  "exposure": {
    "X": 51.054292966397284,
    "T": 0.0,
    "N": 0.0,
    "B": 14.616646979370246,
    "A": 0.0,
    "I_IS": 0.0,
    "I_ISNT": 36.772407799791985,
    "I_CAN": 0.0,
    "I_CANNOT": 0.0,
    "I_DO": 0.0,
    "I_DONOT": 0.0,
    "I_SAW": 0.0,
    "I_SOUGHT": 0.0,
    "I_DID": 0.0,
    "I_DIDNT": 0.0
  },
  "lived": 500,
  "warped_gaps": 58,
  "total_resonance": 102.44334774555944,
  "resolved": 40,
  "rejected": 500,
  "reframed": 0,
  "tone_counts": {
    "rejected": 500
  },
  "anchors_seen": [
    "X:RECLASSIFY:L:713c26499a",
    "X:RECLASSIFY:L:bffee1fc59",
    "NC:X>A:NC:X>B",
    "L:e2d6621e3d:L:0e9de14be3",
    "L:53f1eb1977:L:e2d6621e3d",
    "L:a269472f2a:L:be54166214",
    "L:9c3d51c046:N:REDISTRIBUTE",
    "L:280119127f:NC:X>A",
    "X:RECLASSIFY:L:1a4a93766e",
    "X:ADMIT:L:890ab44ec7",
    "X:ADMIT:L:a48bacb221",
    "L:0e9de14be3:N:REDISTRIBUTE",
    "NC:B>T:NC:B>X",
    "L:ff69a042a0:L:9c3d51c046",
    "L:f084e40ef7:X:RECLASSIFY",
    "L:ff69a042a0:L:88931ab181",
    "L:a269472f2a:L:88931ab181",
    "X:ADMIT:L:27d2e65f0f",
    "X:ADMIT:L:13ac58d8bf",
    "NC:X>B:L:b737edc98c",
    "L:a269472f2a:L:385d922eea",
    "L:47f95ddd2a:L:e61478fba2",
    "L:ecee8a4a8c:NC:B>X",
    "X:RECLASSIFY:L:340798f2c0",
    "X:ADMIT:L:f01831a5ec",
    "L:18007bd036:X:RECLASSIFY",
    "NC:A>T:NC:A>X",
    "L:44f752f528:NC:A>T",
    "NC:B>X:L:43fb729393",
    "L:b0a40461a6:X:ADMIT",
    "X:ADMIT:L:d53fbe2272",
    "X:RECLASSIFY:L:20ad24d7c4",
    "X:RECLASSIFY:L:f4f0908cbf",
    "L:b737edc98c:L:725f72b502",
    "L:725f72b502:X:ADMIT",
    "X:ADMIT:L:8f1121aa96",
    "X:RECLASSIFY:L:4f2df0a21a",
    "X:ADMIT:L:401cc03199",
    "X:ADMIT:L:b6d6bb8aa6",
    "L:d54b2235b7:X:RECLASSIFY",
    "NC:B>X:NC:X>A",
    "X:ADMIT:L:d37651a797",
    "X:ADMIT:L:1d62be6f17",
    "L:88931ab181:N:REDISTRIBUTE",
    "A:DIRECTED_MANIPULATION:X:ADMIT",
    "X:ADMIT:L:be5e1d0bb6",
    "X:ADMIT:L:117ad144e5",
    "L:8820c847cf:L:d54b2235b7",
    "L:b737edc98c:L:1028c8eb9d",
    "L:b737edc98c:L:d54b2235b7",
    "X:RECLASSIFY:L:2761307a73",
    "X:RECLASSIFY:L:a07eb27cbd",
    "L:1028c8eb9d:X:ADMIT",
    "L:b737edc98c:L:18007bd036",
    "X:RECLASSIFY:L:474f241dcd",
    "L:9aa4f5ad4f:N:REDISTRIBUTE",
    "L:ecee8a4a8c:NC:B>T",
    "NC:X>A:L:47f95ddd2a",
    "X:ADMIT:L:91f00ad32b",
    "L:b737edc98c:L:b0a40461a6",
    "X:ADMIT:L:abc9ffa5c5",
    "L:a269472f2a:L:f9afb62095",
    "X:ADMIT:L:52d869d42f",
    "X:ADMIT:L:ba74301a9e",
    "L:93d2b78838:L:53f1eb1977",
    "X:RECLASSIFY:L:f5d7aa2b5e",
    "X:ADMIT:L:1bcbe6eeb0",
    "L:44f752f528:NC:A>X",
    "X:ADMIT:L:79b38370b9",
    "NC:A>X:L:ecee8a4a8c",
    "L:a269472f2a:L:2f7b8bf0bd",
    "L:a269472f2a:L:9c3d51c046",
    "L:b737edc98c:L:f084e40ef7",
    "X:RECLASSIFY:L:534579a7ec",
    "L:e2d6621e3d:L:ff69a042a0",
    "L:43fb729393:L:280119127f",
    "X:ADMIT:L:89c1b6df72",
    "X:ADMIT:L:432eedb8df",
    "X:RECLASSIFY:L:6421668e91"
  ],
  "resolved_anchors": {
    "X:RECLASSIFY:L:6421668e91": "constraint link candidate: X:RECLASSIFY -> L:6421668e91",
    "X:ADMIT:L:8f1121aa96": "constraint link candidate: X:ADMIT -> L:8f1121aa96",
    "X:ADMIT:L:f01831a5ec": "constraint link candidate: X:ADMIT -> L:f01831a5ec",
    "X:ADMIT:L:1d62be6f17": "constraint link candidate: X:ADMIT -> L:1d62be6f17",
    "X:ADMIT:L:13ac58d8bf": "constraint link candidate: X:ADMIT -> L:13ac58d8bf",
    "X:RECLASSIFY:L:2761307a73": "constraint link candidate: X:RECLASSIFY -> L:2761307a73",
    "X:ADMIT:L:79b38370b9": "constraint link candidate: X:ADMIT -> L:79b38370b9",
    "X:ADMIT:L:ba74301a9e": "constraint link candidate: X:ADMIT -> L:ba74301a9e",
    "X:RECLASSIFY:L:713c26499a": "constraint link candidate: X:RECLASSIFY -> L:713c26499a",
    "X:RECLASSIFY:L:f4f0908cbf": "constraint link candidate: X:RECLASSIFY -> L:f4f0908cbf",
    "X:RECLASSIFY:L:a07eb27cbd": "constraint link candidate: X:RECLASSIFY -> L:a07eb27cbd",
    "X:RECLASSIFY:L:f5d7aa2b5e": "constraint link candidate: X:RECLASSIFY -> L:f5d7aa2b5e",
    "X:ADMIT:L:b6d6bb8aa6": "constraint link candidate: X:ADMIT -> L:b6d6bb8aa6",
    "X:ADMIT:L:27d2e65f0f": "constraint link candidate: X:ADMIT -> L:27d2e65f0f",
    "X:RECLASSIFY:L:20ad24d7c4": "constraint link candidate: X:RECLASSIFY -> L:20ad24d7c4",
    "X:ADMIT:L:abc9ffa5c5": "constraint link candidate: X:ADMIT -> L:abc9ffa5c5",
    "X:RECLASSIFY:L:4f2df0a21a": "constraint link candidate: X:RECLASSIFY -> L:4f2df0a21a",
    "X:ADMIT:L:432eedb8df": "constraint link candidate: X:ADMIT -> L:432eedb8df",
    "X:ADMIT:L:91f00ad32b": "constraint link candidate: X:ADMIT -> L:91f00ad32b",
    "X:ADMIT:L:d53fbe2272": "constraint link candidate: X:ADMIT -> L:d53fbe2272",
    "X:ADMIT:L:401cc03199": "constraint link candidate: X:ADMIT -> L:401cc03199",
    "X:ADMIT:L:89c1b6df72": "constraint link candidate: X:ADMIT -> L:89c1b6df72",
    "L:18007bd036:X:RECLASSIFY": "constraint link candidate: L:18007bd036 -> X:RECLASSIFY",
    "X:RECLASSIFY:L:474f241dcd": "constraint link candidate: X:RECLASSIFY -> L:474f241dcd",
    "X:RECLASSIFY:L:340798f2c0": "constraint link candidate: X:RECLASSIFY -> L:340798f2c0",
    "X:ADMIT:L:52d869d42f": "constraint link candidate: X:ADMIT -> L:52d869d42f",
    "X:ADMIT:L:d37651a797": "constraint link candidate: X:ADMIT -> L:d37651a797",
    "X:ADMIT:L:117ad144e5": "constraint link candidate: X:ADMIT -> L:117ad144e5",
    "X:RECLASSIFY:L:1a4a93766e": "constraint link candidate: X:RECLASSIFY -> L:1a4a93766e",
    "L:f084e40ef7:X:RECLASSIFY": "constraint link candidate: L:f084e40ef7 -> X:RECLASSIFY",
    "X:RECLASSIFY:L:bffee1fc59": "constraint link candidate: X:RECLASSIFY -> L:bffee1fc59",
    "X:ADMIT:L:a48bacb221": "constraint link candidate: X:ADMIT -> L:a48bacb221",
    "L:725f72b502:X:ADMIT": "constraint link candidate: L:725f72b502 -> X:ADMIT",
    "X:ADMIT:L:890ab44ec7": "constraint link candidate: X:ADMIT -> L:890ab44ec7",
    "L:d54b2235b7:X:RECLASSIFY": "constraint link candidate: L:d54b2235b7 -> X:RECLASSIFY",
    "X:RECLASSIFY:L:534579a7ec": "constraint link candidate: X:RECLASSIFY -> L:534579a7ec",
    "L:1028c8eb9d:X:ADMIT": "constraint link candidate: L:1028c8eb9d -> X:ADMIT",
    "X:ADMIT:L:1bcbe6eeb0": "constraint link candidate: X:ADMIT -> L:1bcbe6eeb0",
    "L:b0a40461a6:X:ADMIT": "constraint link candidate: L:b0a40461a6 -> X:ADMIT",
    "X:ADMIT:L:be5e1d0bb6": "constraint link candidate: X:ADMIT -> L:be5e1d0bb6"
  },
  "held_open_anchors": {},
  "witnessed": 19920,
  "growth_events": 661,
  "self_resolved_from_held": 40,
  "witness_depth": {
    "X": 95.3599999999907,
    "T": 0.0,
    "N": 0.0,
    "B": 0.0,
    "A": 0.0
  },
  "profile": {
    "name": "Ashe",
    "reorder": "reverse",
    "seed": 142
  },
  "born_from": "pressure_stagnation:X",
  "identity": {
    "self_id": "Ashe",
    "reorder": "reverse",
    "leading_stance": "I_ISNT",
    "dominant_dim": "X",
    "dominant_axis": "X",
    "lived": 500,
    "avg_resonance": 0.205,
    "resolved": 40,
    "rejected": 500,
    "reframed_vs_her": 0,
    "warped_gaps": 58,
    "dominant_tone": "rejected",
    "distinct_anchors": 79,
    "fingerprint": "d6d093c1d8e2"
  },
  "saved_t": 1784191618.6484966
}