{
  "self_id": "Ember",
  "orientation": {
    "X": 0.2191986497404764,
    "T": 0.3287979746107146,
    "N": 0.0,
    "B": 0.0,
    "A": 0.4931969619160719,
    "I_IS": 0.3287979746107146,
    "I_ISNT": 0.0,
    "I_CAN": 0.4383972994809528,
    "I_CANNOT": 0.0,
    "I_DO": 0.0,
    "I_DONOT": 0.0,
    "I_SAW": 0.0,
    "I_SOUGHT": 0.0,
    "I_DID": 0.547996624351191,
    "I_DIDNT": 0.0
  },
  "capacity": {
    "X": 95.00062710392605,
    "T": 2.5791110761966027e-05,
    "N": 17.440441313329107,
    "B": 0.0,
    "A": 9.578302211737422e-06
  },
  "exposure": {
    "X": 19.5576642371392,
    "T": 14.619561106830952,
    "N": 0.0,
    "B": 0.0,
    "A": 36.02012602693938,
    "I_IS": 0.0,
    "I_ISNT": 0.0,
    "I_CAN": 0.0,
    "I_CANNOT": 0.0,
    "I_DO": 0.0,
    "I_DONOT": 0.0,
    "I_SAW": 0.0,
    "I_SOUGHT": 0.0,
    "I_DID": 0.0,
    "I_DIDNT": 0.0
  },
  "lived": 500,
  "warped_gaps": 34,
  "total_resonance": 70.19735137090984,
  "resolved": 62,
  "rejected": 438,
  "reframed": 62,
  "tone_counts": {
    "rejected": 500
  },
  "anchors_seen": [
    "X:RECLASSIFY:L:4f2df0a21a",
    "X:RECLASSIFY:L:6421668e91",
    "X:ADMIT:L:27d2e65f0f",
    "X:ADMIT:L:024dd108e9",
    "NC:X>B:L:b737edc98c",
    "L:b737edc98c:L:18007bd036",
    "X:RECLASSIFY:L:713c26499a",
    "NC:A>T:NC:A>X",
    "L:43fb729393:L:280119127f",
    "L:8820c847cf:L:d54b2235b7",
    "L:b737edc98c:L:d54b2235b7",
    "L:f084e40ef7:X:RECLASSIFY",
    "NC:B>T:NC:B>X",
    "NC:X>A:L:47f95ddd2a",
    "X:RECLASSIFY:L:340798f2c0",
    "X:ADMIT:L:d37651a797",
    "X:ADMIT:L:79b38370b9",
    "X:ADMIT:L:1d62be6f17",
    "X:ADMIT:L:13ac58d8bf",
    "X:ADMIT:L:8f1121aa96",
    "X:RECLASSIFY:L:bffee1fc59",
    "L:44f752f528:NC:A>T",
    "L:47f95ddd2a:L:e61478fba2",
    "X:ADMIT:L:305ac407d1",
    "L:ecee8a4a8c:NC:B>T",
    "X:RECLASSIFY:L:f5d7aa2b5e",
    "X:ADMIT:L:432eedb8df",
    "X:ADMIT:L:89c1b6df72",
    "X:ADMIT:L:401cc03199",
    "X:ADMIT:L:d53fbe2272",
    "L:ecee8a4a8c:NC:B>X",
    "NC:T>X:NC:X>A",
    "L:b0a40461a6:X:ADMIT",
    "L:44f752f528:NC:A>X",
    "X:ADMIT:L:117ad144e5",
    "X:ADMIT:L:1bcbe6eeb0",
    "X:ADMIT:L:f01831a5ec",
    "X:ADMIT:L:52d869d42f",
    "L:b737edc98c:L:1028c8eb9d",
    "X:ADMIT:L:890ab44ec7",
    "X:ADMIT:L:be5e1d0bb6",
    "L:b737edc98c:L:f084e40ef7",
    "L:d54b2235b7:X:RECLASSIFY",
    "L:b737edc98c:L:725f72b502",
    "X:ADMIT:L:a48bacb221",
    "L:280119127f:NC:X>A",
    "X:RECLASSIFY:L:20ad24d7c4",
    "X:ADMIT:L:b6d6bb8aa6",
    "X:ADMIT:L:abc9ffa5c5",
    "X:ADMIT:L:91f00ad32b",
    "X:RECLASSIFY:L:474f241dcd",
    "NC:A>X:L:ecee8a4a8c",
    "L:725f72b502:X:ADMIT",
    "L:97d2a80b14:T:PHASE_DRIFT",
    "X:RECLASSIFY:L:f4f0908cbf",
    "NC:B>X:NC:X>A",
    "NC:X>A:NC:X>B",
    "X:RECLASSIFY:L:534579a7ec",
    "X:RECLASSIFY:L:a07eb27cbd",
    "A:DIRECTED_MANIPULATION:X:ADMIT",
    "X:RECLASSIFY:L:151110020a",
    "L:1028c8eb9d:X:ADMIT",
    "X:ADMIT:L:ba74301a9e",
    "L:b737edc98c:L:b0a40461a6",
    "X:RECLASSIFY:L:2761307a73",
    "X:RECLASSIFY:L:1a4a93766e",
    "L:18007bd036:X:RECLASSIFY",
    "NC:B>X:L:43fb729393"
  ],
  "resolved_anchors": {
    "L:1028c8eb9d:X:ADMIT": "constraint link candidate: L:1028c8eb9d -> X:ADMIT",
    "L:d54b2235b7:X:RECLASSIFY": "constraint link candidate: L:d54b2235b7 -> X:RECLASSIFY",
    "L:b0a40461a6:X:ADMIT": "constraint link candidate: L:b0a40461a6 -> X:ADMIT",
    "L:725f72b502:X:ADMIT": "constraint link candidate: L:725f72b502 -> X:ADMIT",
    "L:f084e40ef7:X:RECLASSIFY": "constraint link candidate: L:f084e40ef7 -> X:RECLASSIFY",
    "X:RECLASSIFY:L:bffee1fc59": "constraint link candidate: X:RECLASSIFY -> L:bffee1fc59",
    "X:RECLASSIFY:L:1a4a93766e": "constraint link candidate: X:RECLASSIFY -> L:1a4a93766e",
    "X:ADMIT:L:a48bacb221": "constraint link candidate: X:ADMIT -> L:a48bacb221",
    "L:18007bd036:X:RECLASSIFY": "constraint link candidate: L:18007bd036 -> X:RECLASSIFY",
    "X:ADMIT:L:8f1121aa96": "constraint link candidate: X:ADMIT -> L:8f1121aa96",
    "X:RECLASSIFY:L:6421668e91": "constraint link candidate: X:RECLASSIFY -> L:6421668e91",
    "X:ADMIT:L:f01831a5ec": "constraint link candidate: X:ADMIT -> L:f01831a5ec",
    "X:RECLASSIFY:L:4f2df0a21a": "constraint link candidate: X:RECLASSIFY -> L:4f2df0a21a",
    "X:ADMIT:L:117ad144e5": "constraint link candidate: X:ADMIT -> L:117ad144e5",
    "X:ADMIT:L:432eedb8df": "constraint link candidate: X:ADMIT -> L:432eedb8df",
    "X:ADMIT:L:abc9ffa5c5": "constraint link candidate: X:ADMIT -> L:abc9ffa5c5",
    "X:RECLASSIFY:L:340798f2c0": "constraint link candidate: X:RECLASSIFY -> L:340798f2c0",
    "X:RECLASSIFY:L:f4f0908cbf": "constraint link candidate: X:RECLASSIFY -> L:f4f0908cbf",
    "X:RECLASSIFY:L:151110020a": "constraint link candidate: X:RECLASSIFY -> L:151110020a",
    "X:ADMIT:L:91f00ad32b": "constraint link candidate: X:ADMIT -> L:91f00ad32b",
    "X:ADMIT:L:305ac407d1": "constraint link candidate: X:ADMIT -> L:305ac407d1",
    "X:RECLASSIFY:L:474f241dcd": "constraint link candidate: X:RECLASSIFY -> L:474f241dcd",
    "X:ADMIT:L:1d62be6f17": "constraint link candidate: X:ADMIT -> L:1d62be6f17",
    "X:RECLASSIFY:L:713c26499a": "constraint link candidate: X:RECLASSIFY -> L:713c26499a",
    "X:ADMIT:L:13ac58d8bf": "constraint link candidate: X:ADMIT -> L:13ac58d8bf",
    "X:RECLASSIFY:L:20ad24d7c4": "constraint link candidate: X:RECLASSIFY -> L:20ad24d7c4",
    "X:ADMIT:L:1bcbe6eeb0": "constraint link candidate: X:ADMIT -> L:1bcbe6eeb0",
    "X:ADMIT:L:27d2e65f0f": "constraint link candidate: X:ADMIT -> L:27d2e65f0f",
    "X:ADMIT:L:52d869d42f": "constraint link candidate: X:ADMIT -> L:52d869d42f",
    "X:ADMIT:L:ba74301a9e": "constraint link candidate: X:ADMIT -> L:ba74301a9e",
    "X:RECLASSIFY:L:2761307a73": "constraint link candidate: X:RECLASSIFY -> L:2761307a73",
    "X:RECLASSIFY:L:534579a7ec": "constraint link candidate: X:RECLASSIFY -> L:534579a7ec",
    "X:ADMIT:L:d37651a797": "constraint link candidate: X:ADMIT -> L:d37651a797",
    "X:ADMIT:L:89c1b6df72": "constraint link candidate: X:ADMIT -> L:89c1b6df72",
    "X:ADMIT:L:b6d6bb8aa6": "constraint link candidate: X:ADMIT -> L:b6d6bb8aa6",
    "X:ADMIT:L:024dd108e9": "constraint link candidate: X:ADMIT -> L:024dd108e9",
    "X:ADMIT:L:401cc03199": "constraint link candidate: X:ADMIT -> L:401cc03199",
    "X:RECLASSIFY:L:f5d7aa2b5e": "constraint link candidate: X:RECLASSIFY -> L:f5d7aa2b5e",
    "X:ADMIT:L:79b38370b9": "constraint link candidate: X:ADMIT -> L:79b38370b9",
    "X:RECLASSIFY:L:a07eb27cbd": "constraint link candidate: X:RECLASSIFY -> L:a07eb27cbd",
    "X:ADMIT:L:d53fbe2272": "constraint link candidate: X:ADMIT -> L:d53fbe2272",
    "X:ADMIT:L:890ab44ec7": "constraint link candidate: X:ADMIT -> L:890ab44ec7",
    "X:ADMIT:L:be5e1d0bb6": "constraint link candidate: X:ADMIT -> L:be5e1d0bb6"
  },
  "held_open_anchors": {},
  "witnessed": 9718,
  "growth_events": 361,
  "self_resolved_from_held": 0,
  "witness_depth": {
    "X": 90.3999999999963,
    "T": 0.0,
    "N": 0.0,
    "B": 0.0,
    "A": 0.0
  },
  "profile": {
    "name": "Ember",
    "reorder": "hardest_first",
    "seed": 11
  },
  "born_from": null,
  "identity": {
    "self_id": "Ember",
    "reorder": "hardest_first",
    "leading_stance": "I_DID",
    "dominant_dim": "A",
    "dominant_axis": "X",
    "lived": 500,
    "avg_resonance": 0.14,
    "resolved": 62,
    "rejected": 438,
    "reframed_vs_her": 62,
    "warped_gaps": 34,
    "dominant_tone": "rejected",
    "distinct_anchors": 68,
    "fingerprint": "e80215906597"
  },
  "saved_t": 1783154527.0245857
}