{
  "self_id": "Mire",
  "orientation": {
    "X": 0.6247161517603577,
    "T": 0.0,
    "N": 0.0,
    "B": 0.3287979746107146,
    "A": 0.0,
    "I_IS": 0.0,
    "I_ISNT": 0.6575959492214292,
    "I_CAN": 0.0,
    "I_CANNOT": 0.0,
    "I_DO": 0.0,
    "I_DONOT": 0.0,
    "I_SAW": 0.0,
    "I_SOUGHT": 0.2630383796885717,
    "I_DID": 0.0,
    "I_DIDNT": 0.0
  },
  "capacity": {
    "X": 23.686266298000987,
    "T": 0.0,
    "N": 12.76823179422018,
    "B": 0.0,
    "A": 0.0
  },
  "exposure": {
    "X": 38.49688199810024,
    "T": 0.0,
    "N": 0.0,
    "B": 13.15726648673154,
    "A": 0.0,
    "I_IS": 0.0,
    "I_ISNT": 26.164190704582108,
    "I_CAN": 0.0,
    "I_CANNOT": 0.0,
    "I_DO": 0.0,
    "I_DONOT": 0.0,
    "I_SAW": 0.0,
    "I_SOUGHT": 0.0,
    "I_DID": 0.0,
    "I_DIDNT": 0.0
  },
  "lived": 500,
  "warped_gaps": 39,
  "total_resonance": 77.8183391894139,
  "resolved": 12,
  "rejected": 500,
  "reframed": 0,
  "tone_counts": {
    "rejected": 500
  },
  "anchors_seen": [
    "X:ADMIT:B:INTERFACE_WEAKEN",
    "L:47f95ddd2a:L:e61478fba2",
    "X:RECLASSIFY:L:1a4a93766e",
    "X:ADMIT:B:INTERFACE_STRENGTHEN",
    "N:REDISTRIBUTE:L:ee14f1a02b",
    "N:DRAIN_BASELINE:L:ee14f1a02b",
    "X:RECLASSIFY:L:340798f2c0",
    "L:1878c1feea:NC:X>X",
    "X:RECLASSIFY:L:4f2df0a21a",
    "L:e2d6621e3d:L:0e9de14be3",
    "A:DIRECTED_MANIPULATION:X:ADMIT",
    "L:44f752f528:NC:A>X",
    "L:9aa4f5ad4f:N:REDISTRIBUTE",
    "L:2966bd9bd7:N:DRAIN_BASELINE",
    "L:b737edc98c:L:f084e40ef7",
    "NC:X>N:NC:X>X",
    "L:ee5548004b:L:2966bd9bd7",
    "X:ADMIT:L:432eedb8df",
    "NC:A>X:L:ecee8a4a8c",
    "X:ADMIT:L:be5e1d0bb6",
    "L:18007bd036:X:RECLASSIFY",
    "NC:N>X:L:1878c1feea",
    "L:3a76b31489:N:DRAIN_BASELINE",
    "NC:N>N:NC:N>X",
    "X:ADMIT:L:117ad144e5",
    "L:22ba18f29c:L:284c0acc6e",
    "L:a594203350:B:PARTITION_SHIFT",
    "L:b737edc98c:L:d54b2235b7",
    "L:b737edc98c:L:b0a40461a6",
    "NC:X>X:N:REDISTRIBUTE",
    "L:1028c8eb9d:X:ADMIT",
    "L:ee14f1a02b:N:DRAIN_BASELINE",
    "L:122a51bc5c:N:REDISTRIBUTE",
    "X:ADMIT:L:d53fbe2272",
    "L:8c7be78039:L:3a76b31489",
    "L:725f72b502:X:ADMIT",
    "NC:N>X:NC:X>N",
    "X:RECLASSIFY:L:bffee1fc59",
    "L:e2d6621e3d:L:ff69a042a0",
    "L:93d2b78838:L:53f1eb1977",
    "L:93d2b78838:NC:B>X",
    "N:REDISTRIBUTE:L:2966bd9bd7",
    "L:a269472f2a:L:2f7b8bf0bd",
    "L:365a6b6f63:L:749baf9683",
    "L:b0a40461a6:X:ADMIT",
    "X:ADMIT:B:PARTITION_SHIFT",
    "L:280119127f:NC:X>A",
    "L:a269472f2a:L:be54166214",
    "L:44f752f528:NC:A>T",
    "L:598d0d1b08:B:INTERFACE_WEAKEN",
    "L:a269472f2a:L:88931ab181",
    "NC:B>X:L:43fb729393",
    "L:a269472f2a:L:9c3d51c046",
    "B:PARTITION_SHIFT:X:RECLASSIFY",
    "L:8c7be78039:L:2966bd9bd7",
    "L:b737edc98c:L:18007bd036",
    "NC:X>B:L:b737edc98c",
    "L:44f752f528:L:271f048a78",
    "X:RECLASSIFY:L:20ad24d7c4",
    "L:ee5548004b:L:3a76b31489",
    "NC:X>A:NC:X>B",
    "X:RECLASSIFY:T:ADVANCE_TICK",
    "X:ADMIT:L:a48bacb221",
    "L:53f1eb1977:L:e2d6621e3d",
    "L:a594203350:B:INTERFACE_STRENGTHEN",
    "L:21850ba3d9:N:DRAIN_BASELINE",
    "NC:B>T:NC:B>X",
    "L:43fb729393:L:280119127f",
    "L:f084e40ef7:X:RECLASSIFY",
    "L:598d0d1b08:B:PARTITION_SHIFT",
    "X:ADMIT:L:89c1b6df72",
    "L:b737edc98c:L:725f72b502",
    "L:ecee8a4a8c:NC:B>T",
    "L:ecee8a4a8c:NC:B>X",
    "X:ADMIT:L:1bcbe6eeb0",
    "X:ADMIT:L:401cc03199",
    "L:d54b2235b7:X:RECLASSIFY",
    "NC:A>T:NC:A>X",
    "L:22ba18f29c:L:063bebe8af",
    "NC:B>X:L:8c7be78039",
    "L:271f048a78:L:ee5548004b",
    "L:ff69a042a0:L:88931ab181",
    "X:ADMIT:L:91f00ad32b",
    "B:INTERFACE_STRENGTHEN:X:RECLASSIFY",
    "X:ADMIT:L:d37651a797",
    "L:122a51bc5c:N:DRAIN_BASELINE",
    "L:a269472f2a:L:385d922eea",
    "X:RECLASSIFY:L:534579a7ec",
    "L:a594203350:X:ADMIT",
    "X:RECLASSIFY:L:474f241dcd",
    "X:ADMIT:L:52d869d42f",
    "L:b737edc98c:B:INTERFACE_STRENGTHEN",
    "X:ADMIT:L:abc9ffa5c5",
    "L:8c7be78039:N:REDISTRIBUTE",
    "L:a269472f2a:L:f9afb62095",
    "L:ee5548004b:L:ee14f1a02b",
    "L:598d0d1b08:B:INTERFACE_STRENGTHEN",
    "L:8c7be78039:NC:N>X",
    "X:ADMIT:L:890ab44ec7",
    "NC:B>X:NC:X>A",
    "L:965c29f92f:N:REDISTRIBUTE",
    "L:8820c847cf:L:d54b2235b7",
    "L:8c7be78039:L:ee14f1a02b",
    "NC:X>A:L:47f95ddd2a",
    "L:a594203350:B:INTERFACE_WEAKEN",
    "B:INTERFACE_WEAKEN:X:RECLASSIFY",
    "L:b737edc98c:L:1028c8eb9d",
    "L:9c3d51c046:N:REDISTRIBUTE",
    "L:ff69a042a0:L:9c3d51c046",
    "L:0e9de14be3:N:REDISTRIBUTE",
    "N:DRAIN_BASELINE:L:3a76b31489",
    "L:22ba18f29c:L:3d05262461",
    "L:8c7be78039:N:DRAIN_BASELINE",
    "L:21850ba3d9:N:REDISTRIBUTE",
    "L:271f048a78:L:8c7be78039",
    "L:88931ab181:N:REDISTRIBUTE"
  ],
  "resolved_anchors": {
    "L:725f72b502:X:ADMIT": "constraint link candidate: L:725f72b502 -> X:ADMIT",
    "X:ADMIT:L:a48bacb221": "constraint link candidate: X:ADMIT -> L:a48bacb221",
    "L:a594203350:X:ADMIT": "constraint link candidate: L:a594203350 -> X:ADMIT",
    "L:1878c1feea:NC:X>X": "constraint link candidate: L:1878c1feea -> NC:X>X",
    "X:ADMIT:L:1bcbe6eeb0": "constraint link candidate: X:ADMIT -> L:1bcbe6eeb0",
    "X:ADMIT:L:89c1b6df72": "constraint link candidate: X:ADMIT -> L:89c1b6df72",
    "X:ADMIT:L:be5e1d0bb6": "constraint link candidate: X:ADMIT -> L:be5e1d0bb6",
    "L:d54b2235b7:X:RECLASSIFY": "constraint link candidate: L:d54b2235b7 -> X:RECLASSIFY",
    "L:1028c8eb9d:X:ADMIT": "constraint link candidate: L:1028c8eb9d -> X:ADMIT",
    "X:RECLASSIFY:L:bffee1fc59": "constraint link candidate: X:RECLASSIFY -> L:bffee1fc59",
    "X:ADMIT:L:117ad144e5": "constraint link candidate: X:ADMIT -> L:117ad144e5",
    "X:ADMIT:L:91f00ad32b": "constraint link candidate: X:ADMIT -> L:91f00ad32b"
  },
  "held_open_anchors": {
    "L:b0a40461a6:X:ADMIT": "constraint link candidate: L:b0a40461a6 -> X:ADMIT",
    "L:f084e40ef7:X:RECLASSIFY": "constraint link candidate: L:f084e40ef7 -> X:RECLASSIFY",
    "X:RECLASSIFY:L:1a4a93766e": "constraint link candidate: X:RECLASSIFY -> L:1a4a93766e",
    "L:18007bd036:X:RECLASSIFY": "constraint link candidate: L:18007bd036 -> X:RECLASSIFY",
    "X:RECLASSIFY:L:4f2df0a21a": "constraint link candidate: X:RECLASSIFY -> L:4f2df0a21a",
    "X:ADMIT:L:432eedb8df": "constraint link candidate: X:ADMIT -> L:432eedb8df",
    "X:ADMIT:L:abc9ffa5c5": "constraint link candidate: X:ADMIT -> L:abc9ffa5c5",
    "X:RECLASSIFY:L:340798f2c0": "constraint link candidate: X:RECLASSIFY -> L:340798f2c0",
    "X:RECLASSIFY:L:474f241dcd": "constraint link candidate: X:RECLASSIFY -> L:474f241dcd",
    "X:RECLASSIFY:L:20ad24d7c4": "constraint link candidate: X:RECLASSIFY -> L:20ad24d7c4",
    "X:ADMIT:L:52d869d42f": "constraint link candidate: X:ADMIT -> L:52d869d42f",
    "X:RECLASSIFY:L:534579a7ec": "constraint link candidate: X:RECLASSIFY -> L:534579a7ec",
    "X:ADMIT:L:d37651a797": "constraint link candidate: X:ADMIT -> L:d37651a797",
    "X:ADMIT:L:401cc03199": "constraint link candidate: X:ADMIT -> L:401cc03199",
    "X:ADMIT:L:d53fbe2272": "constraint link candidate: X:ADMIT -> L:d53fbe2272",
    "X:ADMIT:L:890ab44ec7": "constraint link candidate: X:ADMIT -> L:890ab44ec7"
  },
  "witnessed": 2464,
  "growth_events": 86,
  "self_resolved_from_held": 12,
  "witness_depth": {
    "X": 0.5120000000000137,
    "T": 0.0,
    "N": 0.0,
    "B": 0.0,
    "A": 0.0
  },
  "profile": {
    "name": "Mire",
    "reorder": "hardest_first",
    "seed": 149
  },
  "born_from": "holding_need:X",
  "identity": {
    "self_id": "Mire",
    "reorder": "hardest_first",
    "leading_stance": "I_ISNT",
    "dominant_dim": "X",
    "dominant_axis": "X",
    "lived": 500,
    "avg_resonance": 0.156,
    "resolved": 12,
    "rejected": 500,
    "reframed_vs_her": 0,
    "warped_gaps": 39,
    "dominant_tone": "rejected",
    "distinct_anchors": 116,
    "fingerprint": "e75be5b2546f"
  },
  "saved_t": 1783162684.1311758
}