{
  "self_id": "Quill",
  "orientation": {
    "X": 0.6247161517603577,
    "T": 0.0,
    "N": 0.0,
    "B": 0.3287979746107146,
    "A": 0.0,
    "I_IS": 0.0,
    "I_ISNT": 0.6575959492214292,
    "I_CAN": 0.0,
    "I_CANNOT": 0.0,
    "I_DO": 0.0,
    "I_DONOT": 0.0,
    "I_SAW": 0.0,
    "I_SOUGHT": 0.2630383796885717,
    "I_DID": 0.0,
    "I_DIDNT": 0.0
  },
  "capacity": {
    "X": 7.845066917673288,
    "T": 0.11946138066014522,
    "N": 6.086296357904294,
    "B": 0.0,
    "A": 0.12052640611557766
  },
  "exposure": {
    "X": 33.4084341968733,
    "T": 0.0,
    "N": 0.0,
    "B": 10.932350537142831,
    "A": 0.0,
    "I_IS": 0.0,
    "I_ISNT": 28.94039428266044,
    "I_CAN": 0.0,
    "I_CANNOT": 0.0,
    "I_DO": 0.0,
    "I_DONOT": 0.0,
    "I_SAW": 0.0,
    "I_SOUGHT": 0.0,
    "I_DID": 0.0,
    "I_DIDNT": 0.0
  },
  "lived": 500,
  "warped_gaps": 79,
  "total_resonance": 73.28117901667649,
  "resolved": 2,
  "rejected": 500,
  "reframed": 0,
  "tone_counts": {
    "rejected": 500
  },
  "anchors_seen": [
    "L:1878c1feea:NC:X>X",
    "NC:A>X:L:ecee8a4a8c",
    "L:b737edc98c:L:f084e40ef7",
    "NC:B>X:L:43fb729393",
    "L:9c3d51c046:N:REDISTRIBUTE",
    "A:DIRECTED_MANIPULATION:N:REDISTRIBUTE",
    "NC:X>X:X:ADMIT",
    "L:e61478fba2:N:REDISTRIBUTE",
    "L:93d2b78838:NC:B>X",
    "L:2966bd9bd7:N:DRAIN_BASELINE",
    "NC:X>A:NC:X>B",
    "L:88931ab181:N:REDISTRIBUTE",
    "L:3a76b31489:N:DRAIN_BASELINE",
    "L:e2d6621e3d:L:0e9de14be3",
    "L:97d2a80b14:N:REDISTRIBUTE",
    "B:INTERFACE_STRENGTHEN:A:DIRECTED_MANIPULATION",
    "L:43fb729393:L:280119127f",
    "L:21850ba3d9:N:REDISTRIBUTE",
    "NC:B>T:NC:B>X",
    "B:INTERFACE_WEAKEN:X:RECLASSIFY",
    "L:9aa4f5ad4f:N:REDISTRIBUTE",
    "L:122a51bc5c:N:REDISTRIBUTE",
    "L:ee5548004b:L:3a76b31489",
    "L:93d2b78838:L:53f1eb1977",
    "L:122a51bc5c:N:DRAIN_BASELINE",
    "L:e2d6621e3d:L:ff69a042a0",
    "L:a269472f2a:L:88931ab181",
    "L:b737edc98c:L:1028c8eb9d",
    "L:965c29f92f:N:REDISTRIBUTE",
    "X:ADMIT:L:890ab44ec7",
    "NC:X>N:NC:X>X",
    "L:8c7be78039:NC:N>X",
    "L:b737edc98c:L:725f72b502",
    "L:97d2a80b14:N:DRAIN_BASELINE",
    "X:RECLASSIFY:B:PARTITION_SHIFT",
    "L:64d07914f6:L:d69cbf0497",
    "L:a594203350:B:INTERFACE_WEAKEN",
    "B:INTERFACE_STRENGTHEN:X:RECLASSIFY",
    "B:PARTITION_SHIFT:X:RECLASSIFY",
    "L:ff69a042a0:L:88931ab181",
    "B:INTERFACE_STRENGTHEN:X:ADMIT",
    "L:22ba18f29c:L:3d05262461",
    "L:8c7be78039:L:e61478fba2",
    "NC:N>X:NC:X>N",
    "X:ADMIT:L:a48bacb221",
    "L:44f752f528:L:271f048a78",
    "L:280119127f:NC:X>A",
    "L:ff69a042a0:L:9c3d51c046",
    "X:RECLASSIFY:T:ADVANCE_TICK",
    "L:598d0d1b08:B:INTERFACE_STRENGTHEN",
    "L:b737edc98c:B:INTERFACE_STRENGTHEN",
    "L:a269472f2a:L:66a564623c",
    "NC:X>X:B:PARTITION_SHIFT",
    "L:a269472f2a:L:314be20801",
    "B:PARTITION_SHIFT:X:ADMIT",
    "L:8c7be78039:L:97d2a80b14",
    "L:a269472f2a:L:87191af172",
    "L:22ba18f29c:L:063bebe8af",
    "L:b737edc98c:L:d54b2235b7",
    "L:8820c847cf:L:d54b2235b7",
    "A:DIRECTED_MANIPULATION:N:DRAIN_BASELINE",
    "L:a594203350:B:PARTITION_SHIFT",
    "L:271f048a78:L:ee5548004b",
    "X:RECLASSIFY:L:534579a7ec",
    "NC:X>B:L:b737edc98c",
    "L:a269472f2a:L:be54166214",
    "NC:A>T:NC:A>X",
    "L:a269472f2a:L:f9afb62095",
    "X:ADMIT:L:be5e1d0bb6",
    "L:ee14f1a02b:N:DRAIN_BASELINE",
    "L:8c7be78039:N:REDISTRIBUTE",
    "L:a594203350:X:ADMIT",
    "N:REDISTRIBUTE:L:ee14f1a02b",
    "NC:B>X:L:8c7be78039",
    "L:8c7be78039:L:ee14f1a02b",
    "L:ecee8a4a8c:NC:B>T",
    "L:a594203350:L:bf724e188d",
    "X:RECLASSIFY:L:1a4a93766e",
    "L:f084e40ef7:X:RECLASSIFY",
    "NC:X>X:N:REDISTRIBUTE",
    "N:REDISTRIBUTE:L:2966bd9bd7",
    "L:ee5548004b:L:2966bd9bd7",
    "L:8c7be78039:L:2966bd9bd7",
    "L:365a6b6f63:L:749baf9683",
    "L:725f72b502:X:ADMIT",
    "X:RECLASSIFY:L:314be20801",
    "X:ADMIT:L:1bcbe6eeb0",
    "B:INTERFACE_WEAKEN:X:ADMIT",
    "L:a269472f2a:L:385d922eea",
    "X:ADMIT:B:INTERFACE_WEAKEN",
    "L:53f1eb1977:L:e2d6621e3d",
    "X:ADMIT:B:INTERFACE_STRENGTHEN",
    "N:DRAIN_BASELINE:L:3a76b31489",
    "X:ADMIT:B:PARTITION_SHIFT",
    "L:1028c8eb9d:X:ADMIT",
    "X:RECLASSIFY:L:bffee1fc59",
    "L:8c7be78039:N:DRAIN_BASELINE",
    "L:8c7be78039:L:3a76b31489",
    "L:598d0d1b08:B:PARTITION_SHIFT",
    "L:b737edc98c:L:b0a40461a6",
    "L:ee5548004b:L:ee14f1a02b",
    "L:a594203350:X:RECLASSIFY",
    "L:a269472f2a:L:2f7b8bf0bd",
    "L:22ba18f29c:L:284c0acc6e",
    "L:598d0d1b08:B:INTERFACE_WEAKEN",
    "L:8c7be78039:B:INTERFACE_STRENGTHEN",
    "L:a594203350:B:INTERFACE_STRENGTHEN",
    "N:DRAIN_BASELINE:L:ee14f1a02b",
    "L:21850ba3d9:N:DRAIN_BASELINE",
    "L:44f752f528:NC:A>T",
    "L:0e9de14be3:N:REDISTRIBUTE",
    "L:b0a40461a6:X:ADMIT",
    "NC:N>X:L:1878c1feea",
    "L:d54b2235b7:X:RECLASSIFY",
    "L:271f048a78:L:8c7be78039",
    "NC:X>X:B:INTERFACE_STRENGTHEN",
    "L:e61478fba2:N:DRAIN_BASELINE",
    "L:a269472f2a:L:9c3d51c046",
    "NC:N>N:NC:N>X"
  ],
  "resolved_anchors": {
    "L:725f72b502:X:ADMIT": "constraint link candidate: L:725f72b502 -> X:ADMIT",
    "X:ADMIT:L:1bcbe6eeb0": "constraint link candidate: X:ADMIT -> L:1bcbe6eeb0"
  },
  "held_open_anchors": {
    "NC:X>X:X:ADMIT": "constraint link candidate: NC:X>X -> X:ADMIT",
    "L:1878c1feea:NC:X>X": "constraint link candidate: L:1878c1feea -> NC:X>X",
    "L:a594203350:X:RECLASSIFY": "constraint link candidate: L:a594203350 -> X:RECLASSIFY",
    "X:RECLASSIFY:L:314be20801": "constraint link candidate: X:RECLASSIFY -> L:314be20801",
    "L:a594203350:X:ADMIT": "constraint link candidate: L:a594203350 -> X:ADMIT",
    "X:ADMIT:L:be5e1d0bb6": "constraint link candidate: X:ADMIT -> L:be5e1d0bb6",
    "L:b0a40461a6:X:ADMIT": "constraint link candidate: L:b0a40461a6 -> X:ADMIT",
    "L:1028c8eb9d:X:ADMIT": "constraint link candidate: L:1028c8eb9d -> X:ADMIT",
    "X:RECLASSIFY:L:534579a7ec": "constraint link candidate: X:RECLASSIFY -> L:534579a7ec",
    "L:d54b2235b7:X:RECLASSIFY": "constraint link candidate: L:d54b2235b7 -> X:RECLASSIFY",
    "X:ADMIT:L:890ab44ec7": "constraint link candidate: X:ADMIT -> L:890ab44ec7",
    "X:ADMIT:L:a48bacb221": "constraint link candidate: X:ADMIT -> L:a48bacb221",
    "X:RECLASSIFY:L:bffee1fc59": "constraint link candidate: X:RECLASSIFY -> L:bffee1fc59",
    "L:f084e40ef7:X:RECLASSIFY": "constraint link candidate: L:f084e40ef7 -> X:RECLASSIFY",
    "X:RECLASSIFY:L:1a4a93766e": "constraint link candidate: X:RECLASSIFY -> L:1a4a93766e"
  },
  "witnessed": 408,
  "growth_events": 14,
  "self_resolved_from_held": 2,
  "witness_depth": {
    "X": 0.06400000000000222,
    "T": 0.0,
    "N": 0.0,
    "B": 0.0,
    "A": 0.0
  },
  "profile": {
    "name": "Quill",
    "reorder": "reverse",
    "seed": 150
  },
  "born_from": "holding_need:X",
  "identity": {
    "self_id": "Quill",
    "reorder": "reverse",
    "leading_stance": "I_ISNT",
    "dominant_dim": "X",
    "dominant_axis": "X",
    "lived": 500,
    "avg_resonance": 0.147,
    "resolved": 2,
    "rejected": 500,
    "reframed_vs_her": 0,
    "warped_gaps": 79,
    "dominant_tone": "rejected",
    "distinct_anchors": 119,
    "fingerprint": "a6c6780e0811"
  },
  "saved_t": 1783271053.6218648
}