{
  "self_id": "Riven",
  "orientation": {
    "X": 0.0,
    "T": 0.0,
    "N": 0.5219701430050183,
    "B": 0.32966535347685366,
    "A": 0.21977690231790245,
    "I_IS": 0.0,
    "I_ISNT": 0.0,
    "I_CAN": 0.0,
    "I_CANNOT": 0.0,
    "I_DO": 0.5494422557947561,
    "I_DONOT": 0.0,
    "I_SAW": 0.4395538046358049,
    "I_SOUGHT": 0.0,
    "I_DID": 0.27472112789737807,
    "I_DIDNT": 0.0
  },
  "capacity": {
    "X": 1.5089853314357562,
    "T": 0.0,
    "N": 153.03332950934367,
    "B": 0.0,
    "A": 8.378238860485219e-06
  },
  "exposure": {
    "X": 0.0,
    "T": 0.0,
    "N": 85.82005795818573,
    "B": 15.527451046964373,
    "A": 16.05117697510949,
    "I_IS": 0.0,
    "I_ISNT": 0.0,
    "I_CAN": 0.0,
    "I_CANNOT": 0.0,
    "I_DO": 0.0,
    "I_DONOT": 0.0,
    "I_SAW": 0.0,
    "I_SOUGHT": 0.0,
    "I_DID": 0.0,
    "I_DIDNT": 0.0
  },
  "lived": 500,
  "warped_gaps": 53,
  "total_resonance": 117.39868598025969,
  "resolved": 415,
  "rejected": 85,
  "reframed": 415,
  "tone_counts": {
    "rejected": 500
  },
  "anchors_seen": [
    "X:RECLASSIFY:L:20ad24d7c4",
    "L:ecee8a4a8c:NC:B>T",
    "L:d54b2235b7:X:RECLASSIFY",
    "X:RECLASSIFY:L:534579a7ec",
    "L:b737edc98c:L:d54b2235b7",
    "X:RECLASSIFY:L:4f2df0a21a",
    "L:b737edc98c:L:b0a40461a6",
    "NC:T>X:NC:X>A",
    "X:ADMIT:L:401cc03199",
    "L:725f72b502:X:ADMIT",
    "X:ADMIT:L:b6d6bb8aa6",
    "X:ADMIT:L:d37651a797",
    "X:ADMIT:L:1bcbe6eeb0",
    "L:8820c847cf:L:d54b2235b7",
    "L:b737edc98c:L:1028c8eb9d",
    "NC:B>T:NC:B>X",
    "NC:X>A:L:47f95ddd2a",
    "X:RECLASSIFY:L:474f241dcd",
    "L:44f752f528:NC:A>T",
    "X:ADMIT:L:432eedb8df",
    "L:ecee8a4a8c:NC:B>X",
    "X:ADMIT:L:52d869d42f",
    "L:b737edc98c:L:725f72b502",
    "X:RECLASSIFY:L:a07eb27cbd",
    "X:ADMIT:L:be5e1d0bb6",
    "L:43fb729393:L:280119127f",
    "L:f084e40ef7:X:RECLASSIFY",
    "X:ADMIT:L:890ab44ec7",
    "X:RECLASSIFY:L:1a4a93766e",
    "L:b737edc98c:L:f084e40ef7",
    "X:ADMIT:L:024dd108e9",
    "L:280119127f:NC:X>A",
    "X:ADMIT:L:abc9ffa5c5",
    "X:RECLASSIFY:L:151110020a",
    "X:ADMIT:L:305ac407d1",
    "L:b737edc98c:L:18007bd036",
    "NC:B>X:NC:X>A",
    "X:RECLASSIFY:L:713c26499a",
    "X:ADMIT:L:f01831a5ec",
    "L:b0a40461a6:X:ADMIT",
    "L:18007bd036:X:RECLASSIFY",
    "NC:X>A:NC:X>B",
    "X:RECLASSIFY:L:340798f2c0",
    "X:ADMIT:L:91f00ad32b",
    "X:RECLASSIFY:L:2761307a73",
    "X:ADMIT:L:ba74301a9e",
    "X:RECLASSIFY:L:bffee1fc59",
    "X:RECLASSIFY:L:f5d7aa2b5e",
    "NC:A>T:NC:A>X",
    "X:ADMIT:L:13ac58d8bf",
    "X:ADMIT:L:a48bacb221",
    "X:RECLASSIFY:L:6421668e91",
    "NC:B>X:L:43fb729393",
    "X:RECLASSIFY:L:f4f0908cbf",
    "L:1028c8eb9d:X:ADMIT",
    "NC:X>B:L:b737edc98c",
    "L:97d2a80b14:T:PHASE_DRIFT",
    "X:ADMIT:L:79b38370b9",
    "NC:A>X:L:ecee8a4a8c",
    "X:ADMIT:L:d53fbe2272",
    "L:47f95ddd2a:L:e61478fba2",
    "X:ADMIT:L:8f1121aa96",
    "L:44f752f528:NC:A>X",
    "X:ADMIT:L:1d62be6f17",
    "A:DIRECTED_MANIPULATION:X:ADMIT",
    "X:ADMIT:L:117ad144e5",
    "X:ADMIT:L:27d2e65f0f",
    "X:ADMIT:L:89c1b6df72"
  ],
  "resolved_anchors": {
    "L:280119127f:NC:X>A": "constraint link candidate: L:280119127f -> NC:X>A",
    "L:43fb729393:L:280119127f": "constraint link candidate: L:43fb729393 -> L:280119127f",
    "L:b737edc98c:L:d54b2235b7": "constraint link candidate: L:b737edc98c -> L:d54b2235b7",
    "L:b737edc98c:L:1028c8eb9d": "constraint link candidate: L:b737edc98c -> L:1028c8eb9d",
    "L:b737edc98c:L:b0a40461a6": "constraint link candidate: L:b737edc98c -> L:b0a40461a6",
    "L:b737edc98c:L:725f72b502": "constraint link candidate: L:b737edc98c -> L:725f72b502",
    "L:b737edc98c:L:f084e40ef7": "constraint link candidate: L:b737edc98c -> L:f084e40ef7",
    "NC:B>T:NC:B>X": "constraint link candidate: NC:B>T -> NC:B>X",
    "NC:A>X:L:ecee8a4a8c": "constraint link candidate: NC:A>X -> L:ecee8a4a8c",
    "L:ecee8a4a8c:NC:B>T": "constraint link candidate: L:ecee8a4a8c -> NC:B>T",
    "NC:A>T:NC:A>X": "constraint link candidate: NC:A>T -> NC:A>X",
    "NC:B>X:L:43fb729393": "constraint link candidate: NC:B>X -> L:43fb729393",
    "NC:X>A:NC:X>B": "constraint link candidate: NC:X>A -> NC:X>B",
    "L:44f752f528:NC:A>T": "constraint link candidate: L:44f752f528 -> NC:A>T",
    "NC:X>B:L:b737edc98c": "constraint link candidate: NC:X>B -> L:b737edc98c",
    "NC:X>A:L:47f95ddd2a": "constraint link candidate: NC:X>A -> L:47f95ddd2a",
    "L:ecee8a4a8c:NC:B>X": "constraint link candidate: L:ecee8a4a8c -> NC:B>X",
    "L:44f752f528:NC:A>X": "constraint link candidate: L:44f752f528 -> NC:A>X",
    "NC:B>X:NC:X>A": "constraint link candidate: NC:B>X -> NC:X>A",
    "L:8820c847cf:L:d54b2235b7": "constraint link candidate: L:8820c847cf -> L:d54b2235b7",
    "NC:T>X:NC:X>A": "constraint link candidate: NC:T>X -> NC:X>A",
    "L:47f95ddd2a:L:e61478fba2": "constraint link candidate: L:47f95ddd2a -> L:e61478fba2",
    "L:b737edc98c:L:18007bd036": "constraint link candidate: L:b737edc98c -> L:18007bd036"
  },
  "held_open_anchors": {},
  "witnessed": 13087,
  "growth_events": 418,
  "self_resolved_from_held": 0,
  "witness_depth": {
    "X": 0.0,
    "T": 0.0,
    "N": 104.69599999998549,
    "B": 0.0,
    "A": 0.0
  },
  "profile": {
    "name": "Riven",
    "reorder": "diverged_first",
    "seed": 37
  },
  "born_from": null,
  "identity": {
    "self_id": "Riven",
    "reorder": "diverged_first",
    "leading_stance": "I_DO",
    "dominant_dim": "N",
    "dominant_axis": "N",
    "lived": 500,
    "avg_resonance": 0.235,
    "resolved": 415,
    "rejected": 85,
    "reframed_vs_her": 415,
    "warped_gaps": 53,
    "dominant_tone": "rejected",
    "distinct_anchors": 68,
    "fingerprint": "bdd9b82a1fd6"
  },
  "saved_t": 1784363191.7297933
}