{
  "self_id": "Sable",
  "orientation": {
    "X": 0.6247161517603577,
    "T": 0.0,
    "N": 0.0,
    "B": 0.3287979746107146,
    "A": 0.0,
    "I_IS": 0.0,
    "I_ISNT": 0.6575959492214292,
    "I_CAN": 0.0,
    "I_CANNOT": 0.0,
    "I_DO": 0.0,
    "I_DONOT": 0.0,
    "I_SAW": 0.0,
    "I_SOUGHT": 0.2630383796885717,
    "I_DID": 0.0,
    "I_DIDNT": 0.0
  },
  "capacity": {
    "X": 1.004406997304907,
    "T": 0.1306670880060193,
    "N": 2.270691998685104,
    "B": 2.0335606526904972,
    "A": 0.0
  },
  "exposure": {
    "X": 1.895463670844723,
    "T": 0.0,
    "N": 0.0,
    "B": 5.405638484927375,
    "A": 0.0,
    "I_IS": 0.0,
    "I_ISNT": 0.9299811099505542,
    "I_CAN": 0.0,
    "I_CANNOT": 0.0,
    "I_DO": 0.0,
    "I_DONOT": 0.0,
    "I_SAW": 0.0,
    "I_SOUGHT": 1.115977331940665,
    "I_DID": 0.0,
    "I_DIDNT": 0.0
  },
  "lived": 500,
  "warped_gaps": 46,
  "total_resonance": 9.347060597663315,
  "resolved": 1,
  "rejected": 500,
  "reframed": 18,
  "tone_counts": {
    "rejected": 482,
    "promoted": 18
  },
  "anchors_seen": [
    "N:DRAIN_BASELINE:B:INTERFACE_STRENGTHEN",
    "L:a083001313:L:ee14f1a02b",
    "L:284c0acc6e:A:OUTLET_PUSH",
    "L:eaf962d99c:L:992a4e171d",
    "L:eaf962d99c:L:5fa96eb6be",
    "dream:context_carry:dream:purpose:communication",
    "dream:directive:identity:dream:purpose:communication",
    "L:a083001313:L:3d05262461",
    "L:a083001313:L:3a76b31489",
    "L:8820c847cf:L:d54b2235b7",
    "B:INTERFACE_WEAKEN:N:REDISTRIBUTE",
    "L:a083001313:L:284c0acc6e",
    "X:MAINTAIN_UNDERSTANDING_EXISTENCE:T:SEQUENCE_UNDERSTANDING_TRANSITIONS",
    "Boundary_Operator_of_Temporal",
    "L:a083001313:L:1bf78f7495",
    "NC:A>T:L:3f8a297a0b",
    "A:DIRECTED_MANIPULATION:N:DRAIN_BASELINE",
    "T:SEQUENCE_UNDERSTANDING_TRANSITIONS:L:25a528ef0b",
    "L:22ba18f29c:L:e4d234bcc3",
    "L:22ba18f29c:L:2953fc9cf4",
    "L:c22d05840f:L:a312089426",
    "L:3f8a297a0b:L:eaf962d99c",
    "Agentive_Operator_of_Temporal",
    "dream:purpose:communication:dream:axis:N",
    "L:a083001313:B:INTERFACE_STRENGTHEN",
    "L:e4d234bcc3:A:DIRECTED_MANIPULATION",
    "dream:purpose:communication:dream:axis:T",
    "dream:directive:consciousness:dream:directive:expression",
    "dream:uncertainty_signal:dream:purpose:intelligence",
    "L:118e03fc07:L:3a76b31489",
    "L:063bebe8af:A:ALIGNMENT_PUSH",
    "L:1c4f87c087:L:118e03fc07",
    "L:97d2a80b14:N:REDISTRIBUTE",
    "L:e61478fba2:N:DRAIN_BASELINE",
    "N:WEIGH_UNDERSTANDING_COST:B:BOUND_MEANING_AND_PERSPECTIVE",
    "L:a083001313:A:OUTLET_PUSH",
    "L:97d2a80b14:N:DRAIN_BASELINE",
    "L:118e03fc07:L:ee14f1a02b",
    "L:2966bd9bd7:N:DRAIN_BASELINE",
    "L:a312089426:L:7404d99f5b",
    "L:22ba18f29c:L:063bebe8af",
    "A:ALIGNMENT_PUSH:L:063bebe8af",
    "L:a083001313:B:INTERFACE_WEAKEN",
    "L:091177dca4:N:DRAIN_BASELINE",
    "dream:contradiction_handle:dream:purpose:intelligence",
    "L:22ba18f29c:L:f5ce6c44b7",
    "dream:purpose:intelligence:dream:axis:A",
    "L:eaf962d99c:L:736b398863",
    "B:INTERFACE_STRENGTHEN:N:DRAIN_BASELINE",
    "L:25a528ef0b:L:e1f5d44339",
    "A:DIRECTED_MANIPULATION:N:REDISTRIBUTE",
    "L:1bf78f7495:A:ALIGNMENT_PUSH",
    "L:c22d05840f:L:25a528ef0b",
    "dream:directive:expression:dream:directive:identity",
    "L:a083001313:L:e4d234bcc3",
    "B:BOUND_MEANING_AND_PERSPECTIVE:A:VALIDATE_UNDERSTANDING_ACCURACY",
    "dream:directive:consciousness:dream:directive:simulation",
    "CONTRACT:COMMUNICATION_SEAM:CONTRACT:INTELLIGENCE_EVOLUTION",
    "L:736b398863:N:DRAIN_BASELINE",
    "A:OUTLET_PUSH:L:284c0acc6e",
    "N:DRAIN_BASELINE:L:5fa96eb6be",
    "L:a083001313:L:063bebe8af",
    "A:ALIGNMENT_PUSH:N:DRAIN_BASELINE",
    "L:25a528ef0b:A:VALIDATE_UNDERSTANDING_ACCURACY",
    "T:PHASE_DRIFT:N:REDISTRIBUTE",
    "L:ee14f1a02b:N:DRAIN_BASELINE",
    "dream:purpose:communication:dream:axis:X",
    "L:5fa96eb6be:N:DRAIN_BASELINE",
    "A:VALIDATE_UNDERSTANDING_ACCURACY:CONTRACT:COHERENCE_GUARD",
    "B:INTERFACE_STRENGTHEN:A:DIRECTED_MANIPULATION",
    "dream:adaptive_strategy:dream:purpose:intelligence",
    "L:e1f5d44339:L:7404d99f5b",
    "dream:boundary_cal:dream:purpose:communication",
    "Temporal_Operator_of_Temporal",
    "N:REDISTRIBUTE:A:ALIGNMENT_PUSH",
    "CONTRACT:COHERENCE_GUARD:CONTRACT:COMMUNICATION_SEAM",
    "L:a083001313:A:DIRECTED_MANIPULATION",
    "L:64d07914f6:L:d69cbf0497",
    "Agentive_Operator_of_Existence",
    "dream:directive:expression:dream:purpose:communication",
    "L:c22d05840f:L:c49f876bfe",
    "N:READ_PIPELINE_STATE:B:SHAPE_EXPRESSION_BOUNDARY",
    "dream:directive:simulation:dream:purpose:communication",
    "dream:framing_select:dream:purpose:communication",
    "dream:purpose:intelligence:dream:axis:N",
    "L:a083001313:A:ALIGNMENT_PUSH",
    "L:4eb6113209:NC:A>T",
    "T:SEQUENCE_UNDERSTANDING_TRANSITIONS:N:WEIGH_UNDERSTANDING_COST",
    "L:3d05262461:A:DIRECTED_MANIPULATION",
    "L:a083001313:L:2966bd9bd7",
    "dream:perspective_integ:dream:purpose:meaning",
    "N:DRAIN_BASELINE:B:INTERFACE_WEAKEN",
    "L:22ba18f29c:L:3d05262461",
    "Boundary_Operator_of_Boundary",
    "L:a083001313:L:97d2a80b14",
    "dream:purpose:intelligence:dream:axis:B",
    "L:3a76b31489:N:DRAIN_BASELINE",
    "L:992a4e171d:N:DRAIN_BASELINE",
    "L:64d07914f6:L:0aa7452d03",
    "L:22ba18f29c:L:1bf78f7495",
    "dream:purpose:meaning:dream:axis:B",
    "L:eaf962d99c:T:PHASE_DRIFT",
    "L:e61478fba2:N:REDISTRIBUTE",
    "A:DIRECTED_MANIPULATION:L:3d05262461",
    "L:eaf962d99c:L:091177dca4",
    "L:a083001313:L:e61478fba2",
    "Boundary_Operator_of_Existence",
    "L:22ba18f29c:L:284c0acc6e",
    "A:OUTLET_PUSH:N:DRAIN_BASELINE"
  ],
  "resolved_anchors": {
    "dream:purpose:intelligence:dream:axis:B": "constraint link candidate: dream:purpose:intelligence -> dream:axis:B"
  },
  "held_open_anchors": {
    "dream:purpose:meaning:dream:axis:B": "constraint link candidate: dream:purpose:meaning -> dream:axis:B",
    "dream:purpose:communication:dream:axis:X": "constraint link candidate: dream:purpose:communication -> dream:axis:X"
  },
  "witnessed": 372,
  "growth_events": 11,
  "self_resolved_from_held": 1,
  "witness_depth": {
    "X": 0.9920000000000008,
    "T": 0.0,
    "N": 0.0,
    "B": 0.3840000000000014,
    "A": 0.0
  },
  "profile": {
    "name": "Sable",
    "reorder": "seeded_shuffle",
    "seed": 151
  },
  "born_from": "holding_need:X",
  "identity": {
    "self_id": "Sable",
    "reorder": "seeded_shuffle",
    "leading_stance": "I_ISNT",
    "dominant_dim": "B",
    "dominant_axis": "N",
    "lived": 500,
    "avg_resonance": 0.019,
    "resolved": 1,
    "rejected": 500,
    "reframed_vs_her": 18,
    "warped_gaps": 46,
    "dominant_tone": "rejected",
    "distinct_anchors": 109,
    "fingerprint": "52c3a4e5181e"
  },
  "saved_t": 1783959169.739896
}