{
  "self_id": "Self6",
  "orientation": {
    "X": 0.6247161517603577,
    "T": 0.0,
    "N": 0.0,
    "B": 0.0,
    "A": 0.3287979746107146,
    "I_IS": 0.0,
    "I_ISNT": 0.6575959492214292,
    "I_CAN": 0.0,
    "I_CANNOT": 0.0,
    "I_DO": 0.0,
    "I_DONOT": 0.0,
    "I_SAW": 0.0,
    "I_SOUGHT": 0.0,
    "I_DID": 0.0,
    "I_DIDNT": 0.2630383796885717
  },
  "capacity": {
    "X": 1.69290556154053,
    "T": 1.2271770238655828,
    "N": 2.1704623025334793,
    "B": 0.0,
    "A": 4.2497977080456435
  },
  "exposure": {
    "X": 5.713051879511999,
    "T": 0.0,
    "N": 0.0,
    "B": 0.0,
    "A": 12.111945875799092,
    "I_IS": 0.0,
    "I_ISNT": 7.032388982034989,
    "I_CAN": 0.0,
    "I_CANNOT": 0.0,
    "I_DO": 0.0,
    "I_DONOT": 0.0,
    "I_SAW": 0.0,
    "I_SOUGHT": 0.0,
    "I_DID": 0.0,
    "I_DIDNT": 7.6905862916593986
  },
  "lived": 500,
  "warped_gaps": 67,
  "total_resonance": 32.54797302900544,
  "resolved": 2,
  "rejected": 500,
  "reframed": 86,
  "tone_counts": {
    "rejected": 414,
    "promoted": 86
  },
  "anchors_seen": [
    "L:1e0d847c92:dream:purpose:communication",
    "L:f972be3dd5:N:REDISTRIBUTE",
    "L:1c4f87c087:L:118e03fc07",
    "Boundary_Operator_of_Existence",
    "Boundary_Operator_of_Boundary",
    "dream:purpose:intelligence:dream:axis:B",
    "L:2a49f24d49:B:INTERFACE_STRENGTHEN",
    "L:a083001313:B:INTERFACE_WEAKEN",
    "L:a083001313:L:3a76b31489",
    "Agentive_Operator_of_Temporal",
    "L:22ba18f29c:L:063bebe8af",
    "T:PHASE_DRIFT:N:REDISTRIBUTE",
    "L:22ba18f29c:L:284c0acc6e",
    "dream:boundary_cal:dream:purpose:communication",
    "L:a594203350:X:ADMIT",
    "L:a083001313:L:c1f09048b4",
    "L:e4d234bcc3:A:DIRECTED_MANIPULATION",
    "L:66a564623c:N:REDISTRIBUTE",
    "L:22ba18f29c:L:5400b748b2",
    "Boundary_Operator_of_Temporal",
    "L:93d2b78838:L:947af0d750",
    "L:a269472f2a:L:f9afb62095",
    "L:a083001313:L:284c0acc6e",
    "L:1c4f87c087:L:ee5548004b",
    "L:ff69a042a0:L:1bf78f7495",
    "L:ee5548004b:L:2966bd9bd7",
    "L:a083001313:L:97d2a80b14",
    "L:a269472f2a:L:88931ab181",
    "Temporal_Operator_of_Temporal",
    "L:a083001313:A:DIRECTED_MANIPULATION",
    "L:a083001313:L:3d05262461",
    "dream:directive:consciousness:dream:directive:simulation",
    "L:22ba18f29c:L:f5ce6c44b7",
    "L:063bebe8af:A:ALIGNMENT_PUSH",
    "B:INTERFACE_STRENGTHEN:A:DIRECTED_MANIPULATION",
    "L:a083001313:L:f5ce6c44b7",
    "L:1bf78f7495:T:PHASE_DRIFT",
    "L:091177dca4:N:DRAIN_BASELINE",
    "L:aa63bd4c23:dream:axis:X",
    "NC:X>X:B:PARTITION_SHIFT",
    "L:2a49f24d49:L:ee14f1a02b",
    "L:93d2b78838:L:53f1eb1977",
    "L:284c0acc6e:A:OUTLET_PUSH",
    "L:ee14f1a02b:N:DRAIN_BASELINE",
    "L:ff69a042a0:L:e4d234bcc3",
    "dream:directive:consciousness:L:cebd47b419",
    "dream:directive:expression:dream:purpose:communication",
    "Temporal_Operator_of_Existence",
    "L:385d922eea:N:DRAIN_BASELINE",
    "dream:purpose:intelligence:dream:axis:A",
    "L:c996afa854:B:INTERFACE_STRENGTHEN",
    "L:e61478fba2:N:DRAIN_BASELINE",
    "N:DRAIN_BASELINE:A:DIRECTED_MANIPULATION",
    "dream:directive:expression:dream:directive:identity",
    "L:0ce3ed333c:A:DIRECTED_MANIPULATION",
    "L:671a3ac1c1:L:e4d234bcc3",
    "L:0e9de14be3:N:REDISTRIBUTE",
    "dream:directive:simulation:dream:purpose:communication",
    "A:DIRECTED_MANIPULATION:N:REDISTRIBUTE",
    "L:118e03fc07:L:ee14f1a02b",
    "dream:contradiction_handle:dream:purpose:intelligence",
    "L:bbcd6dbb04:dream:axis:A",
    "X:ADMIT:T:PHASE_DRIFT",
    "L:efd39087b2:L:ff69a042a0",
    "L:2a49f24d49:L:2966bd9bd7",
    "dream:directive:consciousness:dream:directive:expression",
    "L:9c3d51c046:N:REDISTRIBUTE",
    "L:a083001313:B:INTERFACE_STRENGTHEN",
    "N:DRAIN_BASELINE:B:INTERFACE_STRENGTHEN",
    "L:a083001313:L:2966bd9bd7",
    "L:ff69a042a0:L:88931ab181",
    "L:a083001313:L:1bf78f7495",
    "L:2953fc9cf4:T:PHASE_DRIFT",
    "L:671a3ac1c1:L:063bebe8af",
    "dream:purpose:communication:dream:axis:N",
    "L:947af0d750:L:ff69a042a0",
    "NC:X>X:N:REDISTRIBUTE",
    "L:824e0b473b:dream:axis:B",
    "B:PARTITION_SHIFT:X:ADMIT",
    "L:e4d234bcc3:T:PHASE_DRIFT",
    "L:671a3ac1c1:L:1bf78f7495",
    "L:ee5548004b:B:INTERFACE_STRENGTHEN",
    "L:53fdd5b1b5:dream:axis:B",
    "L:a083001313:L:ee14f1a02b",
    "L:a083001313:A:OUTLET_PUSH",
    "L:2a49f24d49:L:3a76b31489",
    "L:3484108e5f:dream:axis:N",
    "B:INTERFACE_WEAKEN:N:DRAIN_BASELINE",
    "L:a083001313:L:063bebe8af",
    "L:118e03fc07:L:3a76b31489",
    "L:ee5548004b:L:e61478fba2",
    "L:c1f09048b4:A:ALIGNMENT_PUSH",
    "L:c996afa854:B:INTERFACE_WEAKEN",
    "L:671a3ac1c1:L:3d05262461",
    "L:f5ce6c44b7:A:ALIGNMENT_PUSH",
    "dream:context_carry:dream:purpose:communication",
    "L:2966bd9bd7:N:DRAIN_BASELINE",
    "Energetic_Operator_of_Energetic",
    "L:ff69a042a0:L:c996afa854",
    "L:671a3ac1c1:L:9c3d51c046",
    "dream:perspective_integ:dream:purpose:meaning",
    "dream:uncertainty_signal:dream:purpose:intelligence",
    "L:063bebe8af:T:PHASE_DRIFT",
    "L:2953fc9cf4:A:OUTLET_PUSH",
    "L:a083001313:A:ALIGNMENT_PUSH",
    "L:a083001313:L:e61478fba2",
    "L:22ba18f29c:L:2953fc9cf4",
    "B:INTERFACE_STRENGTHEN:N:DRAIN_BASELINE",
    "L:97d2a80b14:N:DRAIN_BASELINE",
    "L:947af0d750:L:0e9de14be3",
    "L:a083001313:L:e4d234bcc3",
    "L:947af0d750:L:f972be3dd5",
    "L:671a3ac1c1:L:0aa7452d03",
    "L:22ba18f29c:L:c1f09048b4",
    "dream:directive:identity:dream:purpose:communication",
    "L:707f64331b:dream:purpose:communication",
    "L:b737edc98c:L:f9afb62095",
    "dream:framing_select:dream:purpose:communication",
    "A:DIRECTED_MANIPULATION:N:DRAIN_BASELINE",
    "N:DRAIN_BASELINE:X:RECLASSIFY",
    "X:ADMIT:B:INTERFACE_WEAKEN",
    "L:1bf78f7495:A:ALIGNMENT_PUSH",
    "X:ADMIT:B:INTERFACE_STRENGTHEN",
    "L:0aa7452d03:B:PARTITION_SHIFT",
    "L:a1216353a3:dream:axis:N",
    "L:a083001313:L:2953fc9cf4",
    "L:f9afb62095:X:ADMIT",
    "dream:purpose:communication:dream:axis:T",
    "L:1222d4a7d6:dream:axis:T",
    "L:ff69a042a0:L:385d922eea",
    "L:88931ab181:N:REDISTRIBUTE",
    "L:3a76b31489:N:DRAIN_BASELINE",
    "L:2f7b8bf0bd:N:DRAIN_BASELINE",
    "L:ff69a042a0:L:be54166214",
    "L:671a3ac1c1:L:558009368c",
    "dream:purpose:meaning:dream:axis:B",
    "L:671a3ac1c1:L:66a564623c",
    "A:ALIGNMENT_PUSH:L:f5ce6c44b7",
    "dream:purpose:communication:dream:axis:X",
    "dream:adaptive_strategy:dream:purpose:intelligence",
    "L:947af0d750:L:dd39ad3e70",
    "L:ff69a042a0:L:9c3d51c046",
    "L:a269472f2a:L:9c3d51c046",
    "L:22ba18f29c:L:3d05262461",
    "L:ee14f1a02b:N:REDISTRIBUTE",
    "L:ff69a042a0:L:3d05262461",
    "N:REDISTRIBUTE:A:DIRECTED_MANIPULATION",
    "L:93d2b78838:L:671a3ac1c1",
    "N:DRAIN_BASELINE:A:OUTLET_PUSH",
    "L:be54166214:N:DRAIN_BASELINE",
    "L:e2d6621e3d:L:0e9de14be3",
    "L:97d2a80b14:N:REDISTRIBUTE",
    "A:OUTLET_PUSH:N:DRAIN_BASELINE",
    "L:2a49f24d49:L:e61478fba2",
    "L:ff69a042a0:L:2f7b8bf0bd",
    "L:671a3ac1c1:T:PHASE_DRIFT",
    "dream:purpose:intelligence:dream:axis:N",
    "L:2966bd9bd7:N:REDISTRIBUTE",
    "L:e61478fba2:N:REDISTRIBUTE",
    "L:3d05262461:A:DIRECTED_MANIPULATION"
  ],
  "resolved_anchors": {
    "A:ALIGNMENT_PUSH:L:f5ce6c44b7": "constraint link candidate: A:ALIGNMENT_PUSH -> L:f5ce6c44b7",
    "L:a083001313:A:ALIGNMENT_PUSH": "constraint link candidate: L:a083001313 -> A:ALIGNMENT_PUSH"
  },
  "held_open_anchors": {
    "L:a594203350:X:ADMIT": "constraint link candidate: L:a594203350 -> X:ADMIT",
    "A:DIRECTED_MANIPULATION:N:DRAIN_BASELINE": "constraint link candidate: A:DIRECTED_MANIPULATION -> N:DRAIN_BASELINE",
    "X:ADMIT:B:INTERFACE_WEAKEN": "constraint link candidate: X:ADMIT -> B:INTERFACE_WEAKEN",
    "dream:purpose:intelligence:dream:axis:A": "constraint link candidate: dream:purpose:intelligence -> dream:axis:A",
    "L:bbcd6dbb04:dream:axis:A": "constraint link candidate: L:bbcd6dbb04 -> dream:axis:A",