{
  "self_id": "Wane",
  "orientation": {
    "X": 0.0,
    "T": 0.17320508075688773,
    "N": 0.2886751345948129,
    "B": 0.5196152422706632,
    "A": 0.0,
    "I_IS": 0.0,
    "I_ISNT": 0.40414518843273806,
    "I_CAN": 0.0,
    "I_CANNOT": 0.0,
    "I_DO": 0.0,
    "I_DONOT": 0.34641016151377546,
    "I_SAW": 0.0,
    "I_SOUGHT": 0.5773502691896258,
    "I_DID": 0.0,
    "I_DIDNT": 0.0
  },
  "capacity": {
    "X": 127.44432040111896,
    "T": 0.0,
    "N": 124.98237327748579,
    "B": 0.0,
    "A": 0.0
  },
  "exposure": {
    "X": 0.0,
    "T": 7.701331692012155,
    "N": 47.46270857445534,
    "B": 24.47421347897499,
    "A": 0.0,
    "I_IS": 0.0,
    "I_ISNT": 24.65954544295053,
    "I_CAN": 0.0,
    "I_CANNOT": 0.0,
    "I_DO": 0.0,
    "I_DONOT": 123.16335677196943,
    "I_SAW": 0.0,
    "I_SOUGHT": 0.0,
    "I_DID": 0.0,
    "I_DIDNT": 0.0
  },
  "lived": 500,
  "warped_gaps": 26,
  "total_resonance": 227.46115596036262,
  "resolved": 66,
  "rejected": 500,
  "reframed": 0,
  "tone_counts": {
    "rejected": 500
  },
  "anchors_seen": [
    "X:ADMIT:L:89c1b6df72",
    "L:ecee8a4a8c:NC:B>X",
    "L:b737edc98c:L:18007bd036",
    "X:RECLASSIFY:L:bffee1fc59",
    "X:ADMIT:L:ba74301a9e",
    "X:ADMIT:L:432eedb8df",
    "L:725f72b502:X:ADMIT",
    "NC:X>A:L:47f95ddd2a",
    "X:RECLASSIFY:L:20ad24d7c4",
    "NC:A>T:NC:A>X",
    "L:b737edc98c:L:1028c8eb9d",
    "X:ADMIT:L:91f00ad32b",
    "X:RECLASSIFY:L:713c26499a",
    "NC:X>B:L:b737edc98c",
    "X:RECLASSIFY:L:2761307a73",
    "X:ADMIT:L:79b38370b9",
    "X:ADMIT:L:27d2e65f0f",
    "L:b737edc98c:L:b0a40461a6",
    "X:ADMIT:L:f01831a5ec",
    "X:ADMIT:L:305ac407d1",
    "X:ADMIT:L:b6d6bb8aa6",
    "NC:A>X:L:ecee8a4a8c",
    "L:b737edc98c:L:f084e40ef7",
    "X:ADMIT:L:a48bacb221",
    "X:RECLASSIFY:L:6421668e91",
    "L:8820c847cf:L:d54b2235b7",
    "NC:X>A:NC:X>B",
    "L:1028c8eb9d:X:ADMIT",
    "L:43fb729393:L:280119127f",
    "X:ADMIT:L:abc9ffa5c5",
    "L:ecee8a4a8c:NC:B>T",
    "X:ADMIT:L:024dd108e9",
    "X:ADMIT:L:be5e1d0bb6",
    "X:ADMIT:L:d37651a797",
    "NC:B>X:NC:X>A",
    "L:44f752f528:NC:A>X",
    "X:ADMIT:L:890ab44ec7",
    "X:RECLASSIFY:L:151110020a",
    "NC:T>X:NC:X>A",
    "X:ADMIT:L:d53fbe2272",
    "L:f084e40ef7:X:RECLASSIFY",
    "X:RECLASSIFY:L:534579a7ec",
    "X:RECLASSIFY:L:a07eb27cbd",
    "A:DIRECTED_MANIPULATION:X:ADMIT",
    "NC:B>X:L:43fb729393",
    "X:ADMIT:L:1bcbe6eeb0",
    "L:b737edc98c:L:725f72b502",
    "X:RECLASSIFY:L:340798f2c0",
    "X:RECLASSIFY:L:1a4a93766e",
    "L:97d2a80b14:T:PHASE_DRIFT",
    "X:RECLASSIFY:L:4f2df0a21a",
    "X:ADMIT:L:1d62be6f17",
    "X:ADMIT:L:401cc03199",
    "X:RECLASSIFY:L:f4f0908cbf",
    "X:ADMIT:L:13ac58d8bf",
    "NC:B>T:NC:B>X",
    "L:47f95ddd2a:L:e61478fba2",
    "L:18007bd036:X:RECLASSIFY",
    "X:ADMIT:L:52d869d42f",
    "X:RECLASSIFY:L:f5d7aa2b5e",
    "X:ADMIT:L:8f1121aa96",
    "X:RECLASSIFY:L:474f241dcd",
    "L:44f752f528:NC:A>T",
    "L:b0a40461a6:X:ADMIT",
    "L:280119127f:NC:X>A",
    "L:b737edc98c:L:d54b2235b7",
    "L:d54b2235b7:X:RECLASSIFY",
    "X:ADMIT:L:117ad144e5"
  ],
  "resolved_anchors": {
    "X:RECLASSIFY:L:bffee1fc59": "constraint link candidate: X:RECLASSIFY -> L:bffee1fc59",
    "L:b737edc98c:L:b0a40461a6": "constraint link candidate: L:b737edc98c -> L:b0a40461a6",
    "X:RECLASSIFY:L:340798f2c0": "constraint link candidate: X:RECLASSIFY -> L:340798f2c0",
    "L:f084e40ef7:X:RECLASSIFY": "constraint link candidate: L:f084e40ef7 -> X:RECLASSIFY",
    "NC:X>A:NC:X>B": "constraint link candidate: NC:X>A -> NC:X>B",
    "X:ADMIT:L:be5e1d0bb6": "constraint link candidate: X:ADMIT -> L:be5e1d0bb6",
    "X:RECLASSIFY:L:a07eb27cbd": "constraint link candidate: X:RECLASSIFY -> L:a07eb27cbd",
    "NC:T>X:NC:X>A": "constraint link candidate: NC:T>X -> NC:X>A",
    "X:ADMIT:L:117ad144e5": "constraint link candidate: X:ADMIT -> L:117ad144e5",
    "X:ADMIT:L:024dd108e9": "constraint link candidate: X:ADMIT -> L:024dd108e9",
    "L:b737edc98c:L:725f72b502": "constraint link candidate: L:b737edc98c -> L:725f72b502",
    "X:RECLASSIFY:L:20ad24d7c4": "constraint link candidate: X:RECLASSIFY -> L:20ad24d7c4",
    "L:d54b2235b7:X:RECLASSIFY": "constraint link candidate: L:d54b2235b7 -> X:RECLASSIFY",
    "NC:B>X:L:43fb729393": "constraint link candidate: NC:B>X -> L:43fb729393",
    "X:RECLASSIFY:L:6421668e91": "constraint link candidate: X:RECLASSIFY -> L:6421668e91",
    "X:ADMIT:L:91f00ad32b": "constraint link candidate: X:ADMIT -> L:91f00ad32b",
    "L:8820c847cf:L:d54b2235b7": "constraint link candidate: L:8820c847cf -> L:d54b2235b7",
    "L:b0a40461a6:X:ADMIT": "constraint link candidate: L:b0a40461a6 -> X:ADMIT",
    "NC:B>X:NC:X>A": "constraint link candidate: NC:B>X -> NC:X>A",
    "X:ADMIT:L:1d62be6f17": "constraint link candidate: X:ADMIT -> L:1d62be6f17",
    "L:18007bd036:X:RECLASSIFY": "constraint link candidate: L:18007bd036 -> X:RECLASSIFY",
    "NC:B>T:NC:B>X": "constraint link candidate: NC:B>T -> NC:B>X",
    "X:ADMIT:L:1bcbe6eeb0": "constraint link candidate: X:ADMIT -> L:1bcbe6eeb0",
    "X:ADMIT:L:79b38370b9": "constraint link candidate: X:ADMIT -> L:79b38370b9",
    "NC:X>B:L:b737edc98c": "constraint link candidate: NC:X>B -> L:b737edc98c",
    "X:RECLASSIFY:L:1a4a93766e": "constraint link candidate: X:RECLASSIFY -> L:1a4a93766e",
    "L:1028c8eb9d:X:ADMIT": "constraint link candidate: L:1028c8eb9d -> X:ADMIT",
    "L:44f752f528:NC:A>X": "constraint link candidate: L:44f752f528 -> NC:A>X",
    "X:RECLASSIFY:L:f4f0908cbf": "constraint link candidate: X:RECLASSIFY -> L:f4f0908cbf",
    "X:RECLASSIFY:L:534579a7ec": "constraint link candidate: X:RECLASSIFY -> L:534579a7ec",
    "L:ecee8a4a8c:NC:B>T": "constraint link candidate: L:ecee8a4a8c -> NC:B>T",
    "X:ADMIT:L:890ab44ec7": "constraint link candidate: X:ADMIT -> L:890ab44ec7",
    "X:ADMIT:L:27d2e65f0f": "constraint link candidate: X:ADMIT -> L:27d2e65f0f",
    "L:280119127f:NC:X>A": "constraint link candidate: L:280119127f -> NC:X>A",
    "L:725f72b502:X:ADMIT": "constraint link candidate: L:725f72b502 -> X:ADMIT",
    "X:ADMIT:L:a48bacb221": "constraint link candidate: X:ADMIT -> L:a48bacb221",
    "NC:X>A:L:47f95ddd2a": "constraint link candidate: NC:X>A -> L:47f95ddd2a",
    "X:ADMIT:L:432eedb8df": "constraint link candidate: X:ADMIT -> L:432eedb8df",
    "NC:A>X:L:ecee8a4a8c": "constraint link candidate: NC:A>X -> L:ecee8a4a8c",
    "X:ADMIT:L:d37651a797": "constraint link candidate: X:ADMIT -> L:d37651a797",
    "X:ADMIT:L:52d869d42f": "constraint link candidate: X:ADMIT -> L:52d869d42f",
    "L:43fb729393:L:280119127f": "constraint link candidate: L:43fb729393 -> L:280119127f",
    "X:ADMIT:L:89c1b6df72": "constraint link candidate: X:ADMIT -> L:89c1b6df72",
    "X:RECLASSIFY:L:474f241dcd": "constraint link candidate: X:RECLASSIFY -> L:474f241dcd",
    "NC:A>T:NC:A>X": "constraint link candidate: NC:A>T -> NC:A>X",
    "X:ADMIT:L:305ac407d1": "constraint link candidate: X:ADMIT -> L:305ac407d1",
    "X:ADMIT:L:401cc03199": "constraint link candidate: X:ADMIT -> L:401cc03199",
    "L:44f752f528:NC:A>T": "constraint link candidate: L:44f752f528 -> NC:A>T",
    "X:ADMIT:L:d53fbe2272": "constraint link candidate: X:ADMIT -> L:d53fbe2272",
    "X:ADMIT:L:13ac58d8bf": "constraint link candidate: X:ADMIT -> L:13ac58d8bf",
    "L:b737edc98c:L:1028c8eb9d": "constraint link candidate: L:b737edc98c -> L:1028c8eb9d",
    "X:RECLASSIFY:L:4f2df0a21a": "constraint link candidate: X:RECLASSIFY -> L:4f2df0a21a",
    "X:ADMIT:L:abc9ffa5c5": "constraint link candidate: X:ADMIT -> L:abc9ffa5c5",
    "L:b737edc98c:L:d54b2235b7": "constraint link candidate: L:b737edc98c -> L:d54b2235b7",
    "X:RECLASSIFY:L:713c26499a": "constraint link candidate: X:RECLASSIFY -> L:713c26499a",
    "X:ADMIT:L:b6d6bb8aa6": "constraint link candidate: X:ADMIT -> L:b6d6bb8aa6",
    "L:b737edc98c:L:f084e40ef7": "constraint link candidate: L:b737edc98c -> L:f084e40ef7",
    "X:RECLASSIFY:L:f5d7aa2b5e": "constraint link candidate: X:RECLASSIFY -> L:f5d7aa2b5e",