{
  "version": 1,
  "samples": 337,
  "global": {
    "pressure_gain_bias": 0.4,
    "difficulty_bias": 0.35,
    "escalation_bias": 0.3,
    "patience_bias": -0.3,
    "hardness_bias": 0.35,
    "samples": 337
  },
  "axis": {
    "X": {
      "pressure_gain": 1.3137269677809378,
      "difficulty_bias": 0.11599811372105066,
      "escalation_bias": 0.09946041762454946,
      "patience_bias": -0.09926442005006851,
      "hardness_bias": 0.1161918033089771,
      "samples": 337
    },
    "T": {
      "pressure_gain": 1.5274935606332272,
      "difficulty_bias": 0.200633839808322,
      "escalation_bias": 0.17273077988605767,
      "patience_bias": -0.17004644723389598,
      "hardness_bias": 0.20463170720245868,
      "samples": 337
    },
    "N": {
      "pressure_gain": 1.4522258759534405,
      "difficulty_bias": 0.17436630451979976,
      "escalation_bias": 0.150392568734529,
      "patience_bias": -0.14710155783870424,
      "hardness_bias": 0.1792868850383058,
      "samples": 337
    },
    "B": {
      "pressure_gain": 1.6458411361338632,
      "difficulty_bias": 0.2379414712382899,
      "escalation_bias": 0.20394983249256946,
      "patience_bias": -0.20394983248068072,
      "hardness_bias": 0.2379414712458219,
      "samples": 337
    },
    "A": {
      "pressure_gain": 1.4153480334950495,
      "difficulty_bias": 0.1579537311713262,
      "escalation_bias": 0.13598371437191664,
      "patience_bias": -0.13390188390922458,
      "hardness_bias": 0.16107627653834197,
      "samples": 337
    }
  },
  "dimensions": {
    "coherence_maintenance": {
      "pressure_gain": 1.95,
      "difficulty_bias": 0.35,
      "escalation_bias": 0.3,
      "patience_bias": -0.3,
      "hardness_bias": 0.35,
      "samples": 337
    },
    "context_carryover": {
      "pressure_gain": 1.5448537557625284,
      "difficulty_bias": 0.21940915676918918,
      "escalation_bias": 0.19031767525153906,
      "patience_bias": -0.18243328217871965,
      "hardness_bias": 0.23123574637841848,
      "samples": 337
    },
    "ambiguity_handling": {
      "pressure_gain": 1.0288642695587547,
      "difficulty_bias": 0.01063420457427975,
      "escalation_bias": 0.009115032492239787,
      "patience_bias": -0.009115032492239787,
      "hardness_bias": 0.01063420457427975,
      "samples": 337
    },
    "contradiction_handling": {
      "pressure_gain": 1.95,
      "difficulty_bias": 0.35,
      "escalation_bias": 0.3,
      "patience_bias": -0.3,
      "hardness_bias": 0.35,
      "samples": 337
    },
    "implied_intent_inference": {
      "pressure_gain": 1.95,
      "difficulty_bias": 0.35,
      "escalation_bias": 0.3,
      "patience_bias": -0.3,
      "hardness_bias": 0.35,
      "samples": 337
    },
    "misunderstanding_repair": {
      "pressure_gain": 1.0,
      "difficulty_bias": 0.0,
      "escalation_bias": 0.0,
      "patience_bias": 0.0,
      "hardness_bias": 0.0,
      "samples": 337
    },
    "uncertainty_signaling": {
      "pressure_gain": 1.3468522781358387,
      "difficulty_bias": 0.14838656027235828,
      "escalation_bias": 0.12967342434915732,
      "patience_bias": -0.12097611994418163,
      "hardness_bias": 0.16143251687982205,
      "samples": 337
    },
    "boundary_calibration": {
      "pressure_gain": 1.95,
      "difficulty_bias": 0.35,
      "escalation_bias": 0.3,
      "patience_bias": -0.3,
      "hardness_bias": 0.35,
      "samples": 337
    },
    "framing_selection": {
      "pressure_gain": 1.95,
      "difficulty_bias": 0.35,
      "escalation_bias": 0.3,
      "patience_bias": -0.3,
      "hardness_bias": 0.35,
      "samples": 337
    },
    "emotional_calibration": {
      "pressure_gain": 1.000141139016082,
      "difficulty_bias": 5.566568912795904e-05,
      "escalation_bias": 4.815582865472229e-05,
      "patience_bias": -3.623277352354995e-05,
      "hardness_bias": 6.3175549601196e-05,
      "samples": 337
    },
    "semantic_precision": {
      "pressure_gain": 1.002111639571688,
      "difficulty_bias": 0.0008514328799152721,
      "escalation_bias": 0.0007386615016197758,
      "patience_bias": -0.0005751519768755885,
      "hardness_bias": 0.0009642042582107663,
      "samples": 337
    },
    "adaptive_strategy_selection": {
      "pressure_gain": 1.2537756331148335,
      "difficulty_bias": 0.10675726877813092,
      "escalation_bias": 0.09310596800017965,
      "patience_bias": -0.08750688633394366,
      "hardness_bias": 0.11515589127748507,
      "samples": 337
    },
    "compression_elaboration_fit": {
      "pressure_gain": 1.00186137789508,
      "difficulty_bias": 0.0008160015407319744,
      "escalation_bias": 0.000715140266712045,
      "patience_bias": -0.0006233903412646589,
      "hardness_bias": 0.0009168628147519035,
      "samples": 337
    },
    "perspective_integration": {
      "pressure_gain": 1.95,
      "difficulty_bias": 0.35,
      "escalation_bias": 0.3,
      "patience_bias": -0.3,
      "hardness_bias": 0.35,
      "samples": 337
    },
    "multi_turn_stability": {
      "pressure_gain": 1.0056184447298584,
      "difficulty_bias": 0.0025007552134877595,
      "escalation_bias": 0.002195474220749743,
      "patience_bias": -0.0019487004995953237,
      "hardness_bias": 0.0028060362062257813,
      "samples": 337
    }
  },
  "last_episode_id": "episode_95546ecfca3d",
  "last_update_ts": 1784246317.2213147
}