{
  "version": 1,
  "samples": 345,
  "global": {
    "pressure_gain_bias": 0.4,
    "difficulty_bias": 0.35,
    "escalation_bias": 0.3,
    "patience_bias": -0.3,
    "hardness_bias": 0.35,
    "samples": 345
  },
  "axis": {
    "X": {
      "pressure_gain": 1.315778217655283,
      "difficulty_bias": 0.116530676458759,
      "escalation_bias": 0.09989939873036532,
      "patience_bias": -0.09978567014549622,
      "hardness_bias": 0.11663418213851805,
      "samples": 345
    },
    "T": {
      "pressure_gain": 1.51204998441507,
      "difficulty_bias": 0.19553606510105875,
      "escalation_bias": 0.1684328820347516,
      "patience_bias": -0.165503027030205,
      "hardness_bias": 0.19990766526740864,
      "samples": 345
    },
    "N": {
      "pressure_gain": 1.4400227240448387,
      "difficulty_bias": 0.16946192613347624,
      "escalation_bias": 0.14613953952392378,
      "patience_bias": -0.14302391830793218,
      "hardness_bias": 0.17412234583930064,
      "samples": 345
    },
    "B": {
      "pressure_gain": 1.6435478713328335,
      "difficulty_bias": 0.2370965841886324,
      "escalation_bias": 0.20322564359137849,
      "patience_bias": -0.20322564358626075,
      "hardness_bias": 0.23709658419187465,
      "samples": 345
    },
    "A": {
      "pressure_gain": 1.405735681170602,
      "difficulty_bias": 0.1541887541271867,
      "escalation_bias": 0.1327296312655188,
      "patience_bias": -0.13074217402646798,
      "hardness_bias": 0.15716985375154857,
      "samples": 345
    }
  },
  "dimensions": {
    "coherence_maintenance": {
      "pressure_gain": 1.95,
      "difficulty_bias": 0.35,
      "escalation_bias": 0.3,
      "patience_bias": -0.3,
      "hardness_bias": 0.35,
      "samples": 345
    },
    "context_carryover": {
      "pressure_gain": 1.5206509260090955,
      "difficulty_bias": 0.21299617456293984,
      "escalation_bias": 0.18512288508335897,
      "patience_bias": -0.17618131098042195,
      "hardness_bias": 0.2264085357173455,
      "samples": 345
    },
    "ambiguity_handling": {
      "pressure_gain": 1.0235720577965497,
      "difficulty_bias": 0.008684442346099034,
      "escalation_bias": 0.007443807725227743,
      "patience_bias": -0.007443807725227743,
      "hardness_bias": 0.008684442346099034,
      "samples": 345
    },
    "contradiction_handling": {
      "pressure_gain": 1.95,
      "difficulty_bias": 0.35,
      "escalation_bias": 0.3,
      "patience_bias": -0.3,
      "hardness_bias": 0.35,
      "samples": 345
    },
    "implied_intent_inference": {
      "pressure_gain": 1.95,
      "difficulty_bias": 0.35,
      "escalation_bias": 0.3,
      "patience_bias": -0.3,
      "hardness_bias": 0.35,
      "samples": 345
    },
    "misunderstanding_repair": {
      "pressure_gain": 1.0,
      "difficulty_bias": 0.0,
      "escalation_bias": 0.0,
      "patience_bias": 0.0,
      "hardness_bias": 0.0,
      "samples": 345
    },
    "uncertainty_signaling": {
      "pressure_gain": 1.3234735312844577,
      "difficulty_bias": 0.13926596225958146,
      "escalation_bias": 0.12179456170783697,
      "patience_bias": -0.11331148250915216,
      "hardness_bias": 0.15199058105760888,
      "samples": 345
    },
    "boundary_calibration": {
      "pressure_gain": 1.95,
      "difficulty_bias": 0.35,
      "escalation_bias": 0.3,
      "patience_bias": -0.3,
      "hardness_bias": 0.35,
      "samples": 345
    },
    "framing_selection": {
      "pressure_gain": 1.95,
      "difficulty_bias": 0.35,
      "escalation_bias": 0.3,
      "patience_bias": -0.3,
      "hardness_bias": 0.35,
      "samples": 345
    },
    "emotional_calibration": {
      "pressure_gain": 1.00011526143205,
      "difficulty_bias": 4.545948542845051e-05,
      "escalation_bias": 3.9326544327729784e-05,
      "patience_bias": -2.9589559849693308e-05,
      "hardness_bias": 5.15924265291714e-05,
      "samples": 345
    },
    "semantic_precision": {
      "pressure_gain": 1.001724474264903,
      "difficulty_bias": 0.0006953241970801609,
      "escalation_bias": 0.0006032292475936646,
      "patience_bias": -0.0004696988992953649,
      "hardness_bias": 0.0007874191465666557,
      "samples": 345
    },
    "adaptive_strategy_selection": {
      "pressure_gain": 1.2350135921845036,
      "difficulty_bias": 0.09962501598830249,
      "escalation_bias": 0.0869660782025843,
      "patience_bias": -0.08145985245844671,
      "hardness_bias": 0.10788435460450897,
      "samples": 345
    },
    "compression_elaboration_fit": {
      "pressure_gain": 1.0015200976153138,
      "difficulty_bias": 0.0006663891300299515,
      "escalation_bias": 0.0005840205886819025,
      "patience_bias": -0.0005090928465794166,
      "hardness_bias": 0.0007487576713780001,
      "samples": 345
    },
    "perspective_integration": {
      "pressure_gain": 1.95,
      "difficulty_bias": 0.35,
      "escalation_bias": 0.3,
      "patience_bias": -0.3,
      "hardness_bias": 0.35,
      "samples": 345
    },
    "multi_turn_stability": {
      "pressure_gain": 1.0045883130224151,
      "difficulty_bias": 0.0020422462556125838,
      "escalation_bias": 0.001792937982269276,
      "patience_bias": -0.0015914097777920719,
      "hardness_bias": 0.0022915545289558946,
      "samples": 345
    }
  },
  "last_episode_id": "episode_7caac3b63ae7",
  "last_update_ts": 1784304124.3046572
}