{
  "version": 1,
  "samples": 342,
  "global": {
    "pressure_gain_bias": 0.4,
    "difficulty_bias": 0.35,
    "escalation_bias": 0.3,
    "patience_bias": -0.3,
    "hardness_bias": 0.35,
    "samples": 342
  },
  "axis": {
    "X": {
      "pressure_gain": 1.315214494327809,
      "difficulty_bias": 0.11638612297487078,
      "escalation_bias": 0.09978046522797192,
      "patience_bias": -0.09964263854739457,
      "hardness_bias": 0.1165156416518547,
      "samples": 342
    },
    "T": {
      "pressure_gain": 1.5180330565170268,
      "difficulty_bias": 0.1975682910307727,
      "escalation_bias": 0.17015397356039072,
      "patience_bias": -0.16729516292008914,
      "hardness_bias": 0.20183143009668383,
      "samples": 342
    },
    "N": {
      "pressure_gain": 1.4446399782884174,
      "difficulty_bias": 0.17133172422707518,
      "escalation_bias": 0.14776257505735244,
      "patience_bias": -0.1445746966283764,
      "hardness_bias": 0.17609950231501353,
      "samples": 342
    },
    "B": {
      "pressure_gain": 1.6443539182720064,
      "difficulty_bias": 0.23739354885540587,
      "escalation_bias": 0.20348018473474427,
      "patience_bias": -0.20348018472772408,
      "hardness_bias": 0.23739354885985342,
      "samples": 342
    },
    "A": {
      "pressure_gain": 1.4090248263137528,
      "difficulty_bias": 0.15549558605485414,
      "escalation_bias": 0.1338612348490592,
      "patience_bias": -0.13183365706208583,
      "hardness_bias": 0.1585368344442108,
      "samples": 342
    }
  },
  "dimensions": {
    "coherence_maintenance": {
      "pressure_gain": 1.95,
      "difficulty_bias": 0.35,
      "escalation_bias": 0.3,
      "patience_bias": -0.3,
      "hardness_bias": 0.35,
      "samples": 342
    },
    "context_carryover": {
      "pressure_gain": 1.561736699279862,
      "difficulty_bias": 0.22980419717170134,
      "escalation_bias": 0.1997313617110028,
      "patience_bias": -0.19008418723759682,
      "hardness_bias": 0.24427495888181044,
      "samples": 342
    },
    "ambiguity_handling": {
      "pressure_gain": 1.025432183600182,
      "difficulty_bias": 0.009369751852700454,
      "escalation_bias": 0.008031215873743246,
      "patience_bias": -0.008031215873743246,
      "hardness_bias": 0.009369751852700454,
      "samples": 342
    },
    "contradiction_handling": {
      "pressure_gain": 1.95,
      "difficulty_bias": 0.35,
      "escalation_bias": 0.3,
      "patience_bias": -0.3,
      "hardness_bias": 0.35,
      "samples": 342
    },
    "implied_intent_inference": {
      "pressure_gain": 1.95,
      "difficulty_bias": 0.35,
      "escalation_bias": 0.3,
      "patience_bias": -0.3,
      "hardness_bias": 0.35,
      "samples": 342
    },
    "misunderstanding_repair": {
      "pressure_gain": 1.0,
      "difficulty_bias": 0.0,
      "escalation_bias": 0.0,
      "patience_bias": 0.0,
      "hardness_bias": 0.0,
      "samples": 342
    },
    "uncertainty_signaling": {
      "pressure_gain": 1.3489995785870514,
      "difficulty_bias": 0.15025576264962684,
      "escalation_bias": 0.13140565332021048,
      "patience_bias": -0.12225315464835447,
      "hardness_bias": 0.1639845106574111,
      "samples": 342
    },
    "boundary_calibration": {
      "pressure_gain": 1.95,
      "difficulty_bias": 0.35,
      "escalation_bias": 0.3,
      "patience_bias": -0.3,
      "hardness_bias": 0.35,
      "samples": 342
    },
    "framing_selection": {
      "pressure_gain": 1.95,
      "difficulty_bias": 0.35,
      "escalation_bias": 0.3,
      "patience_bias": -0.3,
      "hardness_bias": 0.35,
      "samples": 342
    },
    "emotional_calibration": {
      "pressure_gain": 1.0001243569792346,
      "difficulty_bias": 4.9046798958526485e-05,
      "escalation_bias": 4.242989323782779e-05,
      "patience_bias": -3.192454071006544e-05,
      "hardness_bias": 5.566370467922537e-05,
      "samples": 342
    },
    "semantic_precision": {
      "pressure_gain": 1.0018605565325411,
      "difficulty_bias": 0.0007501938436779161,
      "escalation_bias": 0.0006508314679275534,
      "patience_bias": -0.0005067639298522119,
      "hardness_bias": 0.000849556219428277,
      "samples": 342
    },
    "adaptive_strategy_selection": {
      "pressure_gain": 1.2535590603315674,
      "difficulty_bias": 0.1074866572809953,
      "escalation_bias": 0.09382877332668109,
      "patience_bias": -0.08788803852628314,
      "hardness_bias": 0.11639775948159231,
      "samples": 342
    },
    "compression_elaboration_fit": {
      "pressure_gain": 1.001640052047069,
      "difficulty_bias": 0.0007189754433135571,
      "escalation_bias": 0.0006301070091478575,
      "patience_bias": -0.0005492665449701221,
      "hardness_bias": 0.0008078438774792565,
      "samples": 342
    },
    "perspective_integration": {
      "pressure_gain": 1.95,
      "difficulty_bias": 0.35,
      "escalation_bias": 0.3,
      "patience_bias": -0.3,
      "hardness_bias": 0.35,
      "samples": 342
    },
    "multi_turn_stability": {
      "pressure_gain": 1.0049503874548555,
      "difficulty_bias": 0.0022034046487500692,
      "escalation_bias": 0.0019344228807841276,
      "patience_bias": -0.001716991617840702,
      "hardness_bias": 0.0024723864167160146,
      "samples": 342
    }
  },
  "last_episode_id": "episode_021a17a3f5f9",
  "last_update_ts": 1784286713.044439
}