{
  "version": 1,
  "samples": 353,
  "global": {
    "pressure_gain_bias": 0.4,
    "difficulty_bias": 0.35,
    "escalation_bias": 0.3,
    "patience_bias": -0.3,
    "hardness_bias": 0.35,
    "samples": 353
  },
  "axis": {
    "X": {
      "pressure_gain": 1.3165920921186243,
      "difficulty_bias": 0.11673209501429721,
      "escalation_bias": 0.10006422401601493,
      "patience_bias": -0.0999912922801553,
      "hardness_bias": 0.11679308892462109,
      "samples": 353
    },
    "T": {
      "pressure_gain": 1.5023473270447805,
      "difficulty_bias": 0.19272826480584013,
      "escalation_bias": 0.16611879769464377,
      "patience_bias": -0.16286904858138845,
      "hardness_bias": 0.19758404253742715,
      "samples": 353
    },
    "N": {
      "pressure_gain": 1.431385353355422,
      "difficulty_bias": 0.1660672501214224,
      "escalation_bias": 0.14320418419204473,
      "patience_bias": -0.14018066469289137,
      "hardness_bias": 0.1705919038192435,
      "samples": 353
    },
    "B": {
      "pressure_gain": 1.6416750620842597,
      "difficulty_bias": 0.2364066018262757,
      "escalation_bias": 0.20263423013729087,
      "patience_bias": -0.20263423013508783,
      "hardness_bias": 0.23640660182767145,
      "samples": 353
    },
    "A": {
      "pressure_gain": 1.3989000741708961,
      "difficulty_bias": 0.15157308340513445,
      "escalation_bias": 0.13047589653332495,
      "patience_bias": -0.12852950449507256,
      "hardness_bias": 0.15449263434151134,
      "samples": 353
    }
  },
  "dimensions": {
    "coherence_maintenance": {
      "pressure_gain": 1.95,
      "difficulty_bias": 0.35,
      "escalation_bias": 0.3,
      "patience_bias": -0.3,
      "hardness_bias": 0.35,
      "samples": 353
    },
    "context_carryover": {
      "pressure_gain": 1.4987716892563234,
      "difficulty_bias": 0.20689419184481692,
      "escalation_bias": 0.18012891250353982,
      "patience_bias": -0.1703602942756013,
      "hardness_bias": 0.22154711918672487,
      "samples": 353
    },
    "ambiguity_handling": {
      "pressure_gain": 1.0192501635155828,
      "difficulty_bias": 0.0070921655057427,
      "escalation_bias": 0.006078999004922314,
      "patience_bias": -0.006078999004922314,
      "hardness_bias": 0.0070921655057427,
      "samples": 353
    },
    "contradiction_handling": {
      "pressure_gain": 1.95,
      "difficulty_bias": 0.35,
      "escalation_bias": 0.3,
      "patience_bias": -0.3,
      "hardness_bias": 0.35,
      "samples": 353
    },
    "implied_intent_inference": {
      "pressure_gain": 1.95,
      "difficulty_bias": 0.35,
      "escalation_bias": 0.3,
      "patience_bias": -0.3,
      "hardness_bias": 0.35,
      "samples": 353
    },
    "misunderstanding_repair": {
      "pressure_gain": 1.0,
      "difficulty_bias": 0.0,
      "escalation_bias": 0.0,
      "patience_bias": 0.0,
      "hardness_bias": 0.0,
      "samples": 353
    },
    "uncertainty_signaling": {
      "pressure_gain": 1.303067864981891,
      "difficulty_bias": 0.1312521603667113,
      "escalation_bias": 0.11486576280381132,
      "patience_bias": -0.10659207409060574,
      "hardness_bias": 0.14366269343651983,
      "samples": 353
    },
    "boundary_calibration": {
      "pressure_gain": 1.95,
      "difficulty_bias": 0.35,
      "escalation_bias": 0.3,
      "patience_bias": -0.3,
      "hardness_bias": 0.35,
      "samples": 353
    },
    "framing_selection": {
      "pressure_gain": 1.95,
      "difficulty_bias": 0.35,
      "escalation_bias": 0.3,
      "patience_bias": -0.3,
      "hardness_bias": 0.35,
      "samples": 353
    },
    "emotional_calibration": {
      "pressure_gain": 1.000094128456376,
      "difficulty_bias": 3.712457076870242e-05,
      "escalation_bias": 3.2116093357044414e-05,
      "patience_bias": -2.4164367420824483e-05,
      "hardness_bias": 4.213304818036055e-05,
      "samples": 353
    },
    "semantic_precision": {
      "pressure_gain": 1.001408295018802,
      "difficulty_bias": 0.0005678377596755274,
      "escalation_bias": 0.0004926282530691954,
      "patience_bias": -0.00038358045328773884,
      "hardness_bias": 0.0006430472662818581,
      "samples": 353
    },
    "adaptive_strategy_selection": {
      "pressure_gain": 1.2187373330430495,
      "difficulty_bias": 0.09339595038095835,
      "escalation_bias": 0.0815988255705791,
      "patience_bias": -0.07619078721642732,
      "hardness_bias": 0.10150800791218612,
      "samples": 353
    },
    "compression_elaboration_fit": {
      "pressure_gain": 1.0012413904592883,
      "difficulty_bias": 0.0005442078849798855,
      "escalation_bias": 0.00047694146712297153,
      "patience_bias": -0.0004157515913906357,
      "hardness_bias": 0.0006114743028367988,
      "samples": 353
    },
    "perspective_integration": {
      "pressure_gain": 1.95,
      "difficulty_bias": 0.35,
      "escalation_bias": 0.3,
      "patience_bias": -0.3,
      "hardness_bias": 0.35,
      "samples": 353
    },
    "multi_turn_stability": {
      "pressure_gain": 1.0037470541055222,
      "difficulty_bias": 0.0016678040881685171,
      "escalation_bias": 0.0014642060370747808,
      "patience_bias": -0.0012996276653996547,
      "hardness_bias": 0.0018714021392622561,
      "samples": 353
    }
  },
  "last_episode_id": "episode_e0c7422c4077",
  "last_update_ts": 1784338619.437188
}