{
  "version": 1,
  "samples": 144,
  "global": {
    "pressure_gain_bias": 0.4,
    "difficulty_bias": 0.35,
    "escalation_bias": 0.3,
    "patience_bias": -0.3,
    "hardness_bias": 0.35,
    "samples": 144
  },
  "axis": {
    "X": {
      "pressure_gain": 1.4337856575056414,
      "difficulty_bias": 0.16423046313907574,
      "escalation_bias": 0.14130053478769472,
      "patience_bias": -0.13182395786826678,
      "hardness_bias": 0.1708292060679899,
      "samples": 144
    },
    "T": {
      "pressure_gain": 1.7027480681321303,
      "difficulty_bias": 0.2644280378603095,
      "escalation_bias": 0.2272889188736689,
      "patience_bias": -0.22125277946732685,
      "hardness_bias": 0.2693133089175947,
      "samples": 144
    },
    "N": {
      "pressure_gain": 1.6386120152388348,
      "difficulty_bias": 0.24473961787413734,
      "escalation_bias": 0.2109181712299937,
      "patience_bias": -0.20184667893194028,
      "hardness_bias": 0.25050535292193044,
      "samples": 144
    },
    "B": {
      "pressure_gain": 1.9085108297869504,
      "difficulty_bias": 0.33590287437751676,
      "escalation_bias": 0.28797370628909574,
      "patience_bias": -0.28749003390468264,
      "hardness_bias": 0.336276298376234,
      "samples": 144
    },
    "A": {
      "pressure_gain": 1.5256720493670315,
      "difficulty_bias": 0.20341654665105266,
      "escalation_bias": 0.17489364251508577,
      "patience_bias": -0.1659130206973406,
      "hardness_bias": 0.2079683336691318,
      "samples": 144
    }
  },
  "dimensions": {
    "coherence_maintenance": {
      "pressure_gain": 1.9030937499999996,
      "difficulty_bias": 0.33271875,
      "escalation_bias": 0.2851875,
      "patience_bias": -0.2851875,
      "hardness_bias": 0.33271875,
      "samples": 144
    },
    "context_carryover": {
      "pressure_gain": 1.95,
      "difficulty_bias": 0.35,
      "escalation_bias": 0.3,
      "patience_bias": -0.3,
      "hardness_bias": 0.35,
      "samples": 144
    },
    "ambiguity_handling": {
      "pressure_gain": 1.8123131398136147,
      "difficulty_bias": 0.3057153672997532,
      "escalation_bias": 0.2628188862569313,
      "patience_bias": -0.2600988862569313,
      "hardness_bias": 0.30979536729975315,
      "samples": 144
    },
    "contradiction_handling": {
      "pressure_gain": 1.95,
      "difficulty_bias": 0.35,
      "escalation_bias": 0.3,
      "patience_bias": -0.3,
      "hardness_bias": 0.35,
      "samples": 144
    },
    "implied_intent_inference": {
      "pressure_gain": 1.6277867475693435,
      "difficulty_bias": 0.26012991643397787,
      "escalation_bias": 0.22488168611851939,
      "patience_bias": -0.1998637848439998,
      "hardness_bias": 0.27476560473921663,
      "samples": 144
    },
    "misunderstanding_repair": {
      "pressure_gain": 1.0,
      "difficulty_bias": 0.0,
      "escalation_bias": 0.0,
      "patience_bias": 0.0,
      "hardness_bias": 0.0,
      "samples": 144
    },
    "uncertainty_signaling": {
      "pressure_gain": 1.95,
      "difficulty_bias": 0.35,
      "escalation_bias": 0.3,
      "patience_bias": -0.3,
      "hardness_bias": 0.35,
      "samples": 144
    },
    "boundary_calibration": {
      "pressure_gain": 1.8006434323853278,
      "difficulty_bias": 0.32050224958255946,
      "escalation_bias": 0.27779582481915416,
      "patience_bias": -0.2584185026362497,
      "hardness_bias": 0.3293568577249145,
      "samples": 144
    },
    "framing_selection": {
      "pressure_gain": 1.95,
      "difficulty_bias": 0.35,
      "escalation_bias": 0.3,
      "patience_bias": -0.3,
      "hardness_bias": 0.35,
      "samples": 144
    },
    "emotional_calibration": {
      "pressure_gain": 1.0186963252962264,
      "difficulty_bias": 0.007373891788765198,
      "escalation_bias": 0.006379079735849117,
      "patience_bias": -0.004799663048369586,
      "hardness_bias": 0.008368703841681287,
      "samples": 144
    },
    "semantic_precision": {
      "pressure_gain": 1.2797235054924163,
      "difficulty_bias": 0.11278714088061995,
      "escalation_bias": 0.09784860417249872,
      "patience_bias": -0.07618891468002678,
      "hardness_bias": 0.12772567758874137,
      "samples": 144
    },
    "adaptive_strategy_selection": {
      "pressure_gain": 1.9366825753580719,
      "difficulty_bias": 0.35,
      "escalation_bias": 0.3,
      "patience_bias": -0.3,
      "hardness_bias": 0.35,
      "samples": 144
    },
    "compression_elaboration_fit": {
      "pressure_gain": 1.1215015840563758,
      "difficulty_bias": 0.05144019811230639,
      "escalation_bias": 0.04489701219619386,
      "patience_bias": -0.03744853706348742,
      "hardness_bias": 0.05798338402841899,
      "samples": 144
    },
    "perspective_integration": {
      "pressure_gain": 1.95,
      "difficulty_bias": 0.35,
      "escalation_bias": 0.3,
      "patience_bias": -0.3,
      "hardness_bias": 0.35,
      "samples": 144
    },
    "multi_turn_stability": {
      "pressure_gain": 1.239814531880705,
      "difficulty_bias": 0.10340762914442762,
      "escalation_bias": 0.09045125819096438,
      "patience_bias": -0.07725154875422272,
      "hardness_bias": 0.11636400009789095,
      "samples": 144
    }
  },
  "last_episode_id": "episode_3185976a63fd",
  "last_update_ts": 1781491027.0340095
}