{
  "version": 1,
  "samples": 157,
  "global": {
    "pressure_gain_bias": 0.4,
    "difficulty_bias": 0.35,
    "escalation_bias": 0.3,
    "patience_bias": -0.3,
    "hardness_bias": 0.35,
    "samples": 157
  },
  "axis": {
    "X": {
      "pressure_gain": 1.400408418226057,
      "difficulty_bias": 0.15090223948172227,
      "escalation_bias": 0.12974425237092838,
      "patience_bias": -0.1225937612487123,
      "hardness_bias": 0.15587564281160468,
      "samples": 157
    },
    "T": {
      "pressure_gain": 1.7037917322073857,
      "difficulty_bias": 0.2650203193793357,
      "escalation_bias": 0.22784379887062303,
      "patience_bias": -0.22302805283600846,
      "hardness_bias": 0.2697290482692546,
      "samples": 157
    },
    "N": {
      "pressure_gain": 1.6203338090046246,
      "difficulty_bias": 0.23957530421135959,
      "escalation_bias": 0.2062400378973003,
      "patience_bias": -0.19816819221775345,
      "hardness_bias": 0.2437764813612777,
      "samples": 157
    },
    "B": {
      "pressure_gain": 1.9318010112341857,
      "difficulty_bias": 0.34408574623128185,
      "escalation_bias": 0.29498827772022096,
      "patience_bias": -0.29470774087748064,
      "hardness_bias": 0.34438981996841717,
      "samples": 157
    },
    "A": {
      "pressure_gain": 1.5199132650050222,
      "difficulty_bias": 0.20157238542234696,
      "escalation_bias": 0.17348717401353908,
      "patience_bias": -0.16526189814696302,
      "hardness_bias": 0.20673058814124848,
      "samples": 157
    }
  },
  "dimensions": {
    "coherence_maintenance": {
      "pressure_gain": 1.95,
      "difficulty_bias": 0.35,
      "escalation_bias": 0.3,
      "patience_bias": -0.3,
      "hardness_bias": 0.35,
      "samples": 157
    },
    "context_carryover": {
      "pressure_gain": 1.8805164062499995,
      "difficulty_bias": 0.32440078125,
      "escalation_bias": 0.2780578125,
      "patience_bias": -0.2780578125,
      "hardness_bias": 0.32440078125,
      "samples": 157
    },
    "ambiguity_handling": {
      "pressure_gain": 1.95,
      "difficulty_bias": 0.35,
      "escalation_bias": 0.3,
      "patience_bias": -0.3,
      "hardness_bias": 0.35,
      "samples": 157
    },
    "contradiction_handling": {
      "pressure_gain": 1.95,
      "difficulty_bias": 0.35,
      "escalation_bias": 0.3,
      "patience_bias": -0.3,
      "hardness_bias": 0.35,
      "samples": 157
    },
    "implied_intent_inference": {
      "pressure_gain": 1.6650372098317578,
      "difficulty_bias": 0.2816873973123166,
      "escalation_bias": 0.2445916466248952,
      "patience_bias": -0.21862058587561475,
      "hardness_bias": 0.3019498783890278,
      "samples": 157
    },
    "misunderstanding_repair": {
      "pressure_gain": 1.0,
      "difficulty_bias": 0.0,
      "escalation_bias": 0.0,
      "patience_bias": 0.0,
      "hardness_bias": 0.0,
      "samples": 157
    },
    "uncertainty_signaling": {
      "pressure_gain": 1.95,
      "difficulty_bias": 0.35,
      "escalation_bias": 0.3,
      "patience_bias": -0.3,
      "hardness_bias": 0.35,
      "samples": 157
    },
    "boundary_calibration": {
      "pressure_gain": 1.7969446607224462,
      "difficulty_bias": 0.32440078125,
      "escalation_bias": 0.2780578125,
      "patience_bias": -0.2637415988354982,
      "hardness_bias": 0.32440078125,
      "samples": 157
    },
    "framing_selection": {
      "pressure_gain": 1.9443164062499996,
      "difficulty_bias": 0.35,
      "escalation_bias": 0.3,
      "patience_bias": -0.3,
      "hardness_bias": 0.35,
      "samples": 157
    },
    "emotional_calibration": {
      "pressure_gain": 1.01345291071311,
      "difficulty_bias": 0.0053058719438531035,
      "escalation_bias": 0.004590056535629134,
      "patience_bias": -0.0034535898054665042,
      "hardness_bias": 0.00602168735207708,
      "samples": 157
    },
    "semantic_precision": {
      "pressure_gain": 1.2012745972336782,
      "difficulty_bias": 0.08115580531540457,
      "escalation_bias": 0.07040680532023201,
      "patience_bias": -0.05482161067908292,
      "hardness_bias": 0.0919048053105773,
      "samples": 157
    },
    "adaptive_strategy_selection": {
      "pressure_gain": 1.95,
      "difficulty_bias": 0.35,
      "escalation_bias": 0.3,
      "patience_bias": -0.3,
      "hardness_bias": 0.35,
      "samples": 157
    },
    "compression_elaboration_fit": {
      "pressure_gain": 1.087426268847699,
      "difficulty_bias": 0.037013711587980405,
      "escalation_bias": 0.0323055727150163,
      "patience_bias": -0.026946034446319694,
      "hardness_bias": 0.041721850460944544,
      "samples": 157
    },
    "perspective_integration": {
      "pressure_gain": 1.95,
      "difficulty_bias": 0.35,
      "escalation_bias": 0.3,
      "patience_bias": -0.3,
      "hardness_bias": 0.35,
      "samples": 157
    },
    "multi_turn_stability": {
      "pressure_gain": 1.2465615748663879,
      "difficulty_bias": 0.10772679200716445,
      "escalation_bias": 0.09437457107961003,
      "patience_bias": -0.08193137473878459,
      "hardness_bias": 0.12107901293471897,
      "samples": 157
    }
  },
  "last_episode_id": "episode_fc0ed0cb532a",
  "last_update_ts": 1783114101.617332
}