{
  "version": 1,
  "samples": 311,
  "global": {
    "pressure_gain_bias": 0.4,
    "difficulty_bias": 0.35,
    "escalation_bias": 0.3,
    "patience_bias": -0.3,
    "hardness_bias": 0.35,
    "samples": 311
  },
  "axis": {
    "X": {
      "pressure_gain": 1.2579445985667395,
      "difficulty_bias": 0.10099473379443935,
      "escalation_bias": 0.08703021629499266,
      "patience_bias": -0.08502647226412127,
      "hardness_bias": 0.10328648756211181,
      "samples": 311
    },
    "T": {
      "pressure_gain": 1.582127469430016,
      "difficulty_bias": 0.21744558439442613,
      "escalation_bias": 0.18673537234521617,
      "patience_bias": -0.18544389740351136,
      "hardness_bias": 0.21932049227831266,
      "samples": 311
    },
    "N": {
      "pressure_gain": 1.4933975460608784,
      "difficulty_bias": 0.19017301851645965,
      "escalation_bias": 0.16401815307142928,
      "patience_bias": -0.16044285718319792,
      "hardness_bias": 0.195505116621981,
      "samples": 311
    },
    "B": {
      "pressure_gain": 1.657490694298165,
      "difficulty_bias": 0.2422334141697796,
      "escalation_bias": 0.20762864075729803,
      "patience_bias": -0.2076286405732924,
      "hardness_bias": 0.24223341428635495,
      "samples": 311
    },
    "A": {
      "pressure_gain": 1.4500245251812274,
      "difficulty_bias": 0.1710331461308468,
      "escalation_bias": 0.14723099011258517,
      "patience_bias": -0.14502159668695827,
      "hardness_bias": 0.1743441357510483,
      "samples": 311
    }
  },
  "dimensions": {
    "coherence_maintenance": {
      "pressure_gain": 1.95,
      "difficulty_bias": 0.35,
      "escalation_bias": 0.3,
      "patience_bias": -0.3,
      "hardness_bias": 0.35,
      "samples": 311
    },
    "context_carryover": {
      "pressure_gain": 1.7026211790109973,
      "difficulty_bias": 0.26879807323836186,
      "escalation_bias": 0.2315971747659094,
      "patience_bias": -0.22740128280031213,
      "hardness_bias": 0.27509191118675796,
      "samples": 311
    },
    "ambiguity_handling": {
      "pressure_gain": 1.055749446963513,
      "difficulty_bias": 0.020539269933927462,
      "escalation_bias": 0.01760508851479496,
      "patience_bias": -0.01760508851479496,
      "hardness_bias": 0.020539269933927462,
      "samples": 311
    },
    "contradiction_handling": {
      "pressure_gain": 1.95,
      "difficulty_bias": 0.35,
      "escalation_bias": 0.3,
      "patience_bias": -0.3,
      "hardness_bias": 0.35,
      "samples": 311
    },
    "implied_intent_inference": {
      "pressure_gain": 1.95,
      "difficulty_bias": 0.35,
      "escalation_bias": 0.3,
      "patience_bias": -0.3,
      "hardness_bias": 0.35,
      "samples": 311
    },
    "misunderstanding_repair": {
      "pressure_gain": 1.0,
      "difficulty_bias": 0.0,
      "escalation_bias": 0.0,
      "patience_bias": 0.0,
      "hardness_bias": 0.0,
      "samples": 311
    },
    "uncertainty_signaling": {
      "pressure_gain": 1.4811079207933529,
      "difficulty_bias": 0.20208417528613723,
      "escalation_bias": 0.17621084157785175,
      "patience_bias": -0.16572542191378253,
      "hardness_bias": 0.2178123047822412,
      "samples": 311
    },
    "boundary_calibration": {
      "pressure_gain": 1.95,
      "difficulty_bias": 0.35,
      "escalation_bias": 0.3,
      "patience_bias": -0.3,
      "hardness_bias": 0.35,
      "samples": 311
    },
    "framing_selection": {
      "pressure_gain": 1.9337549673574737,
      "difficulty_bias": 0.35,
      "escalation_bias": 0.3,
      "patience_bias": -0.3,
      "hardness_bias": 0.35,
      "samples": 311
    },
    "emotional_calibration": {
      "pressure_gain": 1.000272600769459,
      "difficulty_bias": 0.00010751463422309407,
      "escalation_bias": 9.300983037542236e-05,
      "patience_bias": -6.998122996946921e-05,
      "hardness_bias": 0.0001220194380707663,
      "samples": 311
    },
    "semantic_precision": {
      "pressure_gain": 1.0040784935876623,
      "difficulty_bias": 0.0016444868658533822,
      "escalation_bias": 0.0014266763316048326,
      "patience_bias": -0.00111086838922128,
      "hardness_bias": 0.0018622974001019294,
      "samples": 311
    },
    "adaptive_strategy_selection": {
      "pressure_gain": 1.359034285696657,
      "difficulty_bias": 0.14781038464063662,
      "escalation_bias": 0.12856863006210417,
      "patience_bias": -0.12200957876664939,
      "hardness_bias": 0.15764896158381903,
      "samples": 311
    },
    "compression_elaboration_fit": {
      "pressure_gain": 1.0035951295434529,
      "difficulty_bias": 0.0015760535538437183,
      "escalation_bias": 0.001381246606271388,
      "patience_bias": -0.0012040376319641373,
      "hardness_bias": 0.0017708605014160478,
      "samples": 311
    },
    "perspective_integration": {
      "pressure_gain": 1.95,
      "difficulty_bias": 0.35,
      "escalation_bias": 0.3,
      "patience_bias": -0.3,
      "hardness_bias": 0.35,
      "samples": 311
    },
    "multi_turn_stability": {
      "pressure_gain": 1.0108516581667562,
      "difficulty_bias": 0.00483004497512973,
      "escalation_bias": 0.00424041472382641,
      "patience_bias": -0.0037637874372262138,
      "hardness_bias": 0.005419675226433058,
      "samples": 311
    }
  },
  "last_episode_id": "episode_992321668bdb",
  "last_update_ts": 1784103040.514031
}