{
  "version": 1,
  "samples": 300,
  "global": {
    "pressure_gain_bias": 0.4,
    "difficulty_bias": 0.35,
    "escalation_bias": 0.3,
    "patience_bias": -0.3,
    "hardness_bias": 0.35,
    "samples": 300
  },
  "axis": {
    "X": {
      "pressure_gain": 1.2097491913306615,
      "difficulty_bias": 0.07993226665972764,
      "escalation_bias": 0.06883238526143913,
      "patience_bias": -0.06755663880984449,
      "hardness_bias": 0.08168446065131194,
      "samples": 300
    },
    "T": {
      "pressure_gain": 1.6028330171921659,
      "difficulty_bias": 0.22406951024726096,
      "escalation_bias": 0.19227926705489637,
      "patience_bias": -0.1914382294888463,
      "hardness_bias": 0.22523382352913604,
      "samples": 300
    },
    "N": {
      "pressure_gain": 1.4973849250988858,
      "difficulty_bias": 0.1904372113588959,
      "escalation_bias": 0.1640992175711716,
      "patience_bias": -0.16102279209251058,
      "hardness_bias": 0.19501095579659933,
      "samples": 300
    },
    "B": {
      "pressure_gain": 1.6652472506420741,
      "difficulty_bias": 0.2450910938745298,
      "escalation_bias": 0.21007808059244465,
      "patience_bias": -0.2100780800060857,
      "hardness_bias": 0.24509109424601289,
      "samples": 300
    },
    "A": {
      "pressure_gain": 1.4592841807760417,
      "difficulty_bias": 0.17381401459532272,
      "escalation_bias": 0.1495378009091127,
      "patience_bias": -0.1475963738530632,
      "hardness_bias": 0.17671627495776815,
      "samples": 300
    }
  },
  "dimensions": {
    "coherence_maintenance": {
      "pressure_gain": 1.95,
      "difficulty_bias": 0.35,
      "escalation_bias": 0.3,
      "patience_bias": -0.3,
      "hardness_bias": 0.35,
      "samples": 300
    },
    "context_carryover": {
      "pressure_gain": 1.824317804364825,
      "difficulty_bias": 0.30954336946459066,
      "escalation_bias": 0.26602828106027415,
      "patience_bias": -0.2635594057430866,
      "hardness_bias": 0.3132466824403719,
      "samples": 300
    },
    "ambiguity_handling": {
      "pressure_gain": 1.0736528897345168,
      "difficulty_bias": 0.027135275165349956,
      "escalation_bias": 0.02325880728458568,
      "patience_bias": -0.02325880728458568,
      "hardness_bias": 0.027135275165349956,
      "samples": 300
    },
    "contradiction_handling": {
      "pressure_gain": 1.95,
      "difficulty_bias": 0.35,
      "escalation_bias": 0.3,
      "patience_bias": -0.3,
      "hardness_bias": 0.35,
      "samples": 300
    },
    "implied_intent_inference": {
      "pressure_gain": 1.95,
      "difficulty_bias": 0.35,
      "escalation_bias": 0.3,
      "patience_bias": -0.3,
      "hardness_bias": 0.35,
      "samples": 300
    },
    "misunderstanding_repair": {
      "pressure_gain": 1.0,
      "difficulty_bias": 0.0,
      "escalation_bias": 0.0,
      "patience_bias": 0.0,
      "hardness_bias": 0.0,
      "samples": 300
    },
    "uncertainty_signaling": {
      "pressure_gain": 1.5783352254931307,
      "difficulty_bias": 0.24149537661834913,
      "escalation_bias": 0.2104250248938022,
      "patience_bias": -0.19842356762054217,
      "hardness_bias": 0.25949756252823936,
      "samples": 300
    },
    "boundary_calibration": {
      "pressure_gain": 1.95,
      "difficulty_bias": 0.35,
      "escalation_bias": 0.3,
      "patience_bias": -0.3,
      "hardness_bias": 0.35,
      "samples": 300
    },
    "framing_selection": {
      "pressure_gain": 1.6612149320346166,
      "difficulty_bias": 0.26028247974424906,
      "escalation_bias": 0.2251110943261716,
      "patience_bias": -0.2180697034173183,
      "hardness_bias": 0.27084456610752894,
      "samples": 300
    },
    "emotional_calibration": {
      "pressure_gain": 1.000360144100222,
      "difficulty_bias": 0.00014204200993173983,
      "escalation_bias": 0.00012287911636774557,
      "patience_bias": -9.245508422353493e-05,
      "hardness_bias": 0.0001612049034957347,
      "samples": 300
    },
    "semantic_precision": {
      "pressure_gain": 1.005388265800945,
      "difficulty_bias": 0.0021725993063183174,
      "escalation_bias": 0.0018848408416913265,
      "patience_bias": -0.0014676139663667449,
      "hardness_bias": 0.0024603577709453044,
      "samples": 300
    },
    "adaptive_strategy_selection": {
      "pressure_gain": 1.4342773388623205,
      "difficulty_bias": 0.17757857802936103,
      "escalation_bias": 0.15433117234593863,
      "patience_bias": -0.14690780322323654,
      "hardness_bias": 0.18871363171341424,
      "samples": 300
    },
    "compression_elaboration_fit": {
      "pressure_gain": 1.0047496736607735,
      "difficulty_bias": 0.0020821892402433247,
      "escalation_bias": 0.0018248217610923128,
      "patience_bias": -0.0015907036889765344,
      "hardness_bias": 0.002339556719394336,
      "samples": 300
    },
    "perspective_integration": {
      "pressure_gain": 1.95,
      "difficulty_bias": 0.35,
      "escalation_bias": 0.3,
      "patience_bias": -0.3,
      "hardness_bias": 0.35,
      "samples": 300
    },
    "multi_turn_stability": {
      "pressure_gain": 1.0143365723953441,
      "difficulty_bias": 0.0063811712822695885,
      "escalation_bias": 0.0056021864806481345,
      "patience_bias": -0.00497249454832455,
      "hardness_bias": 0.007160156083891058,
      "samples": 300
    }
  },
  "last_episode_id": "episode_19aa71fbdf05",
  "last_update_ts": 1784039257.1259692
}