{
  "version": 1,
  "samples": 272,
  "global": {
    "pressure_gain_bias": 0.4,
    "difficulty_bias": 0.35,
    "escalation_bias": 0.3,
    "patience_bias": -0.3,
    "hardness_bias": 0.35,
    "samples": 272
  },
  "axis": {
    "X": {
      "pressure_gain": 1.2960528669580553,
      "difficulty_bias": 0.11009739796731725,
      "escalation_bias": 0.09446570267159812,
      "patience_bias": -0.09378358216437778,
      "hardness_bias": 0.110733657888693,
      "samples": 272
    },
    "T": {
      "pressure_gain": 1.4925854090010373,
      "difficulty_bias": 0.18244903837468768,
      "escalation_bias": 0.15650190279533116,
      "patience_bias": -0.15594655803998855,
      "hardness_bias": 0.18313605094026564,
      "samples": 272
    },
    "N": {
      "pressure_gain": 1.4840543810705302,
      "difficulty_bias": 0.17864521267964598,
      "escalation_bias": 0.15316066200708003,
      "patience_bias": -0.1529485775981063,
      "hardness_bias": 0.17887610479817218,
      "samples": 272
    },
    "B": {
      "pressure_gain": 1.6981346373553239,
      "difficulty_bias": 0.2572075272597183,
      "escalation_bias": 0.22046359725057618,
      "patience_bias": -0.22046358604657057,
      "hardness_bias": 0.2572075343579277,
      "samples": 272
    },
    "A": {
      "pressure_gain": 1.4657301050754237,
      "difficulty_bias": 0.17207500273506476,
      "escalation_bias": 0.1475319392181569,
      "patience_bias": -0.14737284879256685,
      "hardness_bias": 0.17226513613886896,
      "samples": 272
    }
  },
  "dimensions": {
    "coherence_maintenance": {
      "pressure_gain": 1.95,
      "difficulty_bias": 0.35,
      "escalation_bias": 0.3,
      "patience_bias": -0.3,
      "hardness_bias": 0.35,
      "samples": 272
    },
    "context_carryover": {
      "pressure_gain": 1.3818473407393228,
      "difficulty_bias": 0.14068059921975135,
      "escalation_bias": 0.12058337075978683,
      "patience_bias": -0.12058337075978683,
      "hardness_bias": 0.14068059921975135,
      "samples": 272
    },
    "ambiguity_handling": {
      "pressure_gain": 1.1496444282515248,
      "difficulty_bias": 0.05513215777687883,
      "escalation_bias": 0.04725613523732473,
      "patience_bias": -0.04725613523732473,
      "hardness_bias": 0.05513215777687883,
      "samples": 272
    },
    "contradiction_handling": {
      "pressure_gain": 1.95,
      "difficulty_bias": 0.35,
      "escalation_bias": 0.3,
      "patience_bias": -0.3,
      "hardness_bias": 0.35,
      "samples": 272
    },
    "implied_intent_inference": {
      "pressure_gain": 1.95,
      "difficulty_bias": 0.35,
      "escalation_bias": 0.3,
      "patience_bias": -0.3,
      "hardness_bias": 0.35,
      "samples": 272
    },
    "misunderstanding_repair": {
      "pressure_gain": 1.0,
      "difficulty_bias": 0.0,
      "escalation_bias": 0.0,
      "patience_bias": 0.0,
      "hardness_bias": 0.0,
      "samples": 272
    },
    "uncertainty_signaling": {
      "pressure_gain": 1.3818473407393228,
      "difficulty_bias": 0.14068059921975135,
      "escalation_bias": 0.12058337075978683,
      "patience_bias": -0.12058337075978683,
      "hardness_bias": 0.14068059921975135,
      "samples": 272
    },
    "boundary_calibration": {
      "pressure_gain": 1.95,
      "difficulty_bias": 0.35,
      "escalation_bias": 0.3,
      "patience_bias": -0.3,
      "hardness_bias": 0.35,
      "samples": 272
    },
    "framing_selection": {
      "pressure_gain": 1.8268145138247671,
      "difficulty_bias": 0.30729455772491454,
      "escalation_bias": 0.26371847804992676,
      "patience_bias": -0.2625874780499267,
      "hardness_bias": 0.30899105772491453,
      "samples": 272
    },
    "emotional_calibration": {
      "pressure_gain": 1.0007317236046038,
      "difficulty_bias": 0.0002885941806295546,
      "escalation_bias": 0.00024965992752197064,
      "patience_bias": -0.00018784583018326695,
      "hardness_bias": 0.00032752843373713947,
      "samples": 272
    },
    "semantic_precision": {
      "pressure_gain": 1.0109476214437239,
      "difficulty_bias": 0.004414183641477516,
      "escalation_bias": 0.0038295297186123484,
      "patience_bias": -0.00298182805430338,
      "hardness_bias": 0.004998837564342679,
      "samples": 272
    },
    "adaptive_strategy_selection": {
      "pressure_gain": 1.3629936282903186,
      "difficulty_bias": 0.1337344946332761,
      "escalation_bias": 0.11462956682852235,
      "patience_bias": -0.11462956682852235,
      "hardness_bias": 0.1337344946332761,
      "samples": 272
    },
    "compression_elaboration_fit": {
      "pressure_gain": 1.009650160393026,
      "difficulty_bias": 0.004230492781624755,
      "escalation_bias": 0.0037075858134540418,
      "patience_bias": -0.003231915881542396,
      "hardness_bias": 0.004753399749795463,
      "samples": 272
    },
    "perspective_integration": {
      "pressure_gain": 1.95,
      "difficulty_bias": 0.35,
      "escalation_bias": 0.3,
      "patience_bias": -0.3,
      "hardness_bias": 0.35,
      "samples": 272
    },
    "multi_turn_stability": {
      "pressure_gain": 1.0291283639640088,
      "difficulty_bias": 0.012964959440861373,
      "escalation_bias": 0.011382255277108306,
      "patience_bias": -0.010102877244191871,
      "hardness_bias": 0.014547663604614479,
      "samples": 272
    }
  },
  "last_episode_id": "episode_198555850c80",
  "last_update_ts": 1783858646.70499
}