{
  "version": 1,
  "samples": 223,
  "global": {
    "pressure_gain_bias": 0.4,
    "difficulty_bias": 0.35,
    "escalation_bias": 0.3,
    "patience_bias": -0.3,
    "hardness_bias": 0.35,
    "samples": 223
  },
  "axis": {
    "X": {
      "pressure_gain": 1.2341106160854762,
      "difficulty_bias": 0.08685057653661302,
      "escalation_bias": 0.07451563917021137,
      "patience_bias": -0.07315301191317759,
      "hardness_bias": 0.08778489764426509,
      "samples": 223
    },
    "T": {
      "pressure_gain": 1.6716443378710495,
      "difficulty_bias": 0.2512085263048723,
      "escalation_bias": 0.2157704249248988,
      "patience_bias": -0.2136880653541691,
      "hardness_bias": 0.2537849076709748,
      "samples": 223
    },
    "N": {
      "pressure_gain": 1.6266610944617286,
      "difficulty_bias": 0.23482298900187162,
      "escalation_bias": 0.2015559379877861,
      "patience_bias": -0.19980232118003236,
      "hardness_bias": 0.23635720388445594,
      "samples": 223
    },
    "B": {
      "pressure_gain": 1.8497530430959832,
      "difficulty_bias": 0.31307202493002895,
      "escalation_bias": 0.2683478789223964,
      "patience_bias": -0.2683459223750756,
      "hardness_bias": 0.31307326448516193,
      "samples": 223
    },
    "A": {
      "pressure_gain": 1.532968678252675,
      "difficulty_bias": 0.19639700069294022,
      "escalation_bias": 0.16834187748116208,
      "patience_bias": -0.1683250610415302,
      "hardness_bias": 0.1964063805371662,
      "samples": 223
    }
  },
  "dimensions": {
    "coherence_maintenance": {
      "pressure_gain": 1.95,
      "difficulty_bias": 0.35,
      "escalation_bias": 0.3,
      "patience_bias": -0.3,
      "hardness_bias": 0.35,
      "samples": 223
    },
    "context_carryover": {
      "pressure_gain": 1.95,
      "difficulty_bias": 0.35,
      "escalation_bias": 0.3,
      "patience_bias": -0.3,
      "hardness_bias": 0.35,
      "samples": 223
    },
    "ambiguity_handling": {
      "pressure_gain": 1.5174094805207274,
      "difficulty_bias": 0.19062454545500557,
      "escalation_bias": 0.1633924675328619,
      "patience_bias": -0.1633924675328619,
      "hardness_bias": 0.19062454545500557,
      "samples": 223
    },
    "contradiction_handling": {
      "pressure_gain": 1.95,
      "difficulty_bias": 0.35,
      "escalation_bias": 0.3,
      "patience_bias": -0.3,
      "hardness_bias": 0.35,
      "samples": 223
    },
    "implied_intent_inference": {
      "pressure_gain": 1.5174094805207274,
      "difficulty_bias": 0.19062454545500557,
      "escalation_bias": 0.1633924675328619,
      "patience_bias": -0.1633924675328619,
      "hardness_bias": 0.19062454545500557,
      "samples": 223
    },
    "misunderstanding_repair": {
      "pressure_gain": 1.0,
      "difficulty_bias": 0.0,
      "escalation_bias": 0.0,
      "patience_bias": 0.0,
      "hardness_bias": 0.0,
      "samples": 223
    },
    "uncertainty_signaling": {
      "pressure_gain": 1.95,
      "difficulty_bias": 0.35,
      "escalation_bias": 0.3,
      "patience_bias": -0.3,
      "hardness_bias": 0.35,
      "samples": 223
    },
    "boundary_calibration": {
      "pressure_gain": 1.95,
      "difficulty_bias": 0.35,
      "escalation_bias": 0.3,
      "patience_bias": -0.3,
      "hardness_bias": 0.35,
      "samples": 223
    },
    "framing_selection": {
      "pressure_gain": 1.5174094805207274,
      "difficulty_bias": 0.19062454545500557,
      "escalation_bias": 0.1633924675328619,
      "patience_bias": -0.1633924675328619,
      "hardness_bias": 0.19062454545500557,
      "samples": 223
    },
    "emotional_calibration": {
      "pressure_gain": 1.0025300021829555,
      "difficulty_bias": 0.0009978411279694163,
      "escalation_bias": 0.0008632223392164052,
      "patience_bias": -0.0006494943684087124,
      "hardness_bias": 0.0011324599167224303,
      "samples": 223
    },
    "semantic_precision": {
      "pressure_gain": 1.037852415825433,
      "difficulty_bias": 0.015262449070412725,
      "escalation_bias": 0.013240953943273025,
      "patience_bias": -0.010309946869428413,
      "hardness_bias": 0.01728394419755243,
      "samples": 223
    },
    "adaptive_strategy_selection": {
      "pressure_gain": 1.95,
      "difficulty_bias": 0.35,
      "escalation_bias": 0.3,
      "patience_bias": -0.3,
      "hardness_bias": 0.35,
      "samples": 223
    },
    "compression_elaboration_fit": {
      "pressure_gain": 1.0333663239870545,
      "difficulty_bias": 0.014627320897026475,
      "escalation_bias": 0.012819321588778833,
      "patience_bias": -0.011174648711576519,
      "hardness_bias": 0.016435320205274117,
      "samples": 223
    },
    "perspective_integration": {
      "pressure_gain": 1.95,
      "difficulty_bias": 0.35,
      "escalation_bias": 0.3,
      "patience_bias": -0.3,
      "hardness_bias": 0.35,
      "samples": 223
    },
    "multi_turn_stability": {
      "pressure_gain": 1.100714018177182,
      "difficulty_bias": 0.0448275489281366,
      "escalation_bias": 0.039355202588525304,
      "patience_bias": -0.034931634460159906,
      "hardness_bias": 0.05029989526774798,
      "samples": 223
    }
  },
  "last_episode_id": "episode_7f60e9b5435e",
  "last_update_ts": 1783555610.2675266
}