{
  "version": 1,
  "samples": 231,
  "global": {
    "pressure_gain_bias": 0.4,
    "difficulty_bias": 0.35,
    "escalation_bias": 0.3,
    "patience_bias": -0.3,
    "hardness_bias": 0.35,
    "samples": 231
  },
  "axis": {
    "X": {
      "pressure_gain": 1.206540914449052,
      "difficulty_bias": 0.0773249813084302,
      "escalation_bias": 0.06642704862673413,
      "patience_bias": -0.06500109454139107,
      "hardness_bias": 0.07855768461646825,
      "samples": 231
    },
    "T": {
      "pressure_gain": 1.6666791188495158,
      "difficulty_bias": 0.2485297582460013,
      "escalation_bias": 0.21337461241666547,
      "patience_bias": -0.2117379555626209,
      "hardness_bias": 0.2505545848118316,
      "samples": 231
    },
    "N": {
      "pressure_gain": 1.6360448960658962,
      "difficulty_bias": 0.2364224145095235,
      "escalation_bias": 0.20281505090067703,
      "patience_bias": -0.20178494585775855,
      "hardness_bias": 0.2373854063501222,
      "samples": 231
    },
    "B": {
      "pressure_gain": 1.8130816689803606,
      "difficulty_bias": 0.2995586059064044,
      "escalation_bias": 0.2567647040111913,
      "patience_bias": -0.25676386178172483,
      "hardness_bias": 0.2995591394942441,
      "samples": 231
    },
    "A": {
      "pressure_gain": 1.507352396061015,
      "difficulty_bias": 0.1876322652177006,
      "escalation_bias": 0.1609122655245327,
      "patience_bias": -0.16061129023311727,
      "hardness_bias": 0.18807690748142225,
      "samples": 231
    }
  },
  "dimensions": {
    "coherence_maintenance": {
      "pressure_gain": 1.95,
      "difficulty_bias": 0.35,
      "escalation_bias": 0.3,
      "patience_bias": -0.3,
      "hardness_bias": 0.35,
      "samples": 231
    },
    "context_carryover": {
      "pressure_gain": 1.95,
      "difficulty_bias": 0.35,
      "escalation_bias": 0.3,
      "patience_bias": -0.3,
      "hardness_bias": 0.35,
      "samples": 231
    },
    "ambiguity_handling": {
      "pressure_gain": 1.4225433854992053,
      "difficulty_bias": 0.1556738788681291,
      "escalation_bias": 0.1334347533155392,
      "patience_bias": -0.1334347533155392,
      "hardness_bias": 0.1556738788681291,
      "samples": 231
    },
    "contradiction_handling": {
      "pressure_gain": 1.95,
      "difficulty_bias": 0.35,
      "escalation_bias": 0.3,
      "patience_bias": -0.3,
      "hardness_bias": 0.35,
      "samples": 231
    },
    "implied_intent_inference": {
      "pressure_gain": 1.4913500187934101,
      "difficulty_bias": 0.18505947504687784,
      "escalation_bias": 0.15910926365501776,
      "patience_bias": -0.15740526600308902,
      "hardness_bias": 0.18761547152477093,
      "samples": 231
    },
    "misunderstanding_repair": {
      "pressure_gain": 1.0,
      "difficulty_bias": 0.0,
      "escalation_bias": 0.0,
      "patience_bias": 0.0,
      "hardness_bias": 0.0,
      "samples": 231
    },
    "uncertainty_signaling": {
      "pressure_gain": 1.95,
      "difficulty_bias": 0.35,
      "escalation_bias": 0.3,
      "patience_bias": -0.3,
      "hardness_bias": 0.35,
      "samples": 231
    },
    "boundary_calibration": {
      "pressure_gain": 1.95,
      "difficulty_bias": 0.35,
      "escalation_bias": 0.3,
      "patience_bias": -0.3,
      "hardness_bias": 0.35,
      "samples": 231
    },
    "framing_selection": {
      "pressure_gain": 1.494443391655739,
      "difficulty_bias": 0.18646555362066364,
      "escalation_bias": 0.16034661279994933,
      "patience_bias": -0.15853012886211773,
      "hardness_bias": 0.18919027952741105,
      "samples": 231
    },
    "emotional_calibration": {
      "pressure_gain": 1.00206613084598,
      "difficulty_bias": 0.0008148887569246095,
      "escalation_bias": 0.0007049520802826341,
      "patience_bias": -0.0005304107474294567,
      "hardness_bias": 0.0009248254335665875,
      "samples": 231
    },
    "semantic_precision": {
      "pressure_gain": 1.030912243656813,
      "difficulty_bias": 0.012464106561655964,
      "escalation_bias": 0.010813248919982855,
      "patience_bias": -0.008419636706580804,
      "hardness_bias": 0.014114964203329076,
      "samples": 231
    },
    "adaptive_strategy_selection": {
      "pressure_gain": 1.95,
      "difficulty_bias": 0.35,
      "escalation_bias": 0.3,
      "patience_bias": -0.3,
      "hardness_bias": 0.35,
      "samples": 231
    },
    "compression_elaboration_fit": {
      "pressure_gain": 1.0272486686656066,
      "difficulty_bias": 0.011945427993303366,
      "escalation_bias": 0.010468922097202805,
      "patience_bias": -0.009125797025601134,
      "hardness_bias": 0.01342193388940392,
      "samples": 231
    },
    "perspective_integration": {
      "pressure_gain": 1.95,
      "difficulty_bias": 0.35,
      "escalation_bias": 0.3,
      "patience_bias": -0.3,
      "hardness_bias": 0.35,
      "samples": 231
    },
    "multi_turn_stability": {
      "pressure_gain": 1.082248284598469,
      "difficulty_bias": 0.03660849868592104,
      "escalation_bias": 0.03213949717741291,
      "patience_bias": -0.028526982286760406,
      "hardness_bias": 0.04107750019442926,
      "samples": 231
    }
  },
  "last_episode_id": "episode_66f3ae4d2739",
  "last_update_ts": 1783621280.0285847
}