{
  "version": 1,
  "samples": 331,
  "global": {
    "pressure_gain_bias": 0.4,
    "difficulty_bias": 0.35,
    "escalation_bias": 0.3,
    "patience_bias": -0.3,
    "hardness_bias": 0.35,
    "samples": 331
  },
  "axis": {
    "X": {
      "pressure_gain": 1.310434556512901,
      "difficulty_bias": 0.11512658530048862,
      "escalation_bias": 0.09874000345252562,
      "patience_bias": -0.09842575382472697,
      "hardness_bias": 0.1154536424939592,
      "samples": 331
    },
    "T": {
      "pressure_gain": 1.5421939527964492,
      "difficulty_bias": 0.20565824243124572,
      "escalation_bias": 0.1769898504605173,
      "patience_bias": -0.1744673593918643,
      "hardness_bias": 0.20940827930678613,
      "samples": 331
    },
    "N": {
      "pressure_gain": 1.4633055150822427,
      "difficulty_bias": 0.17884109406125787,
      "escalation_bias": 0.1542754890464165,
      "patience_bias": -0.15081600955894428,
      "hardness_bias": 0.18401175963161026,
      "samples": 331
    },
    "B": {
      "pressure_gain": 1.6478930296928043,
      "difficulty_bias": 0.23869743205056246,
      "escalation_bias": 0.20459779890538704,
      "patience_bias": -0.2045977988830163,
      "hardness_bias": 0.2386974320647353,
      "samples": 331
    },
    "A": {
      "pressure_gain": 1.4234362890914598,
      "difficulty_bias": 0.16115718300864174,
      "escalation_bias": 0.13875648159789009,
      "patience_bias": -0.13658030048258157,
      "hardness_bias": 0.1644210777309696,
      "samples": 331
    }
  },
  "dimensions": {
    "coherence_maintenance": {
      "pressure_gain": 1.95,
      "difficulty_bias": 0.35,
      "escalation_bias": 0.3,
      "patience_bias": -0.3,
      "hardness_bias": 0.35,
      "samples": 331
    },
    "context_carryover": {
      "pressure_gain": 1.6342379937802236,
      "difficulty_bias": 0.2554036233292518,
      "escalation_bias": 0.2215396319761472,
      "patience_bias": -0.21236179004738723,
      "hardness_bias": 0.26917038622239203,
      "samples": 331
    },
    "ambiguity_handling": {
      "pressure_gain": 1.0335995048639355,
      "difficulty_bias": 0.01237876494987265,
      "escalation_bias": 0.0106103699570337,
      "patience_bias": -0.0106103699570337,
      "hardness_bias": 0.01237876494987265,
      "samples": 331
    },
    "contradiction_handling": {
      "pressure_gain": 1.95,
      "difficulty_bias": 0.35,
      "escalation_bias": 0.3,
      "patience_bias": -0.3,
      "hardness_bias": 0.35,
      "samples": 331
    },
    "implied_intent_inference": {
      "pressure_gain": 1.95,
      "difficulty_bias": 0.35,
      "escalation_bias": 0.3,
      "patience_bias": -0.3,
      "hardness_bias": 0.35,
      "samples": 331
    },
    "misunderstanding_repair": {
      "pressure_gain": 1.0,
      "difficulty_bias": 0.0,
      "escalation_bias": 0.0,
      "patience_bias": 0.0,
      "hardness_bias": 0.0,
      "samples": 331
    },
    "uncertainty_signaling": {
      "pressure_gain": 1.4037540178375039,
      "difficulty_bias": 0.17272964221266568,
      "escalation_bias": 0.1509465827040506,
      "patience_bias": -0.14082246987787073,
      "hardness_bias": 0.18791581145193573,
      "samples": 331
    },
    "boundary_calibration": {
      "pressure_gain": 1.95,
      "difficulty_bias": 0.35,
      "escalation_bias": 0.3,
      "patience_bias": -0.3,
      "hardness_bias": 0.35,
      "samples": 331
    },
    "framing_selection": {
      "pressure_gain": 1.95,
      "difficulty_bias": 0.35,
      "escalation_bias": 0.3,
      "patience_bias": -0.3,
      "hardness_bias": 0.35,
      "samples": 331
    },
    "emotional_calibration": {
      "pressure_gain": 1.0001642931253705,
      "difficulty_bias": 6.479774548952166e-05,
      "escalation_bias": 5.6055878906535283e-05,
      "patience_bias": -4.217682514917876e-05,
      "hardness_bias": 7.35396120725083e-05,
      "samples": 331
    },
    "semantic_precision": {
      "pressure_gain": 1.0024580578391358,
      "difficulty_bias": 0.000991111974331954,
      "escalation_bias": 0.0008598402487184126,
      "patience_bias": -0.0006695066925285018,
      "hardness_bias": 0.001122383699945493,
      "samples": 331
    },
    "adaptive_strategy_selection": {
      "pressure_gain": 1.2954079818937863,
      "difficulty_bias": 0.12427099061937757,
      "escalation_bias": 0.10838016941033402,
      "patience_bias": -0.10186254833229763,
      "hardness_bias": 0.13404742223643235,
      "samples": 331
    },
    "compression_elaboration_fit": {
      "pressure_gain": 1.00216674028463,
      "difficulty_bias": 0.0009498680602671392,
      "escalation_bias": 0.0008324603129442074,
      "patience_bias": -0.0007256586473049645,
      "hardness_bias": 0.0010672758075900705,
      "samples": 331
    },
    "perspective_integration": {
      "pressure_gain": 1.95,
      "difficulty_bias": 0.35,
      "escalation_bias": 0.3,
      "patience_bias": -0.3,
      "hardness_bias": 0.35,
      "samples": 331
    },
    "multi_turn_stability": {
      "pressure_gain": 1.0065401606870519,
      "difficulty_bias": 0.0029110086014148572,
      "escalation_bias": 0.002555645713069855,
      "patience_bias": -0.0022683883193796582,
      "hardness_bias": 0.003266371489759865,
      "samples": 331
    }
  },
  "last_episode_id": "episode_4d544cab93de",
  "last_update_ts": 1784224360.6959207
}