{
  "version": 1,
  "samples": 242,
  "global": {
    "pressure_gain_bias": 0.4,
    "difficulty_bias": 0.35,
    "escalation_bias": 0.3,
    "patience_bias": -0.3,
    "hardness_bias": 0.35,
    "samples": 242
  },
  "axis": {
    "X": {
      "pressure_gain": 1.2035475521639192,
      "difficulty_bias": 0.07884835483140706,
      "escalation_bias": 0.06804961017548775,
      "patience_bias": -0.06573506876382862,
      "hardness_bias": 0.08163419665630864,
      "samples": 242
    },
    "T": {
      "pressure_gain": 1.6460866939049104,
      "difficulty_bias": 0.24015642539299117,
      "escalation_bias": 0.20610399927470785,
      "patience_bias": -0.2048967431456846,
      "hardness_bias": 0.2416499512886584,
      "samples": 242
    },
    "N": {
      "pressure_gain": 1.6259126169144482,
      "difficulty_bias": 0.2316213411794988,
      "escalation_bias": 0.19862922858943233,
      "patience_bias": -0.1980480709902249,
      "hardness_bias": 0.23220704902010442,
      "samples": 242
    },
    "B": {
      "pressure_gain": 1.7708747957568898,
      "difficulty_bias": 0.28400719456812445,
      "escalation_bias": 0.24343479615040686,
      "patience_bias": -0.2434345318498759,
      "hardness_bias": 0.28400736201364246,
      "samples": 242
    },
    "A": {
      "pressure_gain": 1.4897338609515374,
      "difficulty_bias": 0.18409555789911977,
      "escalation_bias": 0.15823815728705287,
      "patience_bias": -0.15668976113162988,
      "hardness_bias": 0.18641601173266853,
      "samples": 242
    }
  },
  "dimensions": {
    "coherence_maintenance": {
      "pressure_gain": 1.95,
      "difficulty_bias": 0.35,
      "escalation_bias": 0.3,
      "patience_bias": -0.3,
      "hardness_bias": 0.35,
      "samples": 242
    },
    "context_carryover": {
      "pressure_gain": 1.8161148859741203,
      "difficulty_bias": 0.3006739053588867,
      "escalation_bias": 0.2577204903076172,
      "patience_bias": -0.2577204903076172,
      "hardness_bias": 0.3006739053588867,
      "samples": 242
    },
    "ambiguity_handling": {
      "pressure_gain": 1.3198321226034928,
      "difficulty_bias": 0.117832887274972,
      "escalation_bias": 0.10099961766426171,
      "patience_bias": -0.10099961766426171,
      "hardness_bias": 0.117832887274972,
      "samples": 242
    },
    "contradiction_handling": {
      "pressure_gain": 1.95,
      "difficulty_bias": 0.35,
      "escalation_bias": 0.3,
      "patience_bias": -0.3,
      "hardness_bias": 0.35,
      "samples": 242
    },
    "implied_intent_inference": {
      "pressure_gain": 1.7139123713250977,
      "difficulty_bias": 0.28902410937977724,
      "escalation_bias": 0.2508719126679999,
      "patience_bias": -0.23989254646933186,
      "hardness_bias": 0.3054931586777795,
      "samples": 242
    },
    "misunderstanding_repair": {
      "pressure_gain": 1.0,
      "difficulty_bias": 0.0,
      "escalation_bias": 0.0,
      "patience_bias": 0.0,
      "hardness_bias": 0.0,
      "samples": 242
    },
    "uncertainty_signaling": {
      "pressure_gain": 1.8161148859741203,
      "difficulty_bias": 0.3006739053588867,
      "escalation_bias": 0.2577204903076172,
      "patience_bias": -0.2577204903076172,
      "hardness_bias": 0.3006739053588867,
      "samples": 242
    },
    "boundary_calibration": {
      "pressure_gain": 1.95,
      "difficulty_bias": 0.35,
      "escalation_bias": 0.3,
      "patience_bias": -0.3,
      "hardness_bias": 0.35,
      "samples": 242
    },
    "framing_selection": {
      "pressure_gain": 1.6849849603530473,
      "difficulty_bias": 0.2758752862106635,
      "escalation_bias": 0.23930094827917991,
      "patience_bias": -0.2293734879340409,
      "hardness_bias": 0.2907664767283721,
      "samples": 242
    },
    "emotional_calibration": {
      "pressure_gain": 1.0015638986118918,
      "difficulty_bias": 0.0006168067227108694,
      "escalation_bias": 0.0005335933016775799,
      "patience_bias": -0.0004014792350888376,
      "hardness_bias": 0.000700020143744161,
      "samples": 242
    },
    "semantic_precision": {
      "pressure_gain": 1.0233981381379664,
      "difficulty_bias": 0.009434348743291495,
      "escalation_bias": 0.008184779298419657,
      "patience_bias": -0.006373003037864601,
      "hardness_bias": 0.010683918188163333,
      "samples": 242
    },
    "adaptive_strategy_selection": {
      "pressure_gain": 1.7758192134791477,
      "difficulty_bias": 0.28582813128179163,
      "escalation_bias": 0.24499554109867855,
      "patience_bias": -0.24499554109867855,
      "hardness_bias": 0.28582813128179163,
      "samples": 242
    },
    "compression_elaboration_fit": {
      "pressure_gain": 1.0206250998986623,
      "difficulty_bias": 0.009041749845383855,
      "escalation_bias": 0.00792415096443461,
      "patience_bias": -0.006907510881275291,
      "hardness_bias": 0.010159348726333088,
      "samples": 242
    },
    "perspective_integration": {
      "pressure_gain": 1.95,
      "difficulty_bias": 0.35,
      "escalation_bias": 0.3,
      "patience_bias": -0.3,
      "hardness_bias": 0.35,
      "samples": 242
    },
    "multi_turn_stability": {
      "pressure_gain": 1.0622554851084596,
      "difficulty_bias": 0.027709755357340358,
      "escalation_bias": 0.024327072566801073,
      "patience_bias": -0.021592682809287545,
      "hardness_bias": 0.031092438147879715,
      "samples": 242
    }
  },
  "last_episode_id": "episode_077543a67dbc",
  "last_update_ts": 1783717745.5629196
}