{
  "version": 1,
  "samples": 163,
  "global": {
    "pressure_gain_bias": 0.4,
    "difficulty_bias": 0.35,
    "escalation_bias": 0.3,
    "patience_bias": -0.3,
    "hardness_bias": 0.35,
    "samples": 163
  },
  "axis": {
    "X": {
      "pressure_gain": 1.391655724207097,
      "difficulty_bias": 0.14713597630285688,
      "escalation_bias": 0.12645475697951614,
      "patience_bias": -0.12028068795407906,
      "hardness_bias": 0.15140672757041956,
      "samples": 163
    },
    "T": {
      "pressure_gain": 1.6913346894247343,
      "difficulty_bias": 0.2606768279598739,
      "escalation_bias": 0.2241540122942916,
      "patience_bias": -0.21960331891025445,
      "hardness_bias": 0.2654121164972989,
      "samples": 163
    },
    "N": {
      "pressure_gain": 1.6109430723048535,
      "difficulty_bias": 0.23651300820489543,
      "escalation_bias": 0.20333076433446579,
      "patience_bias": -0.19602692637083413,
      "hardness_bias": 0.2396775915797184,
      "samples": 163
    },
    "B": {
      "pressure_gain": 1.9403283112113074,
      "difficulty_bias": 0.34685692306289856,
      "escalation_bias": 0.29733656529991204,
      "patience_bias": -0.29718747651966926,
      "hardness_bias": 0.3470185203138355,
      "samples": 163
    },
    "A": {
      "pressure_gain": 1.542264150718041,
      "difficulty_bias": 0.2118274266910306,
      "escalation_bias": 0.18242673236866727,
      "patience_bias": -0.1739060040864068,
      "hardness_bias": 0.2169154035337204,
      "samples": 163
    }
  },
  "dimensions": {
    "coherence_maintenance": {
      "pressure_gain": 1.95,
      "difficulty_bias": 0.35,
      "escalation_bias": 0.3,
      "patience_bias": -0.3,
      "hardness_bias": 0.35,
      "samples": 163
    },
    "context_carryover": {
      "pressure_gain": 1.8132305366191868,
      "difficulty_bias": 0.3028332781636276,
      "escalation_bias": 0.25996007035469415,
      "patience_bias": -0.2585996586041473,
      "hardness_bias": 0.3048738957894479,
      "samples": 163
    },
    "ambiguity_handling": {
      "pressure_gain": 1.95,
      "difficulty_bias": 0.35,
      "escalation_bias": 0.3,
      "patience_bias": -0.3,
      "hardness_bias": 0.35,
      "samples": 163
    },
    "contradiction_handling": {
      "pressure_gain": 1.95,
      "difficulty_bias": 0.35,
      "escalation_bias": 0.3,
      "patience_bias": -0.3,
      "hardness_bias": 0.35,
      "samples": 163
    },
    "implied_intent_inference": {
      "pressure_gain": 1.8321112795859638,
      "difficulty_bias": 0.35,
      "escalation_bias": 0.3,
      "patience_bias": -0.2799550712287244,
      "hardness_bias": 0.35,
      "samples": 163
    },
    "misunderstanding_repair": {
      "pressure_gain": 1.0,
      "difficulty_bias": 0.0,
      "escalation_bias": 0.0,
      "patience_bias": 0.0,
      "hardness_bias": 0.0,
      "samples": 163
    },
    "uncertainty_signaling": {
      "pressure_gain": 1.95,
      "difficulty_bias": 0.35,
      "escalation_bias": 0.3,
      "patience_bias": -0.3,
      "hardness_bias": 0.35,
      "samples": 163
    },
    "boundary_calibration": {
      "pressure_gain": 1.73598243551767,
      "difficulty_bias": 0.30119082542241665,
      "escalation_bias": 0.25851471194242853,
      "patience_bias": -0.24467174220617338,
      "hardness_bias": 0.30303434871929164,
      "samples": 163
    },
    "framing_selection": {
      "pressure_gain": 1.95,
      "difficulty_bias": 0.35,
      "escalation_bias": 0.3,
      "patience_bias": -0.3,
      "hardness_bias": 0.35,
      "samples": 163
    },
    "emotional_calibration": {
      "pressure_gain": 1.0115569691501574,
      "difficulty_bias": 0.004558106396264172,
      "escalation_bias": 0.00394317206967341,
      "patience_bias": -0.002966869526620719,
      "hardness_bias": 0.00517304072285494,
      "samples": 163
    },
    "semantic_precision": {
      "pressure_gain": 1.1729086262851052,
      "difficulty_bias": 0.06971837979065196,
      "escalation_bias": 0.060484254627077134,
      "patience_bias": -0.04709550794555518,
      "hardness_bias": 0.07895250495422691,
      "samples": 163
    },
    "adaptive_strategy_selection": {
      "pressure_gain": 1.95,
      "difficulty_bias": 0.35,
      "escalation_bias": 0.3,
      "patience_bias": -0.3,
      "hardness_bias": 0.35,
      "samples": 163
    },
    "compression_elaboration_fit": {
      "pressure_gain": 1.075105136243981,
      "difficulty_bias": 0.03179730632853013,
      "escalation_bias": 0.02775269346594127,
      "patience_bias": -0.023148484031171507,
      "hardness_bias": 0.03584191919111904,
      "samples": 163
    },
    "perspective_integration": {
      "pressure_gain": 1.95,
      "difficulty_bias": 0.35,
      "escalation_bias": 0.3,
      "patience_bias": -0.3,
      "hardness_bias": 0.35,
      "samples": 163
    },
    "multi_turn_stability": {
      "pressure_gain": 1.2118132332186118,
      "difficulty_bias": 0.09254467218451039,
      "escalation_bias": 0.08107420243736055,
      "patience_bias": -0.07038464689752227,
      "hardness_bias": 0.10401514193166032,
      "samples": 163
    }
  },
  "last_episode_id": "episode_d7ca3fd97669",
  "last_update_ts": 1783131963.0723946
}