{
  "version": 1,
  "samples": 391,
  "global": {
    "pressure_gain_bias": 0.4,
    "difficulty_bias": 0.35,
    "escalation_bias": 0.3,
    "patience_bias": -0.3,
    "hardness_bias": 0.35,
    "samples": 391
  },
  "axis": {
    "X": {
      "pressure_gain": 1.3169021907950165,
      "difficulty_bias": 0.11676324415059099,
      "escalation_bias": 0.10008390765222888,
      "patience_bias": -0.10006412964541758,
      "hardness_bias": 0.1167770050227358,
      "samples": 391
    },
    "T": {
      "pressure_gain": 1.572660676230577,
      "difficulty_bias": 0.22574374952071238,
      "escalation_bias": 0.19482061607865392,
      "patience_bias": -0.18980315059361297,
      "hardness_bias": 0.23237332975686836,
      "samples": 391
    },
    "N": {
      "pressure_gain": 1.4379642103609178,
      "difficulty_bias": 0.17350660290517364,
      "escalation_bias": 0.1501858245983002,
      "patience_bias": -0.1450511875507794,
      "hardness_bias": 0.18120449880090106,
      "samples": 391
    },
    "B": {
      "pressure_gain": 1.6994952130725338,
      "difficulty_bias": 0.26321588854777095,
      "escalation_bias": 0.2262779704434818,
      "patience_bias": -0.22395273953459913,
      "hardness_bias": 0.26670373491106014,
      "samples": 391
    },
    "A": {
      "pressure_gain": 1.3945058790947127,
      "difficulty_bias": 0.15197282858233832,
      "escalation_bias": 0.13103359814786014,
      "patience_bias": -0.1283344902973104,
      "hardness_bias": 0.15602148968077878,
      "samples": 391
    }
  },
  "dimensions": {
    "coherence_maintenance": {
      "pressure_gain": 1.95,
      "difficulty_bias": 0.35,
      "escalation_bias": 0.3,
      "patience_bias": -0.3,
      "hardness_bias": 0.35,
      "samples": 391
    },
    "context_carryover": {
      "pressure_gain": 1.8675033573505024,
      "difficulty_bias": 0.34125,
      "escalation_bias": 0.2925,
      "patience_bias": -0.2925,
      "hardness_bias": 0.34125,
      "samples": 391
    },
    "ambiguity_handling": {
      "pressure_gain": 1.4136376006319744,
      "difficulty_bias": 0.18718016865388604,
      "escalation_bias": 0.16463671598904517,
      "patience_bias": -0.14994871598904513,
      "hardness_bias": 0.209212168653886,
      "samples": 391
    },
    "contradiction_handling": {
      "pressure_gain": 1.95,
      "difficulty_bias": 0.35,
      "escalation_bias": 0.3,
      "patience_bias": -0.3,
      "hardness_bias": 0.35,
      "samples": 391
    },
    "implied_intent_inference": {
      "pressure_gain": 1.95,
      "difficulty_bias": 0.35,
      "escalation_bias": 0.3,
      "patience_bias": -0.3,
      "hardness_bias": 0.35,
      "samples": 391
    },
    "misunderstanding_repair": {
      "pressure_gain": 1.0,
      "difficulty_bias": 0.0,
      "escalation_bias": 0.0,
      "patience_bias": 0.0,
      "hardness_bias": 0.0,
      "samples": 391
    },
    "uncertainty_signaling": {
      "pressure_gain": 1.6788644924316076,
      "difficulty_bias": 0.30503135305017276,
      "escalation_bias": 0.2680811233187639,
      "patience_bias": -0.2448912508536082,
      "hardness_bias": 0.33981616174790635,
      "samples": 391
    },
    "boundary_calibration": {
      "pressure_gain": 1.8650216602515441,
      "difficulty_bias": 0.3280451221403719,
      "escalation_bias": 0.2823098234149616,
      "patience_bias": -0.2783608078837116,
      "hardness_bias": 0.33396864543724686,
      "samples": 391
    },
    "framing_selection": {
      "pressure_gain": 1.95,
      "difficulty_bias": 0.35,
      "escalation_bias": 0.3,
      "patience_bias": -0.3,
      "hardness_bias": 0.35,
      "samples": 391
    },
    "emotional_calibration": {
      "pressure_gain": 1.0000359663472678,
      "difficulty_bias": 1.4185244886370607e-05,
      "escalation_bias": 1.2271512899141291e-05,
      "patience_bias": -9.233169900447897e-06,
      "hardness_bias": 1.609897687359998e-05,
      "samples": 391
    },
    "semantic_precision": {
      "pressure_gain": 1.0005381074932387,
      "difficulty_bias": 0.00021696998806828105,
      "escalation_bias": 0.0001882325441893786,
      "patience_bias": -0.00014656553734753916,
      "hardness_bias": 0.0002457074319471829,
      "samples": 391
    },
    "adaptive_strategy_selection": {
      "pressure_gain": 1.3632828457858477,
      "difficulty_bias": 0.16208452969981765,
      "escalation_bias": 0.14233674700489488,
      "patience_bias": -0.13041172158721565,
      "hardness_bias": 0.1799720678263366,
      "samples": 391
    },
    "compression_elaboration_fit": {
      "pressure_gain": 1.0004743335020427,
      "difficulty_bias": 0.0002079410470663688,
      "escalation_bias": 0.0001822386459295539,
      "patience_bias": -0.00015885808276459138,
      "hardness_bias": 0.00023364344820318335,
      "samples": 391
    },
    "perspective_integration": {
      "pressure_gain": 1.95,
      "difficulty_bias": 0.35,
      "escalation_bias": 0.3,
      "patience_bias": -0.3,
      "hardness_bias": 0.35,
      "samples": 391
    },
    "multi_turn_stability": {
      "pressure_gain": 1.2788379525921505,
      "difficulty_bias": 0.12672619435676202,
      "escalation_bias": 0.11151725881140494,
      "patience_bias": -0.10136303325995306,
      "hardness_bias": 0.14193512990211915,
      "samples": 391
    }
  },
  "last_episode_id": "episode_2dc1fbfd52ba",
  "last_update_ts": 1784715987.2609715
}