{
  "version": 1,
  "samples": 284,
  "global": {
    "pressure_gain_bias": 0.4,
    "difficulty_bias": 0.35,
    "escalation_bias": 0.3,
    "patience_bias": -0.3,
    "hardness_bias": 0.35,
    "samples": 284
  },
  "axis": {
    "X": {
      "pressure_gain": 1.2541196088574003,
      "difficulty_bias": 0.09479491130781621,
      "escalation_bias": 0.08138647609616126,
      "patience_bias": -0.080675066591835,
      "hardness_bias": 0.09560652663933221,
      "samples": 284
    },
    "T": {
      "pressure_gain": 1.5405603519447972,
      "difficulty_bias": 0.20343555415523187,
      "escalation_bias": 0.1747908740991415,
      "patience_bias": -0.17321978267129007,
      "hardness_bias": 0.20554699120305242,
      "samples": 284
    },
    "N": {
      "pressure_gain": 1.4704020831129327,
      "difficulty_bias": 0.17557799495654872,
      "escalation_bias": 0.15076918362009026,
      "patience_bias": -0.14974927826753107,
      "hardness_bias": 0.17704558884959656,
      "samples": 284
    },
    "B": {
      "pressure_gain": 1.6811769136599235,
      "difficulty_bias": 0.2509599238303498,
      "escalation_bias": 0.215108506834097,
      "patience_bias": -0.21510850366975484,
      "hardness_bias": 0.2509599258350938,
      "samples": 284
    },
    "A": {
      "pressure_gain": 1.447058873694065,
      "difficulty_bias": 0.16642131835978505,
      "escalation_bias": 0.14284811837172354,
      "patience_bias": -0.14213735776093972,
      "hardness_bias": 0.16743413971857965,
      "samples": 284
    }
  },
  "dimensions": {
    "coherence_maintenance": {
      "pressure_gain": 1.95,
      "difficulty_bias": 0.35,
      "escalation_bias": 0.3,
      "patience_bias": -0.3,
      "hardness_bias": 0.35,
      "samples": 284
    },
    "context_carryover": {
      "pressure_gain": 1.95,
      "difficulty_bias": 0.35,
      "escalation_bias": 0.3,
      "patience_bias": -0.3,
      "hardness_bias": 0.35,
      "samples": 284
    },
    "ambiguity_handling": {
      "pressure_gain": 1.1104373405117987,
      "difficulty_bias": 0.04068744124119051,
      "escalation_bias": 0.03487494963530616,
      "patience_bias": -0.03487494963530616,
      "hardness_bias": 0.04068744124119051,
      "samples": 284
    },
    "contradiction_handling": {
      "pressure_gain": 1.95,
      "difficulty_bias": 0.35,
      "escalation_bias": 0.3,
      "patience_bias": -0.3,
      "hardness_bias": 0.35,
      "samples": 284
    },
    "implied_intent_inference": {
      "pressure_gain": 1.95,
      "difficulty_bias": 0.35,
      "escalation_bias": 0.3,
      "patience_bias": -0.3,
      "hardness_bias": 0.35,
      "samples": 284
    },
    "misunderstanding_repair": {
      "pressure_gain": 1.0,
      "difficulty_bias": 0.0,
      "escalation_bias": 0.0,
      "patience_bias": 0.0,
      "hardness_bias": 0.0,
      "samples": 284
    },
    "uncertainty_signaling": {
      "pressure_gain": 1.4461830797981712,
      "difficulty_bias": 0.17595377430208203,
      "escalation_bias": 0.1522133313265614,
      "patience_bias": -0.14732799458984266,
      "hardness_bias": 0.1832817794071602,
      "samples": 284
    },
    "boundary_calibration": {
      "pressure_gain": 1.95,
      "difficulty_bias": 0.35,
      "escalation_bias": 0.3,
      "patience_bias": -0.3,
      "hardness_bias": 0.35,
      "samples": 284
    },
    "framing_selection": {
      "pressure_gain": 1.652099094062063,
      "difficulty_bias": 0.24453668942839624,
      "escalation_bias": 0.21012035881611793,
      "patience_bias": -0.20830917124489393,
      "hardness_bias": 0.2472534707852321,
      "samples": 284
    },
    "emotional_calibration": {
      "pressure_gain": 1.0005400108097993,
      "difficulty_bias": 0.00021298202791980892,
      "escalation_bias": 0.0001842486135304159,
      "patience_bias": -0.000138629911945685,
      "hardness_bias": 0.0002417154423092028,
      "samples": 284
    },
    "semantic_precision": {
      "pressure_gain": 1.008079326516204,
      "difficulty_bias": 0.00325766022558547,
      "escalation_bias": 0.0028261865976299135,
      "patience_bias": -0.002200584171615396,
      "hardness_bias": 0.003689133853541023,
      "samples": 284
    },
    "adaptive_strategy_selection": {
      "pressure_gain": 1.3879795957519188,
      "difficulty_bias": 0.15082369556809083,
      "escalation_bias": 0.1302285202998256,
      "patience_bias": -0.12689978595470838,
      "hardness_bias": 0.15581679708576665,
      "samples": 284
    },
    "compression_elaboration_fit": {
      "pressure_gain": 1.0071218024070143,
      "difficulty_bias": 0.003122096674870656,
      "escalation_bias": 0.0027361921973394405,
      "patience_bias": -0.0023851485744291706,
      "hardness_bias": 0.003508001152401869,
      "samples": 284
    },
    "perspective_integration": {
      "pressure_gain": 1.95,
      "difficulty_bias": 0.35,
      "escalation_bias": 0.3,
      "patience_bias": -0.3,
      "hardness_bias": 0.35,
      "samples": 284
    },
    "multi_turn_stability": {
      "pressure_gain": 1.0214966844220739,
      "difficulty_bias": 0.009568118621065316,
      "escalation_bias": 0.008400085566282599,
      "patience_bias": -0.007455906694303315,
      "hardness_bias": 0.01073615167584806,
      "samples": 284
    }
  },
  "last_episode_id": "episode_c3ed209b9c76",
  "last_update_ts": 1783929188.2965345
}