{
  "version": 1,
  "samples": 219,
  "global": {
    "pressure_gain_bias": 0.4,
    "difficulty_bias": 0.35,
    "escalation_bias": 0.3,
    "patience_bias": -0.3,
    "hardness_bias": 0.35,
    "samples": 219
  },
  "axis": {
    "X": {
      "pressure_gain": 1.2558880768187475,
      "difficulty_bias": 0.09493780148953088,
      "escalation_bias": 0.08145525652723354,
      "patience_bias": -0.07994744300871162,
      "hardness_bias": 0.09597170161520482,
      "samples": 219
    },
    "T": {
      "pressure_gain": 1.6735009670423318,
      "difficulty_bias": 0.2524663226290428,
      "escalation_bias": 0.21691522156783258,
      "patience_bias": -0.21454182955147538,
      "hardness_bias": 0.25540290352482437,
      "samples": 219
    },
    "N": {
      "pressure_gain": 1.6171260901024016,
      "difficulty_bias": 0.23295696320346418,
      "escalation_bias": 0.20005181538728825,
      "patience_bias": -0.1976766330500436,
      "hardness_bias": 0.23496818814482234,
      "samples": 219
    },
    "B": {
      "pressure_gain": 1.8695649482019077,
      "difficulty_bias": 0.32037382857279195,
      "escalation_bias": 0.27460679261355064,
      "patience_bias": -0.27460381052648947,
      "hardness_bias": 0.3203757178505438,
      "samples": 219
    },
    "A": {
      "pressure_gain": 1.5527188909291725,
      "difficulty_bias": 0.20369442364911872,
      "escalation_bias": 0.17459764546946543,
      "patience_bias": -0.1745720145601043,
      "hardness_bias": 0.20370872001282236,
      "samples": 219
    }
  },
  "dimensions": {
    "coherence_maintenance": {
      "pressure_gain": 1.95,
      "difficulty_bias": 0.35,
      "escalation_bias": 0.3,
      "patience_bias": -0.3,
      "hardness_bias": 0.35,
      "samples": 219
    },
    "context_carryover": {
      "pressure_gain": 1.95,
      "difficulty_bias": 0.35,
      "escalation_bias": 0.3,
      "patience_bias": -0.3,
      "hardness_bias": 0.35,
      "samples": 219
    },
    "ambiguity_handling": {
      "pressure_gain": 1.5725532962081432,
      "difficulty_bias": 0.21094068807668503,
      "escalation_bias": 0.18080630406573003,
      "patience_bias": -0.18080630406573003,
      "hardness_bias": 0.21094068807668503,
      "samples": 219
    },
    "contradiction_handling": {
      "pressure_gain": 1.95,
      "difficulty_bias": 0.35,
      "escalation_bias": 0.3,
      "patience_bias": -0.3,
      "hardness_bias": 0.35,
      "samples": 219
    },
    "implied_intent_inference": {
      "pressure_gain": 1.5725532962081432,
      "difficulty_bias": 0.21094068807668503,
      "escalation_bias": 0.18080630406573003,
      "patience_bias": -0.18080630406573003,
      "hardness_bias": 0.21094068807668503,
      "samples": 219
    },
    "misunderstanding_repair": {
      "pressure_gain": 1.0,
      "difficulty_bias": 0.0,
      "escalation_bias": 0.0,
      "patience_bias": 0.0,
      "hardness_bias": 0.0,
      "samples": 219
    },
    "uncertainty_signaling": {
      "pressure_gain": 1.95,
      "difficulty_bias": 0.35,
      "escalation_bias": 0.3,
      "patience_bias": -0.3,
      "hardness_bias": 0.35,
      "samples": 219
    },
    "boundary_calibration": {
      "pressure_gain": 1.95,
      "difficulty_bias": 0.35,
      "escalation_bias": 0.3,
      "patience_bias": -0.3,
      "hardness_bias": 0.35,
      "samples": 219
    },
    "framing_selection": {
      "pressure_gain": 1.5725532962081432,
      "difficulty_bias": 0.21094068807668503,
      "escalation_bias": 0.18080630406573003,
      "patience_bias": -0.18080630406573003,
      "hardness_bias": 0.21094068807668503,
      "samples": 219
    },
    "emotional_calibration": {
      "pressure_gain": 1.0027996415678495,
      "difficulty_bias": 0.0011041877824425632,
      "escalation_bias": 0.0009552217620393161,
      "patience_bias": -0.000718715360852645,
      "hardness_bias": 0.0012531538028458136,
      "samples": 219
    },
    "semantic_precision": {
      "pressure_gain": 1.0418866029058484,
      "difficulty_bias": 0.0168890711370018,
      "escalation_bias": 0.014652131649252758,
      "patience_bias": -0.011408747396513133,
      "hardness_bias": 0.019126010624750844,
      "samples": 219
    },
    "adaptive_strategy_selection": {
      "pressure_gain": 1.95,
      "difficulty_bias": 0.35,
      "escalation_bias": 0.3,
      "patience_bias": -0.3,
      "hardness_bias": 0.35,
      "samples": 219
    },
    "compression_elaboration_fit": {
      "pressure_gain": 1.0369223980239224,
      "difficulty_bias": 0.01618625307340355,
      "escalation_bias": 0.014185563092931185,
      "patience_bias": -0.012365606342083457,
      "hardness_bias": 0.018186943053875915,
      "samples": 219
    },
    "perspective_integration": {
      "pressure_gain": 1.95,
      "difficulty_bias": 0.35,
      "escalation_bias": 0.3,
      "patience_bias": -0.3,
      "hardness_bias": 0.35,
      "samples": 219
    },
    "multi_turn_stability": {
      "pressure_gain": 1.1114477899084467,
      "difficulty_bias": 0.04960512295581764,
      "escalation_bias": 0.04354955178309055,
      "patience_bias": -0.038654534184364056,
      "hardness_bias": 0.05566069412854481,
      "samples": 219
    }
  },
  "last_episode_id": "episode_47dddc7288c5",
  "last_update_ts": 1783537154.7979121
}