{
  "version": 1,
  "samples": 376,
  "global": {
    "pressure_gain_bias": 0.4,
    "difficulty_bias": 0.35,
    "escalation_bias": 0.3,
    "patience_bias": -0.3,
    "hardness_bias": 0.35,
    "samples": 376
  },
  "axis": {
    "X": {
      "pressure_gain": 1.3169660360024582,
      "difficulty_bias": 0.11679567026302223,
      "escalation_bias": 0.10011255991527707,
      "patience_bias": -0.10008226826583672,
      "hardness_bias": 0.11681741305746364,
      "samples": 376
    },
    "T": {
      "pressure_gain": 1.4516459869866738,
      "difficulty_bias": 0.1731661004919367,
      "escalation_bias": 0.14924480384050096,
      "patience_bias": -0.14637581780053124,
      "hardness_bias": 0.1774590971166777,
      "samples": 376
    },
    "N": {
      "pressure_gain": 1.3972754602697244,
      "difficulty_bias": 0.1517110958761283,
      "escalation_bias": 0.130683051047218,
      "patience_bias": -0.12841972496697718,
      "hardness_bias": 0.15510014992125173,
      "samples": 376
    },
    "B": {
      "pressure_gain": 1.637993083248014,
      "difficulty_bias": 0.23505008330241056,
      "escalation_bias": 0.20147149997353758,
      "patience_bias": -0.20147149997334232,
      "hardness_bias": 0.23505008330253432,
      "samples": 376
    },
    "A": {
      "pressure_gain": 1.3740397038252568,
      "difficulty_bias": 0.14129998210673167,
      "escalation_bias": 0.12153599531811857,
      "patience_bias": -0.12005995763607981,
      "hardness_bias": 0.14351403533977836,
      "samples": 376
    }
  },
  "dimensions": {
    "coherence_maintenance": {
      "pressure_gain": 1.95,
      "difficulty_bias": 0.35,
      "escalation_bias": 0.3,
      "patience_bias": -0.3,
      "hardness_bias": 0.35,
      "samples": 376
    },
    "context_carryover": {
      "pressure_gain": 1.3424033701392353,
      "difficulty_bias": 0.1442823017244499,
      "escalation_bias": 0.12585810079105142,
      "patience_bias": -0.1182016531957209,
      "hardness_bias": 0.15576697311744586,
      "samples": 376
    },
    "ambiguity_handling": {
      "pressure_gain": 1.0107532708281093,
      "difficulty_bias": 0.0039617313577256326,
      "escalation_bias": 0.003395769735193399,
      "patience_bias": -0.003395769735193399,
      "hardness_bias": 0.0039617313577256326,
      "samples": 376
    },
    "contradiction_handling": {
      "pressure_gain": 1.95,
      "difficulty_bias": 0.35,
      "escalation_bias": 0.3,
      "patience_bias": -0.3,
      "hardness_bias": 0.35,
      "samples": 376
    },
    "implied_intent_inference": {
      "pressure_gain": 1.95,
      "difficulty_bias": 0.35,
      "escalation_bias": 0.3,
      "patience_bias": -0.3,
      "hardness_bias": 0.35,
      "samples": 376
    },
    "misunderstanding_repair": {
      "pressure_gain": 1.0,
      "difficulty_bias": 0.0,
      "escalation_bias": 0.0,
      "patience_bias": 0.0,
      "hardness_bias": 0.0,
      "samples": 376
    },
    "uncertainty_signaling": {
      "pressure_gain": 1.2026713924329853,
      "difficulty_bias": 0.08839590064449454,
      "escalation_bias": 0.07742392985537294,
      "patience_bias": -0.07162787729505132,
      "hardness_bias": 0.09708997948497707,
      "samples": 376
    },
    "boundary_calibration": {
      "pressure_gain": 1.95,
      "difficulty_bias": 0.35,
      "escalation_bias": 0.3,
      "patience_bias": -0.3,
      "hardness_bias": 0.35,
      "samples": 376
    },
    "framing_selection": {
      "pressure_gain": 1.95,
      "difficulty_bias": 0.35,
      "escalation_bias": 0.3,
      "patience_bias": -0.3,
      "hardness_bias": 0.35,
      "samples": 376
    },
    "emotional_calibration": {
      "pressure_gain": 1.0000525807888963,
      "difficulty_bias": 2.073803495383468e-05,
      "escalation_bias": 1.7940265781617927e-05,
      "patience_bias": -1.3498378185501577e-05,
      "hardness_bias": 2.353580412605152e-05,
      "samples": 376
    },
    "semantic_precision": {
      "pressure_gain": 1.0007866830705503,
      "difficulty_bias": 0.00031719799217680916,
      "escalation_bias": 0.0002751854558816376,
      "patience_bias": -0.00021427062140190532,
      "hardness_bias": 0.0003592105284719798,
      "samples": 376
    },
    "adaptive_strategy_selection": {
      "pressure_gain": 1.1451046414772932,
      "difficulty_bias": 0.06250182438595356,
      "escalation_bias": 0.05466379977838582,
      "patience_bias": -0.05084597371189613,
      "hardness_bias": 0.06822856348568818,
      "samples": 376
    },
    "compression_elaboration_fit": {
      "pressure_gain": 1.0006934490609043,
      "difficulty_bias": 0.00030399818522291766,
      "escalation_bias": 0.00026642271173321587,
      "patience_bias": -0.00023224163554882093,
      "hardness_bias": 0.000341573658712619,
      "samples": 376
    },
    "perspective_integration": {
      "pressure_gain": 1.95,
      "difficulty_bias": 0.35,
      "escalation_bias": 0.3,
      "patience_bias": -0.3,
      "hardness_bias": 0.35,
      "samples": 376
    },
    "multi_turn_stability": {
      "pressure_gain": 1.0020931296283075,
      "difficulty_bias": 0.0009316465823153808,
      "escalation_bias": 0.000817915341450125,
      "patience_bias": -0.0007259807559781956,
      "hardness_bias": 0.0010453778231806377,
      "samples": 376
    }
  },
  "last_episode_id": "episode_5d9432cb0287",
  "last_update_ts": 1784470081.8072708
}