{
  "version": 1,
  "samples": 251,
  "global": {
    "pressure_gain_bias": 0.4,
    "difficulty_bias": 0.35,
    "escalation_bias": 0.3,
    "patience_bias": -0.3,
    "hardness_bias": 0.35,
    "samples": 251
  },
  "axis": {
    "X": {
      "pressure_gain": 1.2560862255858432,
      "difficulty_bias": 0.10085986361285779,
      "escalation_bias": 0.0869885088721445,
      "patience_bias": -0.08434833163141753,
      "hardness_bias": 0.10367112605051171,
      "samples": 251
    },
    "T": {
      "pressure_gain": 1.5998968348982967,
      "difficulty_bias": 0.2226833375412865,
      "escalation_bias": 0.19107248458962547,
      "patience_bias": -0.19012036300213722,
      "hardness_bias": 0.22386121307098028,
      "samples": 251
    },
    "N": {
      "pressure_gain": 1.5847060292030068,
      "difficulty_bias": 0.2160695745915286,
      "escalation_bias": 0.18527077563202166,
      "patience_bias": -0.18486552225203695,
      "hardness_bias": 0.2164944759998484,
      "samples": 251
    },
    "B": {
      "pressure_gain": 1.7432789899965537,
      "difficulty_bias": 0.27383989554997007,
      "escalation_bias": 0.23471993292209384,
      "patience_bias": -0.23471983052665288,
      "hardness_bias": 0.27383996042179454,
      "samples": 251
    },
    "A": {
      "pressure_gain": 1.5091015519998447,
      "difficulty_bias": 0.19204400486172693,
      "escalation_bias": 0.164966303778103,
      "patience_bias": -0.16351234750549637,
      "hardness_bias": 0.1937816685461872,
      "samples": 251
    }
  },
  "dimensions": {
    "coherence_maintenance": {
      "pressure_gain": 1.95,
      "difficulty_bias": 0.35,
      "escalation_bias": 0.3,
      "patience_bias": -0.3,
      "hardness_bias": 0.35,
      "samples": 251
    },
    "context_carryover": {
      "pressure_gain": 1.6498196512857257,
      "difficulty_bias": 0.2394072399473732,
      "escalation_bias": 0.20520620566917705,
      "patience_bias": -0.20520620566917705,
      "hardness_bias": 0.2394072399473732,
      "samples": 251
    },
    "ambiguity_handling": {
      "pressure_gain": 1.2546616927984393,
      "difficulty_bias": 0.09382272892574194,
      "escalation_bias": 0.0804194819363502,
      "patience_bias": -0.0804194819363502,
      "hardness_bias": 0.09382272892574194,
      "samples": 251
    },
    "contradiction_handling": {
      "pressure_gain": 1.95,
      "difficulty_bias": 0.35,
      "escalation_bias": 0.3,
      "patience_bias": -0.3,
      "hardness_bias": 0.35,
      "samples": 251
    },
    "implied_intent_inference": {
      "pressure_gain": 1.95,
      "difficulty_bias": 0.35,
      "escalation_bias": 0.3,
      "patience_bias": -0.3,
      "hardness_bias": 0.35,
      "samples": 251
    },
    "misunderstanding_repair": {
      "pressure_gain": 1.0,
      "difficulty_bias": 0.0,
      "escalation_bias": 0.0,
      "patience_bias": 0.0,
      "hardness_bias": 0.0,
      "samples": 251
    },
    "uncertainty_signaling": {
      "pressure_gain": 1.6498196512857257,
      "difficulty_bias": 0.2394072399473732,
      "escalation_bias": 0.20520620566917705,
      "patience_bias": -0.20520620566917705,
      "hardness_bias": 0.2394072399473732,
      "samples": 251
    },
    "boundary_calibration": {
      "pressure_gain": 1.95,
      "difficulty_bias": 0.35,
      "escalation_bias": 0.3,
      "patience_bias": -0.3,
      "hardness_bias": 0.35,
      "samples": 251
    },
    "framing_selection": {
      "pressure_gain": 1.9400286111669427,
      "difficulty_bias": 0.35,
      "escalation_bias": 0.3,
      "patience_bias": -0.3,
      "hardness_bias": 0.35,
      "samples": 251
    },
    "emotional_calibration": {
      "pressure_gain": 1.001245231606592,
      "difficulty_bias": 0.0004911234145475191,
      "escalation_bias": 0.0004248659339311696,
      "patience_bias": -0.00031967202293153835,
      "hardness_bias": 0.0005573808951638701,
      "samples": 251
    },
    "semantic_precision": {
      "pressure_gain": 1.0186304284198908,
      "difficulty_bias": 0.0075119634696481,
      "escalation_bias": 0.006517011907216156,
      "patience_bias": -0.00507441131497677,
      "hardness_bias": 0.008506915032080039,
      "samples": 251
    },
    "adaptive_strategy_selection": {
      "pressure_gain": 1.6177348060034928,
      "difficulty_bias": 0.22758650747497164,
      "escalation_bias": 0.19507414926426142,
      "patience_bias": -0.19507414926426142,
      "hardness_bias": 0.22758650747497164,
      "samples": 251
    },
    "compression_elaboration_fit": {
      "pressure_gain": 1.0164224369071329,
      "difficulty_bias": 0.007199362286508308,
      "escalation_bias": 0.006309490373157636,
      "patience_bias": -0.0055000054395099125,
      "hardness_bias": 0.008089234199858972,
      "samples": 251
    },
    "perspective_integration": {
      "pressure_gain": 1.95,
      "difficulty_bias": 0.35,
      "escalation_bias": 0.3,
      "patience_bias": -0.3,
      "hardness_bias": 0.35,
      "samples": 251
    },
    "multi_turn_stability": {
      "pressure_gain": 1.0495700278466493,
      "difficulty_bias": 0.022063491149321726,
      "escalation_bias": 0.019370078997263306,
      "patience_bias": -0.017192860778058993,
      "hardness_bias": 0.0247569033013802,
      "samples": 251
    }
  },
  "last_episode_id": "episode_5ec631887e40",
  "last_update_ts": 1783774855.2533054
}