{
  "version": 1,
  "samples": 201,
  "global": {
    "pressure_gain_bias": 0.4,
    "difficulty_bias": 0.35,
    "escalation_bias": 0.3,
    "patience_bias": -0.3,
    "hardness_bias": 0.35,
    "samples": 201
  },
  "axis": {
    "X": {
      "pressure_gain": 1.3447164542276924,
      "difficulty_bias": 0.12804840771020448,
      "escalation_bias": 0.10988207211865636,
      "patience_bias": -0.10750449087616364,
      "hardness_bias": 0.129679227547433,
      "samples": 201
    },
    "T": {
      "pressure_gain": 1.6556161391223747,
      "difficulty_bias": 0.2514979777470022,
      "escalation_bias": 0.21673270299911035,
      "patience_bias": -0.21170656332012955,
      "hardness_bias": 0.2577189855161458,
      "samples": 201
    },
    "N": {
      "pressure_gain": 1.5294987928678372,
      "difficulty_bias": 0.20677404438717803,
      "escalation_bias": 0.17804340082848724,
      "patience_bias": -0.17237937083661453,
      "hardness_bias": 0.21125457068403858,
      "samples": 201
    },
    "B": {
      "pressure_gain": 1.945558449209431,
      "difficulty_bias": 0.34841557324858774,
      "escalation_bias": 0.2986462760915269,
      "patience_bias": -0.2986264080459084,
      "hardness_bias": 0.34842816049228287,
      "samples": 201
    },
    "A": {
      "pressure_gain": 1.6276965992125012,
      "difficulty_bias": 0.2316640384120401,
      "escalation_bias": 0.19858533357971042,
      "patience_bias": -0.19841456858660841,
      "hardness_bias": 0.23175928741061624,
      "samples": 201
    }
  },
  "dimensions": {
    "coherence_maintenance": {
      "pressure_gain": 1.95,
      "difficulty_bias": 0.35,
      "escalation_bias": 0.3,
      "patience_bias": -0.3,
      "hardness_bias": 0.35,
      "samples": 201
    },
    "context_carryover": {
      "pressure_gain": 1.8702871304514403,
      "difficulty_bias": 0.3475070193513591,
      "escalation_bias": 0.3,
      "patience_bias": -0.28975802524535976,
      "hardness_bias": 0.35,
      "samples": 201
    },
    "ambiguity_handling": {
      "pressure_gain": 1.9030937499999996,
      "difficulty_bias": 0.33271875,
      "escalation_bias": 0.2851875,
      "patience_bias": -0.2851875,
      "hardness_bias": 0.33271875,
      "samples": 201
    },
    "contradiction_handling": {
      "pressure_gain": 1.95,
      "difficulty_bias": 0.35,
      "escalation_bias": 0.3,
      "patience_bias": -0.3,
      "hardness_bias": 0.35,
      "samples": 201
    },
    "implied_intent_inference": {
      "pressure_gain": 1.9030937499999996,
      "difficulty_bias": 0.33271875,
      "escalation_bias": 0.2851875,
      "patience_bias": -0.2851875,
      "hardness_bias": 0.33271875,
      "samples": 201
    },
    "misunderstanding_repair": {
      "pressure_gain": 1.0,
      "difficulty_bias": 0.0,
      "escalation_bias": 0.0,
      "patience_bias": 0.0,
      "hardness_bias": 0.0,
      "samples": 201
    },
    "uncertainty_signaling": {
      "pressure_gain": 1.95,
      "difficulty_bias": 0.35,
      "escalation_bias": 0.3,
      "patience_bias": -0.3,
      "hardness_bias": 0.35,
      "samples": 201
    },
    "boundary_calibration": {
      "pressure_gain": 1.5750575922041854,
      "difficulty_bias": 0.24578744291734395,
      "escalation_bias": 0.21323616131850207,
      "patience_bias": -0.19837005434404,
      "hardness_bias": 0.259233796711432,
      "samples": 201
    },
    "framing_selection": {
      "pressure_gain": 1.9030937499999996,
      "difficulty_bias": 0.33271875,
      "escalation_bias": 0.2851875,
      "patience_bias": -0.2851875,
      "hardness_bias": 0.33271875,
      "samples": 201
    },
    "emotional_calibration": {
      "pressure_gain": 1.0044159012251093,
      "difficulty_bias": 0.0017416458725402627,
      "escalation_bias": 0.0015066803542566373,
      "patience_bias": -0.001133636562244255,
      "hardness_bias": 0.0019766113908238937,
      "samples": 201
    },
    "semantic_precision": {
      "pressure_gain": 1.0660681364399192,
      "difficulty_bias": 0.02663929225129616,
      "escalation_bias": 0.023110946359493015,
      "patience_bias": -0.017995125584560744,
      "hardness_bias": 0.030167638143099328,
      "samples": 201
    },
    "adaptive_strategy_selection": {
      "pressure_gain": 1.95,
      "difficulty_bias": 0.35,
      "escalation_bias": 0.3,
      "patience_bias": -0.3,
      "hardness_bias": 0.35,
      "samples": 201
    },
    "compression_elaboration_fit": {
      "pressure_gain": 1.0582380489488896,
      "difficulty_bias": 0.025530730646942144,
      "escalation_bias": 0.022375023345948163,
      "patience_bias": -0.019504388283944463,
      "hardness_bias": 0.028686437947936128,
      "samples": 201
    },
    "perspective_integration": {
      "pressure_gain": 1.95,
      "difficulty_bias": 0.35,
      "escalation_bias": 0.3,
      "patience_bias": -0.3,
      "hardness_bias": 0.35,
      "samples": 201
    },
    "multi_turn_stability": {
      "pressure_gain": 1.1757876571215191,
      "difficulty_bias": 0.07824263139530441,
      "escalation_bias": 0.06869112149222997,
      "patience_bias": -0.060970163759864006,
      "hardness_bias": 0.08779414129837894,
      "samples": 201
    }
  },
  "last_episode_id": "episode_277ea64117bf",
  "last_update_ts": 1783393175.708183
}