{
  "version": 1,
  "samples": 202,
  "global": {
    "pressure_gain_bias": 0.4,
    "difficulty_bias": 0.35,
    "escalation_bias": 0.3,
    "patience_bias": -0.3,
    "hardness_bias": 0.35,
    "samples": 202
  },
  "axis": {
    "X": {
      "pressure_gain": 1.3418860869040365,
      "difficulty_bias": 0.12697930680320874,
      "escalation_bias": 0.10896253152498758,
      "patience_bias": -0.10664432030831843,
      "hardness_bias": 0.1285693522775422,
      "samples": 202
    },
    "T": {
      "pressure_gain": 1.658875909367349,
      "difficulty_bias": 0.25222439882598274,
      "escalation_bias": 0.21729189414769678,
      "patience_bias": -0.21251743731031217,
      "hardness_bias": 0.2581337298900619,
      "samples": 202
    },
    "N": {
      "pressure_gain": 1.530523569912032,
      "difficulty_bias": 0.20735263679173066,
      "escalation_bias": 0.17857278771499857,
      "patience_bias": -0.17284099485031595,
      "hardness_bias": 0.21200388273932372,
      "samples": 202
    },
    "B": {
      "pressure_gain": 1.9436864844968214,
      "difficulty_bias": 0.3477207086320623,
      "escalation_bias": 0.2980502422323742,
      "patience_bias": -0.2980323609913176,
      "hardness_bias": 0.3477320371513879,
      "samples": 202
    },
    "A": {
      "pressure_gain": 1.625944152832918,
      "difficulty_bias": 0.23097766061250277,
      "escalation_bias": 0.1979953939717394,
      "patience_bias": -0.19784170547794758,
      "hardness_bias": 0.2310633847112213,
      "samples": 202
    }
  },
  "dimensions": {
    "coherence_maintenance": {
      "pressure_gain": 1.95,
      "difficulty_bias": 0.35,
      "escalation_bias": 0.3,
      "patience_bias": -0.3,
      "hardness_bias": 0.35,
      "samples": 202
    },
    "context_carryover": {
      "pressure_gain": 1.943248559022869,
      "difficulty_bias": 0.35,
      "escalation_bias": 0.3,
      "patience_bias": -0.3,
      "hardness_bias": 0.35,
      "samples": 202
    },
    "ambiguity_handling": {
      "pressure_gain": 1.8805164062499995,
      "difficulty_bias": 0.32440078125,
      "escalation_bias": 0.2780578125,
      "patience_bias": -0.2780578125,
      "hardness_bias": 0.32440078125,
      "samples": 202
    },
    "contradiction_handling": {
      "pressure_gain": 1.95,
      "difficulty_bias": 0.35,
      "escalation_bias": 0.3,
      "patience_bias": -0.3,
      "hardness_bias": 0.35,
      "samples": 202
    },
    "implied_intent_inference": {
      "pressure_gain": 1.8805164062499995,
      "difficulty_bias": 0.32440078125,
      "escalation_bias": 0.2780578125,
      "patience_bias": -0.2780578125,
      "hardness_bias": 0.32440078125,
      "samples": 202
    },
    "misunderstanding_repair": {
      "pressure_gain": 1.0,
      "difficulty_bias": 0.0,
      "escalation_bias": 0.0,
      "patience_bias": 0.0,
      "hardness_bias": 0.0,
      "samples": 202
    },
    "uncertainty_signaling": {
      "pressure_gain": 1.95,
      "difficulty_bias": 0.35,
      "escalation_bias": 0.3,
      "patience_bias": -0.3,
      "hardness_bias": 0.35,
      "samples": 202
    },
    "boundary_calibration": {
      "pressure_gain": 1.6124575922041855,
      "difficulty_bias": 0.26278744291734396,
      "escalation_bias": 0.22819616131850207,
      "patience_bias": -0.21197005434404,
      "hardness_bias": 0.278273796711432,
      "samples": 202
    },
    "framing_selection": {
      "pressure_gain": 1.8805164062499995,
      "difficulty_bias": 0.32440078125,
      "escalation_bias": 0.2780578125,
      "patience_bias": -0.2780578125,
      "hardness_bias": 0.32440078125,
      "samples": 202
    },
    "emotional_calibration": {
      "pressure_gain": 1.0043055036944815,
      "difficulty_bias": 0.001698104725726756,
      "escalation_bias": 0.0014690133454002214,
      "patience_bias": -0.0011052956481881486,
      "hardness_bias": 0.0019271961060532963,
      "samples": 202
    },
    "semantic_precision": {
      "pressure_gain": 1.064416433028921,
      "difficulty_bias": 0.025973309945013755,
      "escalation_bias": 0.02253317270050569,
      "patience_bias": -0.017545247444946725,
      "hardness_bias": 0.029413447189521845,
      "samples": 202
    },
    "adaptive_strategy_selection": {
      "pressure_gain": 1.95,
      "difficulty_bias": 0.35,
      "escalation_bias": 0.3,
      "patience_bias": -0.3,
      "hardness_bias": 0.35,
      "samples": 202
    },
    "compression_elaboration_fit": {
      "pressure_gain": 1.0567820977251672,
      "difficulty_bias": 0.02489246238076859,
      "escalation_bias": 0.02181564776229946,
      "patience_bias": -0.01901677857684585,
      "hardness_bias": 0.027969276999237725,
      "samples": 202
    },
    "perspective_integration": {
      "pressure_gain": 1.95,
      "difficulty_bias": 0.35,
      "escalation_bias": 0.3,
      "patience_bias": -0.3,
      "hardness_bias": 0.35,
      "samples": 202
    },
    "multi_turn_stability": {
      "pressure_gain": 1.171392965693481,
      "difficulty_bias": 0.0762865656104218,
      "escalation_bias": 0.06697384345492423,
      "patience_bias": -0.0594459096658674,
      "hardness_bias": 0.08559928776591946,
      "samples": 202
    }
  },
  "last_episode_id": "episode_c70b46b29fa8",
  "last_update_ts": 1783406584.4134607
}