{
  "version": 1,
  "samples": 248,
  "global": {
    "pressure_gain_bias": 0.4,
    "difficulty_bias": 0.35,
    "escalation_bias": 0.3,
    "patience_bias": -0.3,
    "hardness_bias": 0.35,
    "samples": 248
  },
  "axis": {
    "X": {
      "pressure_gain": 1.2355447442515257,
      "difficulty_bias": 0.09396827427496562,
      "escalation_bias": 0.08127071459762893,
      "patience_bias": -0.07784547643980373,
      "hardness_bias": 0.09768994144696252,
      "samples": 248
    },
    "T": {
      "pressure_gain": 1.6164378247528508,
      "difficulty_bias": 0.22891541693383782,
      "escalation_bias": 0.1964308242521951,
      "patience_bias": -0.1954010325287084,
      "hardness_bias": 0.23018938349694257,
      "samples": 248
    },
    "N": {
      "pressure_gain": 1.5998061511126247,
      "difficulty_bias": 0.2217291923310578,
      "escalation_bias": 0.19012967183991872,
      "patience_bias": -0.18967648661072914,
      "hardness_bias": 0.222199129050408,
      "samples": 248
    },
    "B": {
      "pressure_gain": 1.7518356575460858,
      "difficulty_bias": 0.2769924515147808,
      "escalation_bias": 0.2374221320949417,
      "patience_bias": -0.23742199163480324,
      "hardness_bias": 0.27699254050219435,
      "samples": 248
    },
    "A": {
      "pressure_gain": 1.5022515360058155,
      "difficulty_bias": 0.1911858217176792,
      "escalation_bias": 0.16436348843219442,
      "patience_bias": -0.16236903538335132,
      "hardness_bias": 0.19356944817098545,
      "samples": 248
    }
  },
  "dimensions": {
    "coherence_maintenance": {
      "pressure_gain": 1.95,
      "difficulty_bias": 0.35,
      "escalation_bias": 0.3,
      "patience_bias": -0.3,
      "hardness_bias": 0.35,
      "samples": 248
    },
    "context_carryover": {
      "pressure_gain": 1.701098428535317,
      "difficulty_bias": 0.2582994210393278,
      "escalation_bias": 0.2213995037479953,
      "patience_bias": -0.2213995037479953,
      "hardness_bias": 0.2582994210393278,
      "samples": 248
    },
    "ambiguity_handling": {
      "pressure_gain": 1.2747576381783263,
      "difficulty_bias": 0.10122649827622657,
      "escalation_bias": 0.08676556995105134,
      "patience_bias": -0.08676556995105134,
      "hardness_bias": 0.10122649827622657,
      "samples": 248
    },
    "contradiction_handling": {
      "pressure_gain": 1.95,
      "difficulty_bias": 0.35,
      "escalation_bias": 0.3,
      "patience_bias": -0.3,
      "hardness_bias": 0.35,
      "samples": 248
    },
    "implied_intent_inference": {
      "pressure_gain": 1.9192457046584306,
      "difficulty_bias": 0.35,
      "escalation_bias": 0.3,
      "patience_bias": -0.3,
      "hardness_bias": 0.35,
      "samples": 248
    },
    "misunderstanding_repair": {
      "pressure_gain": 1.0,
      "difficulty_bias": 0.0,
      "escalation_bias": 0.0,
      "patience_bias": 0.0,
      "hardness_bias": 0.0,
      "samples": 248
    },
    "uncertainty_signaling": {
      "pressure_gain": 1.701098428535317,
      "difficulty_bias": 0.2582994210393278,
      "escalation_bias": 0.2213995037479953,
      "patience_bias": -0.2213995037479953,
      "hardness_bias": 0.2582994210393278,
      "samples": 248
    },
    "boundary_calibration": {
      "pressure_gain": 1.95,
      "difficulty_bias": 0.35,
      "escalation_bias": 0.3,
      "patience_bias": -0.3,
      "hardness_bias": 0.35,
      "samples": 248
    },
    "framing_selection": {
      "pressure_gain": 1.8550140608956442,
      "difficulty_bias": 0.35,
      "escalation_bias": 0.3,
      "patience_bias": -0.29120225176771264,
      "hardness_bias": 0.35,
      "samples": 248
    },
    "emotional_calibration": {
      "pressure_gain": 1.0013434957234935,
      "difficulty_bias": 0.0005298791033402657,
      "escalation_bias": 0.0004583930911106873,
      "patience_bias": -0.00034489808438474106,
      "hardness_bias": 0.000601365115569846,
      "samples": 248
    },
    "semantic_precision": {
      "pressure_gain": 1.02010059877734,
      "difficulty_bias": 0.008104749946180455,
      "escalation_bias": 0.007031284446161162,
      "patience_bias": -0.005474844892167995,
      "hardness_bias": 0.009178215446199742,
      "samples": 248
    },
    "adaptive_strategy_selection": {
      "pressure_gain": 1.6664816936263855,
      "difficulty_bias": 0.24554588712551098,
      "escalation_bias": 0.21046790325043802,
      "patience_bias": -0.21046790325043802,
      "hardness_bias": 0.24554588712551098,
      "samples": 248
    },
    "compression_elaboration_fit": {
      "pressure_gain": 1.0177183695284229,
      "difficulty_bias": 0.007767480677970495,
      "escalation_bias": 0.00680738690608555,
      "patience_bias": -0.005934023637091563,
      "hardness_bias": 0.00872757444985543,
      "samples": 248
    },
    "perspective_integration": {
      "pressure_gain": 1.95,
      "difficulty_bias": 0.35,
      "escalation_bias": 0.3,
      "patience_bias": -0.3,
      "hardness_bias": 0.35,
      "samples": 248
    },
    "multi_turn_stability": {
      "pressure_gain": 1.0534817138216352,
      "difficulty_bias": 0.023804572456659595,
      "escalation_bias": 0.020898616898883185,
      "patience_bias": -0.018549589335554808,
      "hardness_bias": 0.026710528014436064,
      "samples": 248
    }
  },
  "last_episode_id": "episode_8685feb5fa5a",
  "last_update_ts": 1783761008.6321936
}