{
  "version": 1,
  "samples": 226,
  "global": {
    "pressure_gain_bias": 0.4,
    "difficulty_bias": 0.35,
    "escalation_bias": 0.3,
    "patience_bias": -0.3,
    "hardness_bias": 0.35,
    "samples": 226
  },
  "axis": {
    "X": {
      "pressure_gain": 1.2221206749859532,
      "difficulty_bias": 0.08260398057364923,
      "escalation_bias": 0.0708963005224815,
      "patience_bias": -0.06954270083557076,
      "hardness_bias": 0.08360589051991003,
      "samples": 226
    },
    "T": {
      "pressure_gain": 1.6698971811404477,
      "difficulty_bias": 0.2502078210288565,
      "escalation_bias": 0.214870917944689,
      "patience_bias": -0.2129736052333961,
      "hardness_bias": 0.2525551968895789,
      "samples": 226
    },
    "N": {
      "pressure_gain": 1.631330068533655,
      "difficulty_bias": 0.23567342509629546,
      "escalation_bias": 0.202233395408004,
      "patience_bias": -0.200813996044541,
      "hardness_bias": 0.23694688391138924,
      "samples": 226
    },
    "B": {
      "pressure_gain": 1.8354655055387643,
      "difficulty_bias": 0.30780680932412524,
      "escalation_bias": 0.26383472072025627,
      "patience_bias": -0.26383329439725933,
      "hardness_bias": 0.3078077129598172,
      "samples": 226
    },
    "A": {
      "pressure_gain": 1.5215469511811583,
      "difficulty_bias": 0.19237945426276964,
      "escalation_bias": 0.1649221225474382,
      "patience_bias": -0.16482485711294656,
      "hardness_bias": 0.19251380154421038,
      "samples": 226
    }
  },
  "dimensions": {
    "coherence_maintenance": {
      "pressure_gain": 1.95,
      "difficulty_bias": 0.35,
      "escalation_bias": 0.3,
      "patience_bias": -0.3,
      "hardness_bias": 0.35,
      "samples": 226
    },
    "context_carryover": {
      "pressure_gain": 1.95,
      "difficulty_bias": 0.35,
      "escalation_bias": 0.3,
      "patience_bias": -0.3,
      "hardness_bias": 0.35,
      "samples": 226
    },
    "ambiguity_handling": {
      "pressure_gain": 1.4795658277345158,
      "difficulty_bias": 0.17668214706008553,
      "escalation_bias": 0.15144184033721617,
      "patience_bias": -0.15144184033721617,
      "hardness_bias": 0.17668214706008553,
      "samples": 226
    },
    "contradiction_handling": {
      "pressure_gain": 1.95,
      "difficulty_bias": 0.35,
      "escalation_bias": 0.3,
      "patience_bias": -0.3,
      "hardness_bias": 0.35,
      "samples": 226
    },
    "implied_intent_inference": {
      "pressure_gain": 1.5171331686700162,
      "difficulty_bias": 0.19269917727316466,
      "escalation_bias": 0.16543327694842683,
      "patience_bias": -0.16451433944842683,
      "hardness_bias": 0.19407758352316468,
      "samples": 226
    },
    "misunderstanding_repair": {
      "pressure_gain": 1.0,
      "difficulty_bias": 0.0,
      "escalation_bias": 0.0,
      "patience_bias": 0.0,
      "hardness_bias": 0.0,
      "samples": 226
    },
    "uncertainty_signaling": {
      "pressure_gain": 1.95,
      "difficulty_bias": 0.35,
      "escalation_bias": 0.3,
      "patience_bias": -0.3,
      "hardness_bias": 0.35,
      "samples": 226
    },
    "boundary_calibration": {
      "pressure_gain": 1.95,
      "difficulty_bias": 0.35,
      "escalation_bias": 0.3,
      "patience_bias": -0.3,
      "hardness_bias": 0.35,
      "samples": 226
    },
    "framing_selection": {
      "pressure_gain": 1.518801373037234,
      "difficulty_bias": 0.19345745198553635,
      "escalation_bias": 0.16610055869531395,
      "patience_bias": -0.16512095921832423,
      "hardness_bias": 0.194926851201021,
      "samples": 226
    },
    "emotional_calibration": {
      "pressure_gain": 1.0023449562420428,
      "difficulty_bias": 0.0009248584042190281,
      "escalation_bias": 0.0008000857178121553,
      "patience_bias": -0.000601989944369319,
      "hardness_bias": 0.0010496310906259036,
      "samples": 226
    },
    "semantic_precision": {
      "pressure_gain": 1.0350838664742006,
      "difficulty_bias": 0.014146144006372069,
      "escalation_bias": 0.01227250229626582,
      "patience_bias": -0.009555870911681625,
      "hardness_bias": 0.01601978571647832,
      "samples": 226
    },
    "adaptive_strategy_selection": {
      "pressure_gain": 1.95,
      "difficulty_bias": 0.35,
      "escalation_bias": 0.3,
      "patience_bias": -0.3,
      "hardness_bias": 0.35,
      "samples": 226
    },
    "compression_elaboration_fit": {
      "pressure_gain": 1.0309258901966887,
      "difficulty_bias": 0.013557469504542397,
      "escalation_bias": 0.011881708395699556,
      "patience_bias": -0.010357327920656367,
      "hardness_bias": 0.015233230613385237,
      "samples": 226
    },
    "perspective_integration": {
      "pressure_gain": 1.95,
      "difficulty_bias": 0.35,
      "escalation_bias": 0.3,
      "patience_bias": -0.3,
      "hardness_bias": 0.35,
      "samples": 226
    },
    "multi_turn_stability": {
      "pressure_gain": 1.0933477319414413,
      "difficulty_bias": 0.041548833982314605,
      "escalation_bias": 0.036476738474198946,
      "patience_bias": -0.03237671288347227,
      "hardness_bias": 0.04662092949043035,
      "samples": 226
    }
  },
  "last_episode_id": "episode_9876907314cc",
  "last_update_ts": 1783594836.5188034
}