{
  "version": 1,
  "samples": 350,
  "global": {
    "pressure_gain_bias": 0.4,
    "difficulty_bias": 0.35,
    "escalation_bias": 0.3,
    "patience_bias": -0.3,
    "hardness_bias": 0.35,
    "samples": 350
  },
  "axis": {
    "X": {
      "pressure_gain": 1.3163737227326529,
      "difficulty_bias": 0.11667965205626266,
      "escalation_bias": 0.10002151245058125,
      "patience_bias": -0.09993631532738508,
      "hardness_bias": 0.11675314087827915,
      "samples": 350
    },
    "T": {
      "pressure_gain": 1.5076065825981741,
      "difficulty_bias": 0.19453852551874287,
      "escalation_bias": 0.1676550600823845,
      "patience_bias": -0.1644576945850845,
      "hardness_bias": 0.19931421259104162,
      "samples": 350
    },
    "N": {
      "pressure_gain": 1.4354164335002897,
      "difficulty_bias": 0.16770750275446042,
      "escalation_bias": 0.14462882756649664,
      "patience_bias": -0.14153897553539957,
      "hardness_bias": 0.1723308164960258,
      "samples": 350
    },
    "B": {
      "pressure_gain": 1.6423333246966036,
      "difficulty_bias": 0.23664911963296417,
      "escalation_bias": 0.2028421025432034,
      "patience_bias": -0.20284210254018137,
      "hardness_bias": 0.23664911963487872,
      "samples": 350
    },
    "A": {
      "pressure_gain": 1.4017134782047904,
      "difficulty_bias": 0.15269798463090453,
      "escalation_bias": 0.13145075830860567,
      "patience_bias": -0.12946705210334156,
      "hardness_bias": 0.15567349301835948,
      "samples": 350
    }
  },
  "dimensions": {
    "coherence_maintenance": {
      "pressure_gain": 1.95,
      "difficulty_bias": 0.35,
      "escalation_bias": 0.3,
      "patience_bias": -0.3,
      "hardness_bias": 0.35,
      "samples": 350
    },
    "context_carryover": {
      "pressure_gain": 1.5381309211619334,
      "difficulty_bias": 0.2232206928314416,
      "escalation_bias": 0.1943433031613235,
      "patience_bias": -0.18380382059101608,
      "hardness_bias": 0.2390299166869029,
      "samples": 350
    },
    "ambiguity_handling": {
      "pressure_gain": 1.020769238608158,
      "difficulty_bias": 0.007651824750375644,
      "escalation_bias": 0.006558706928893409,
      "patience_bias": -0.006558706928893409,
      "hardness_bias": 0.007651824750375644,
      "samples": 350
    },
    "contradiction_handling": {
      "pressure_gain": 1.95,
      "difficulty_bias": 0.35,
      "escalation_bias": 0.3,
      "patience_bias": -0.3,
      "hardness_bias": 0.35,
      "samples": 350
    },
    "implied_intent_inference": {
      "pressure_gain": 1.95,
      "difficulty_bias": 0.35,
      "escalation_bias": 0.3,
      "patience_bias": -0.3,
      "hardness_bias": 0.35,
      "samples": 350
    },
    "misunderstanding_repair": {
      "pressure_gain": 1.0,
      "difficulty_bias": 0.0,
      "escalation_bias": 0.0,
      "patience_bias": 0.0,
      "hardness_bias": 0.0,
      "samples": 350
    },
    "uncertainty_signaling": {
      "pressure_gain": 1.3269836537844713,
      "difficulty_bias": 0.141609573045222,
      "escalation_bias": 0.12393008680935157,
      "patience_bias": -0.11500350211228727,
      "hardness_bias": 0.1549994500908186,
      "samples": 350
    },
    "boundary_calibration": {
      "pressure_gain": 1.95,
      "difficulty_bias": 0.35,
      "escalation_bias": 0.3,
      "patience_bias": -0.3,
      "hardness_bias": 0.35,
      "samples": 350
    },
    "framing_selection": {
      "pressure_gain": 1.95,
      "difficulty_bias": 0.35,
      "escalation_bias": 0.3,
      "patience_bias": -0.3,
      "hardness_bias": 0.35,
      "samples": 350
    },
    "emotional_calibration": {
      "pressure_gain": 1.0001015563513895,
      "difficulty_bias": 4.0054156833341005e-05,
      "escalation_bias": 3.4650448841869266e-05,
      "patience_bias": -2.6071233751964245e-05,
      "hardness_bias": 4.5457864824812887e-05,
      "samples": 350
    },
    "semantic_precision": {
      "pressure_gain": 1.001519426848115,
      "difficulty_bias": 0.000612647155535895,
      "escalation_bias": 0.000531502692163194,
      "patience_bias": -0.00041384967734478474,
      "hardness_bias": 0.0006937916189085946,
      "samples": 350
    },
    "adaptive_strategy_selection": {
      "pressure_gain": 1.2359984037956675,
      "difficulty_bias": 0.10076604164570097,
      "escalation_bias": 0.08803797832932218,
      "patience_bias": -0.0822031791137974,
      "hardness_bias": 0.10951824046898821,
      "samples": 350
    },
    "compression_elaboration_fit": {
      "pressure_gain": 1.0013393514623385,
      "difficulty_bias": 0.0005871525925708909,
      "escalation_bias": 0.0005145780255208311,
      "patience_bias": -0.00044855951464118894,
      "hardness_bias": 0.00065972715962095,
      "samples": 350
    },
    "perspective_integration": {
      "pressure_gain": 1.95,
      "difficulty_bias": 0.35,
      "escalation_bias": 0.3,
      "patience_bias": -0.3,
      "hardness_bias": 0.35,
      "samples": 350
    },
    "multi_turn_stability": {
      "pressure_gain": 1.0040427428438345,
      "difficulty_bias": 0.0017994143805995567,
      "escalation_bias": 0.0015797499346379064,
      "patience_bias": -0.0014021843015825943,
      "hardness_bias": 0.0020190788265612098,
      "samples": 350
    }
  },
  "last_episode_id": "episode_0af95061db11",
  "last_update_ts": 1784325058.3046641
}