{
  "version": 1,
  "samples": 318,
  "global": {
    "pressure_gain_bias": 0.4,
    "difficulty_bias": 0.35,
    "escalation_bias": 0.3,
    "patience_bias": -0.3,
    "hardness_bias": 0.35,
    "samples": 318
  },
  "axis": {
    "X": {
      "pressure_gain": 1.289257524415369,
      "difficulty_bias": 0.10944360652173073,
      "escalation_bias": 0.0940331992355311,
      "patience_bias": -0.09302205973606366,
      "hardness_bias": 0.11057591543392364,
      "samples": 318
    },
    "T": {
      "pressure_gain": 1.5662997176618352,
      "difficulty_bias": 0.212579784744685,
      "escalation_bias": 0.1826841601217081,
      "patience_bias": -0.18098341249402633,
      "hardness_bias": 0.21508159595648318,
      "samples": 318
    },
    "N": {
      "pressure_gain": 1.48296931717651,
      "difficulty_bias": 0.18634926674774166,
      "escalation_bias": 0.16074286007694105,
      "patience_bias": -0.15716485568877245,
      "hardness_bias": 0.19169046460022976,
      "samples": 318
    },
    "B": {
      "pressure_gain": 1.6535675990607925,
      "difficulty_bias": 0.24078806304192332,
      "escalation_bias": 0.20638976834094508,
      "patience_bias": -0.20638976825293573,
      "hardness_bias": 0.24078806309768094,
      "samples": 318
    },
    "A": {
      "pressure_gain": 1.4402249628171686,
      "difficulty_bias": 0.16744165554164675,
      "escalation_bias": 0.14415501839483927,
      "patience_bias": -0.14193724537832186,
      "hardness_bias": 0.1707668320981609,
      "samples": 318
    }
  },
  "dimensions": {
    "coherence_maintenance": {
      "pressure_gain": 1.95,
      "difficulty_bias": 0.35,
      "escalation_bias": 0.3,
      "patience_bias": -0.3,
      "hardness_bias": 0.35,
      "samples": 318
    },
    "context_carryover": {
      "pressure_gain": 1.6695339420001347,
      "difficulty_bias": 0.2608860674970057,
      "escalation_bias": 0.2253315352415106,
      "patience_bias": -0.21932936438724063,
      "hardness_bias": 0.26988932377841085,
      "samples": 318
    },
    "ambiguity_handling": {
      "pressure_gain": 1.0466952681188981,
      "difficulty_bias": 0.017203519833279925,
      "escalation_bias": 0.014745874142811363,
      "patience_bias": -0.014745874142811363,
      "hardness_bias": 0.017203519833279925,
      "samples": 318
    },
    "contradiction_handling": {
      "pressure_gain": 1.95,
      "difficulty_bias": 0.35,
      "escalation_bias": 0.3,
      "patience_bias": -0.3,
      "hardness_bias": 0.35,
      "samples": 318
    },
    "implied_intent_inference": {
      "pressure_gain": 1.95,
      "difficulty_bias": 0.35,
      "escalation_bias": 0.3,
      "patience_bias": -0.3,
      "hardness_bias": 0.35,
      "samples": 318
    },
    "misunderstanding_repair": {
      "pressure_gain": 1.0,
      "difficulty_bias": 0.0,
      "escalation_bias": 0.0,
      "patience_bias": 0.0,
      "hardness_bias": 0.0,
      "samples": 318
    },
    "uncertainty_signaling": {
      "pressure_gain": 1.4471024912351784,
      "difficulty_bias": 0.1889668032678041,
      "escalation_bias": 0.16489631914028932,
      "patience_bias": -0.15465961195268918,
      "hardness_bias": 0.20432186404920447,
      "samples": 318
    },
    "boundary_calibration": {
      "pressure_gain": 1.95,
      "difficulty_bias": 0.35,
      "escalation_bias": 0.3,
      "patience_bias": -0.3,
      "hardness_bias": 0.35,
      "samples": 318
    },
    "framing_selection": {
      "pressure_gain": 1.95,
      "difficulty_bias": 0.35,
      "escalation_bias": 0.3,
      "patience_bias": -0.3,
      "hardness_bias": 0.35,
      "samples": 318
    },
    "emotional_calibration": {
      "pressure_gain": 1.00022832811288,
      "difficulty_bias": 9.005335380346474e-05,
      "escalation_bias": 7.7904252035292e-05,
      "patience_bias": -5.861568992520058e-05,
      "hardness_bias": 0.00010220245557163792,
      "samples": 318
    },
    "semantic_precision": {
      "pressure_gain": 1.0034161119431682,
      "difficulty_bias": 0.0013774083744595535,
      "escalation_bias": 0.001194972101997278,
      "patience_bias": -0.0009304540242963589,
      "hardness_bias": 0.0015598446469218272,
      "samples": 318
    },
    "adaptive_strategy_selection": {
      "pressure_gain": 1.3314639535693849,
      "difficulty_bias": 0.1374469340735474,
      "escalation_bias": 0.11966082649105124,
      "patience_bias": -0.11318873599301406,
      "hardness_bias": 0.14715506982060345,
      "samples": 318
    },
    "compression_elaboration_fit": {
      "pressure_gain": 1.0030112502831385,
      "difficulty_bias": 0.001320089207604913,
      "escalation_bias": 0.0011569205459629815,
      "patience_bias": -0.001008491798790514,
      "hardness_bias": 0.0014832578692468438,
      "samples": 318
    },
    "perspective_integration": {
      "pressure_gain": 1.95,
      "difficulty_bias": 0.35,
      "escalation_bias": 0.3,
      "patience_bias": -0.3,
      "hardness_bias": 0.35,
      "samples": 318
    },
    "multi_turn_stability": {
      "pressure_gain": 1.0090892576560075,
      "difficulty_bias": 0.004045605067394397,
      "escalation_bias": 0.0035517357256295897,
      "patience_bias": -0.0031525167171406665,
      "hardness_bias": 0.004539474409159214,
      "samples": 318
    }
  },
  "last_episode_id": "episode_b83fd9e1291f",
  "last_update_ts": 1784141016.3571877
}