{
  "version": 1,
  "samples": 96,
  "global": {
    "pressure_gain_bias": 0.4,
    "difficulty_bias": 0.34825999999999996,
    "escalation_bias": 0.29724,
    "patience_bias": -0.2913,
    "hardness_bias": 0.35,
    "samples": 96
  },
  "axis": {
    "X": {
      "pressure_gain": 1.5098329584173422,
      "difficulty_bias": 0.19801409535491654,
      "escalation_bias": 0.17095139892529446,
      "patience_bias": -0.15861880568012796,
      "hardness_bias": 0.20846362184608813,
      "samples": 96
    },
    "T": {
      "pressure_gain": 1.6695962949117262,
      "difficulty_bias": 0.2506822591804309,
      "escalation_bias": 0.21528334906366875,
      "patience_bias": -0.2126435488747857,
      "hardness_bias": 0.25335804892075126,
      "samples": 96
    },
    "N": {
      "pressure_gain": 1.700897721031891,
      "difficulty_bias": 0.26257752968577236,
      "escalation_bias": 0.22558639718151857,
      "patience_bias": -0.21906648376812418,
      "hardness_bias": 0.2676111080765562,
      "samples": 96
    },
    "B": {
      "pressure_gain": 1.79772695925047,
      "difficulty_bias": 0.3053721166703356,
      "escalation_bias": 0.2631304781933909,
      "patience_bias": -0.25489075866047595,
      "hardness_bias": 0.31432586311830557,
      "samples": 96
    },
    "A": {
      "pressure_gain": 1.5699418184323477,
      "difficulty_bias": 0.21979285209367103,
      "escalation_bias": 0.18859180182126606,
      "patience_bias": -0.1784670489486956,
      "hardness_bias": 0.2214709473321852,
      "samples": 96
    }
  },
  "dimensions": {
    "coherence_maintenance": {
      "pressure_gain": 1.9207692812499997,
      "difficulty_bias": 0.33958640625,
      "escalation_bias": 0.29111696249999996,
      "patience_bias": -0.289540875,
      "hardness_bias": 0.34052459999999996,
      "samples": 96
    },
    "context_carryover": {
      "pressure_gain": 1.95,
      "difficulty_bias": 0.35,
      "escalation_bias": 0.3,
      "patience_bias": -0.3,
      "hardness_bias": 0.35,
      "samples": 96
    },
    "ambiguity_handling": {
      "pressure_gain": 1.6076653779988077,
      "difficulty_bias": 0.265039488146832,
      "escalation_bias": 0.23214237161028864,
      "patience_bias": -0.2011078109282302,
      "hardness_bias": 0.2979366046833754,
      "samples": 96
    },
    "contradiction_handling": {
      "pressure_gain": 1.95,
      "difficulty_bias": 0.35,
      "escalation_bias": 0.3,
      "patience_bias": -0.3,
      "hardness_bias": 0.35,
      "samples": 96
    },
    "implied_intent_inference": {
      "pressure_gain": 1.7573595001408746,
      "difficulty_bias": 0.30329031356859637,
      "escalation_bias": 0.25970852007877154,
      "patience_bias": -0.23595401495639184,
      "hardness_bias": 0.3049925273834333,
      "samples": 96
    },
    "misunderstanding_repair": {
      "pressure_gain": 1.0,
      "difficulty_bias": 0.0,
      "escalation_bias": 0.0,
      "patience_bias": 0.0,
      "hardness_bias": 0.0,
      "samples": 96
    },
    "uncertainty_signaling": {
      "pressure_gain": 1.95,
      "difficulty_bias": 0.35,
      "escalation_bias": 0.3,
      "patience_bias": -0.3,
      "hardness_bias": 0.35,
      "samples": 96
    },
    "boundary_calibration": {
      "pressure_gain": 1.8001284177369605,
      "difficulty_bias": 0.2957686980786667,
      "escalation_bias": 0.25363479733305355,
      "patience_bias": -0.2518635690674285,
      "hardness_bias": 0.29707000864116667,
      "samples": 96
    },
    "framing_selection": {
      "pressure_gain": 1.95,
      "difficulty_bias": 0.35,
      "escalation_bias": 0.3,
      "patience_bias": -0.3,
      "hardness_bias": 0.35,
      "samples": 96
    },
    "emotional_calibration": {
      "pressure_gain": 1.0211565723485794,
      "difficulty_bias": 0.009252572452357855,
      "escalation_bias": 0.008106667626812942,
      "patience_bias": -0.007046096649266585,
      "hardness_bias": 0.01039847727790277,
      "samples": 96
    },
    "semantic_precision": {
      "pressure_gain": 1.5492243367236571,
      "difficulty_bias": 0.22945316249138778,
      "escalation_bias": 0.1999442328038611,
      "patience_bias": -0.16381702810750784,
      "hardness_bias": 0.25896209217891486,
      "samples": 96
    },
    "adaptive_strategy_selection": {
      "pressure_gain": 1.9372874999999996,
      "difficulty_bias": 0.3447125,
      "escalation_bias": 0.29539499999999996,
      "patience_bias": -0.29375,
      "hardness_bias": 0.34528000000000003,
      "samples": 96
    },
    "compression_elaboration_fit": {
      "pressure_gain": 1.2379357189695335,
      "difficulty_bias": 0.09869588588394367,
      "escalation_bias": 0.08592772313232111,
      "patience_bias": -0.06971014425166164,
      "hardness_bias": 0.11146404863556622,
      "samples": 96
    },
    "perspective_integration": {
      "pressure_gain": 1.95,
      "difficulty_bias": 0.35,
      "escalation_bias": 0.3,
      "patience_bias": -0.3,
      "hardness_bias": 0.35,
      "samples": 96
    },
    "multi_turn_stability": {
      "pressure_gain": 1.1566809294404061,
      "difficulty_bias": 0.07002912510506033,
      "escalation_bias": 0.061509325460929666,
      "patience_bias": -0.05486025376881389,
      "hardness_bias": 0.07854892474919103,
      "samples": 96
    }
  },
  "last_episode_id": "episode_bf93c60a6a22",
  "last_update_ts": 1780478809.8734188
}