{
  "version": 1,
  "samples": 388,
  "global": {
    "pressure_gain_bias": 0.4,
    "difficulty_bias": 0.35,
    "escalation_bias": 0.3,
    "patience_bias": -0.3,
    "hardness_bias": 0.35,
    "samples": 388
  },
  "axis": {
    "X": {
      "pressure_gain": 1.3169168991321865,
      "difficulty_bias": 0.11676981410844622,
      "escalation_bias": 0.10008965711696763,
      "patience_bias": -0.10006819958403146,
      "hardness_bias": 0.11678480105938902,
      "samples": 388
    },
    "T": {
      "pressure_gain": 1.5282312720391513,
      "difficulty_bias": 0.2087803257340164,
      "escalation_bias": 0.18044128892924077,
      "patience_bias": -0.17472399074461042,
      "hardness_bias": 0.21612912037248777,
      "samples": 388
    },
    "N": {
      "pressure_gain": 1.4180235249849265,
      "difficulty_bias": 0.16345056114415704,
      "escalation_bias": 0.14123950311384434,
      "patience_bias": -0.13724854561800898,
      "hardness_bias": 0.16943261734905632,
      "samples": 388
    },
    "B": {
      "pressure_gain": 1.67802395950907,
      "difficulty_bias": 0.25341316412350695,
      "escalation_bias": 0.21764736227590953,
      "patience_bias": -0.21612108668073438,
      "hardness_bias": 0.2557025775162219,
      "samples": 388
    },
    "A": {
      "pressure_gain": 1.3830862850423853,
      "difficulty_bias": 0.14664784096861652,
      "escalation_bias": 0.12636294284648095,
      "patience_bias": -0.12403616567983342,
      "hardness_bias": 0.15013800578939143,
      "samples": 388
    }
  },
  "dimensions": {
    "coherence_maintenance": {
      "pressure_gain": 1.95,
      "difficulty_bias": 0.35,
      "escalation_bias": 0.3,
      "patience_bias": -0.3,
      "hardness_bias": 0.35,
      "samples": 388
    },
    "context_carryover": {
      "pressure_gain": 1.7997943683448379,
      "difficulty_bias": 0.35,
      "escalation_bias": 0.3,
      "patience_bias": -0.28483714278962835,
      "hardness_bias": 0.35,
      "samples": 388
    },
    "ambiguity_handling": {
      "pressure_gain": 1.3014376006319741,
      "difficulty_bias": 0.136180168653886,
      "escalation_bias": 0.11975671598904515,
      "patience_bias": -0.10914871598904514,
      "hardness_bias": 0.152092168653886,
      "samples": 388
    },
    "contradiction_handling": {
      "pressure_gain": 1.95,
      "difficulty_bias": 0.35,
      "escalation_bias": 0.3,
      "patience_bias": -0.3,
      "hardness_bias": 0.35,
      "samples": 388
    },
    "implied_intent_inference": {
      "pressure_gain": 1.9171652929687493,
      "difficulty_bias": 0.34295521484374997,
      "escalation_bias": 0.2945710859374999,
      "patience_bias": -0.29243792968749993,
      "hardness_bias": 0.34615494921875,
      "samples": 388
    },
    "misunderstanding_repair": {
      "pressure_gain": 1.0,
      "difficulty_bias": 0.0,
      "escalation_bias": 0.0,
      "patience_bias": 0.0,
      "hardness_bias": 0.0,
      "samples": 388
    },
    "uncertainty_signaling": {
      "pressure_gain": 1.5666644924316073,
      "difficulty_bias": 0.2540313530501727,
      "escalation_bias": 0.2232011233187639,
      "patience_bias": -0.20409125085360819,
      "hardness_bias": 0.28269616174790635,
      "samples": 388
    },
    "boundary_calibration": {
      "pressure_gain": 1.8104837541041479,
      "difficulty_bias": 0.3015847406567917,
      "escalation_bias": 0.2588613573486786,
      "patience_bias": -0.25760082859867856,
      "hardness_bias": 0.30347553378179165,
      "samples": 388
    },
    "framing_selection": {
      "pressure_gain": 1.95,
      "difficulty_bias": 0.35,
      "escalation_bias": 0.3,
      "patience_bias": -0.3,
      "hardness_bias": 0.35,
      "samples": 388
    },
    "emotional_calibration": {
      "pressure_gain": 1.000038804535227,
      "difficulty_bias": 1.5304635491625263e-05,
      "escalation_bias": 1.3239886470524497e-05,
      "patience_bias": -9.961780772242713e-06,
      "hardness_bias": 1.736938451272609e-05,
      "samples": 388
    },
    "semantic_precision": {
      "pressure_gain": 1.0005805708047555,
      "difficulty_bias": 0.00023409159352602013,
      "escalation_bias": 0.0002030864112362014,
      "patience_bias": -0.0001581313641538547,
      "hardness_bias": 0.0002650967758158382,
      "samples": 388
    },
    "adaptive_strategy_selection": {
      "pressure_gain": 1.3226747136265107,
      "difficulty_bias": 0.14354823558955657,
      "escalation_bias": 0.1260171764152768,
      "patience_bias": -0.11560176573047759,
      "hardness_bias": 0.15917135161675547,
      "samples": 388
    },
    "compression_elaboration_fit": {
      "pressure_gain": 1.0005117642598618,
      "difficulty_bias": 0.00022435015782881713,
      "escalation_bias": 0.000196619520549764,
      "patience_bias": -0.0001713939428671058,
      "hardness_bias": 0.0002520807951078699,
      "samples": 388
    },
    "perspective_integration": {
      "pressure_gain": 1.95,
      "difficulty_bias": 0.35,
      "escalation_bias": 0.3,
      "patience_bias": -0.3,
      "hardness_bias": 0.35,
      "samples": 388
    },
    "multi_turn_stability": {
      "pressure_gain": 1.2118582650921506,
      "difficulty_bias": 0.09628088185676204,
      "escalation_bias": 0.08472538381140494,
      "patience_bias": -0.07700678325995305,
      "hardness_bias": 0.10783637990211915,
      "samples": 388
    }
  },
  "last_episode_id": "episode_a4540af7145c",
  "last_update_ts": 1784685313.8125956
}