{
  "version": 1,
  "samples": 341,
  "global": {
    "pressure_gain_bias": 0.4,
    "difficulty_bias": 0.35,
    "escalation_bias": 0.3,
    "patience_bias": -0.3,
    "hardness_bias": 0.35,
    "samples": 341
  },
  "axis": {
    "X": {
      "pressure_gain": 1.3149796265304627,
      "difficulty_bias": 0.1163253499482773,
      "escalation_bias": 0.09973039612881451,
      "patience_bias": -0.09958298029449165,
      "hardness_bias": 0.11646533443079754,
      "samples": 341
    },
    "T": {
      "pressure_gain": 1.5194186892139292,
      "difficulty_bias": 0.19796448626306404,
      "escalation_bias": 0.1704797563785161,
      "patience_bias": -0.16766865587952728,
      "hardness_bias": 0.20215539102229588,
      "samples": 341
    },
    "N": {
      "pressure_gain": 1.4458725821488296,
      "difficulty_bias": 0.17181396254515982,
      "escalation_bias": 0.1481793144959709,
      "patience_bias": -0.144979202876221,
      "hardness_bias": 0.17659973018205613,
      "samples": 341
    },
    "B": {
      "pressure_gain": 1.644636494983704,
      "difficulty_bias": 0.23749765606701762,
      "escalation_bias": 0.20356941948772536,
      "patience_bias": -0.20356941947992516,
      "hardness_bias": 0.23749765607195936,
      "samples": 341
    },
    "A": {
      "pressure_gain": 1.4098957677437414,
      "difficulty_bias": 0.15582892312461588,
      "escalation_bias": 0.13414845452389243,
      "patience_bias": -0.13211561753097376,
      "hardness_bias": 0.15887804717943452,
      "samples": 341
    }
  },
  "dimensions": {
    "coherence_maintenance": {
      "pressure_gain": 1.95,
      "difficulty_bias": 0.35,
      "escalation_bias": 0.3,
      "patience_bias": -0.3,
      "hardness_bias": 0.35,
      "samples": 341
    },
    "context_carryover": {
      "pressure_gain": 1.5761402043896022,
      "difficulty_bias": 0.23569661248379625,
      "escalation_bias": 0.2048526786779516,
      "patience_bias": -0.19495814075650955,
      "hardness_bias": 0.25053841936595944,
      "samples": 341
    },
    "ambiguity_handling": {
      "pressure_gain": 1.0260842908719818,
      "difficulty_bias": 0.009610001900205594,
      "escalation_bias": 0.008237144485890508,
      "patience_bias": -0.008237144485890508,
      "hardness_bias": 0.009610001900205594,
      "samples": 341
    },
    "contradiction_handling": {
      "pressure_gain": 1.95,
      "difficulty_bias": 0.35,
      "escalation_bias": 0.3,
      "patience_bias": -0.3,
      "hardness_bias": 0.35,
      "samples": 341
    },
    "implied_intent_inference": {
      "pressure_gain": 1.95,
      "difficulty_bias": 0.35,
      "escalation_bias": 0.3,
      "patience_bias": -0.3,
      "hardness_bias": 0.35,
      "samples": 341
    },
    "misunderstanding_repair": {
      "pressure_gain": 1.0,
      "difficulty_bias": 0.0,
      "escalation_bias": 0.0,
      "patience_bias": 0.0,
      "hardness_bias": 0.0,
      "samples": 341
    },
    "uncertainty_signaling": {
      "pressure_gain": 1.3579482857303093,
      "difficulty_bias": 0.15410847451243778,
      "escalation_bias": 0.13477502904636973,
      "patience_bias": -0.1253878509213892,
      "hardness_bias": 0.16818924169990881,
      "samples": 341
    },
    "boundary_calibration": {
      "pressure_gain": 1.95,
      "difficulty_bias": 0.35,
      "escalation_bias": 0.3,
      "patience_bias": -0.3,
      "hardness_bias": 0.35,
      "samples": 341
    },
    "framing_selection": {
      "pressure_gain": 1.95,
      "difficulty_bias": 0.35,
      "escalation_bias": 0.3,
      "patience_bias": -0.3,
      "hardness_bias": 0.35,
      "samples": 341
    },
    "emotional_calibration": {
      "pressure_gain": 1.0001275456197278,
      "difficulty_bias": 5.0304409188232293e-05,
      "escalation_bias": 4.3517839218284916e-05,
      "patience_bias": -3.27431186769902e-05,
      "hardness_bias": 5.709097915817987e-05,
      "samples": 341
    },
    "semantic_precision": {
      "pressure_gain": 1.0019082631102987,
      "difficulty_bias": 0.0007694295832594011,
      "escalation_bias": 0.0006675194542846702,
      "patience_bias": -0.0005197578767714994,
      "hardness_bias": 0.0008713397122341302,
      "samples": 341
    },
    "adaptive_strategy_selection": {
      "pressure_gain": 1.2600605746990436,
      "difficulty_bias": 0.11024272541640544,
      "escalation_bias": 0.0962346393094165,
      "patience_bias": -0.09014157797567503,
      "hardness_bias": 0.11938231741701776,
      "samples": 341
    },
    "compression_elaboration_fit": {
      "pressure_gain": 1.0016821046636606,
      "difficulty_bias": 0.0007374107110908279,
      "escalation_bias": 0.0006462635991260077,
      "patience_bias": -0.0005633503025334586,
      "hardness_bias": 0.0008285578230556477,
      "samples": 341
    },
    "perspective_integration": {
      "pressure_gain": 1.95,
      "difficulty_bias": 0.35,
      "escalation_bias": 0.3,
      "patience_bias": -0.3,
      "hardness_bias": 0.35,
      "samples": 341
    },
    "multi_turn_stability": {
      "pressure_gain": 1.0050773204665187,
      "difficulty_bias": 0.002259902203846225,
      "escalation_bias": 0.0019840234674709002,
      "patience_bias": -0.0017610170439391814,
      "hardness_bias": 0.0025357809402215535,
      "samples": 341
    }
  },
  "last_episode_id": "episode_759bc39ca8d2",
  "last_update_ts": 1784280819.5283241
}