{
  "version": 1,
  "samples": 396,
  "global": {
    "pressure_gain_bias": 0.4,
    "difficulty_bias": 0.35,
    "escalation_bias": 0.3,
    "patience_bias": -0.3,
    "hardness_bias": 0.35,
    "samples": 396
  },
  "axis": {
    "X": {
      "pressure_gain": 1.316878033930682,
      "difficulty_bias": 0.11675280388340592,
      "escalation_bias": 0.10007479593179498,
      "patience_bias": -0.10005748751057184,
      "hardness_bias": 0.11676478941682515,
      "samples": 396
    },
    "T": {
      "pressure_gain": 1.644404068291938,
      "difficulty_bias": 0.25058660219303863,
      "escalation_bias": 0.21607470875119292,
      "patience_bias": -0.21134762304801613,
      "hardness_bias": 0.25714472873566424,
      "samples": 396
    },
    "N": {
      "pressure_gain": 1.4766582247992006,
      "difficulty_bias": 0.19068849209726965,
      "escalation_bias": 0.16478874490829176,
      "patience_bias": -0.15968243836580387,
      "hardness_bias": 0.19686141591327752,
      "samples": 396
    },
    "B": {
      "pressure_gain": 1.7423440233746341,
      "difficulty_bias": 0.28308810646289084,
      "escalation_bias": 0.2437958950720629,
      "patience_bias": -0.23975383952101012,
      "hardness_bias": 0.28906470541444956,
      "samples": 396
    },
    "A": {
      "pressure_gain": 1.411099229913565,
      "difficulty_bias": 0.15926511860266104,
      "escalation_bias": 0.13743801042814083,
      "patience_bias": -0.1342003296903598,
      "hardness_bias": 0.16412163930934404,
      "samples": 396
    }
  },
  "dimensions": {
    "coherence_maintenance": {
      "pressure_gain": 1.95,
      "difficulty_bias": 0.35,
      "escalation_bias": 0.3,
      "patience_bias": -0.3,
      "hardness_bias": 0.35,
      "samples": 396
    },
    "context_carryover": {
      "pressure_gain": 1.9262499999999998,
      "difficulty_bias": 0.34125,
      "escalation_bias": 0.2925,
      "patience_bias": -0.2925,
      "hardness_bias": 0.34125,
      "samples": 396
    },
    "ambiguity_handling": {
      "pressure_gain": 1.600637600631975,
      "difficulty_bias": 0.2721801686538861,
      "escalation_bias": 0.23943671598904517,
      "patience_bias": -0.21794871598904514,
      "hardness_bias": 0.30441216865388604,
      "samples": 396
    },
    "contradiction_handling": {
      "pressure_gain": 1.95,
      "difficulty_bias": 0.35,
      "escalation_bias": 0.3,
      "patience_bias": -0.3,
      "hardness_bias": 0.35,
      "samples": 396
    },
    "implied_intent_inference": {
      "pressure_gain": 1.95,
      "difficulty_bias": 0.35,
      "escalation_bias": 0.3,
      "patience_bias": -0.3,
      "hardness_bias": 0.35,
      "samples": 396
    },
    "misunderstanding_repair": {
      "pressure_gain": 1.0,
      "difficulty_bias": 0.0,
      "escalation_bias": 0.0,
      "patience_bias": 0.0,
      "hardness_bias": 0.0,
      "samples": 396
    },
    "uncertainty_signaling": {
      "pressure_gain": 1.8658644924316081,
      "difficulty_bias": 0.35,
      "escalation_bias": 0.3,
      "patience_bias": -0.3,
      "hardness_bias": 0.35,
      "samples": 396
    },
    "boundary_calibration": {
      "pressure_gain": 1.7621668595102113,
      "difficulty_bias": 0.28903914434543176,
      "escalation_bias": 0.24874196960396824,
      "patience_bias": -0.24526250902637464,
      "hardness_bias": 0.29425833521182226,
      "samples": 396
    },
    "framing_selection": {
      "pressure_gain": 1.95,
      "difficulty_bias": 0.35,
      "escalation_bias": 0.3,
      "patience_bias": -0.3,
      "hardness_bias": 0.35,
      "samples": 396
    },
    "emotional_calibration": {
      "pressure_gain": 1.0000316897936832,
      "difficulty_bias": 1.2498558178629238e-05,
      "escalation_bias": 1.0812377166437409e-05,
      "patience_bias": -8.13530623534005e-06,
      "hardness_bias": 1.4184739190821117e-05,
      "samples": 396
    },
    "semantic_precision": {
      "pressure_gain": 1.0004741241948567,
      "difficulty_bias": 0.00019117132207519737,
      "escalation_bias": 0.00016585088403533972,
      "patience_bias": -0.0001291382637518194,
      "hardness_bias": 0.00021649176011505453,
      "samples": 396
    },
    "adaptive_strategy_selection": {
      "pressure_gain": 1.3847786738932917,
      "difficulty_bias": 0.17207800339474194,
      "escalation_bias": 0.15115277336848995,
      "patience_bias": -0.13835207676300068,
      "hardness_bias": 0.19127904830297593,
      "samples": 396
    },
    "compression_elaboration_fit": {
      "pressure_gain": 1.0004179332058656,
      "difficulty_bias": 0.00018321596104281664,
      "escalation_bias": 0.00016056968609217393,
      "patience_bias": -0.00013996917257920862,
      "hardness_bias": 0.00020586223599345903,
      "samples": 396
    },
    "perspective_integration": {
      "pressure_gain": 1.95,
      "difficulty_bias": 0.35,
      "escalation_bias": 0.3,
      "patience_bias": -0.3,
      "hardness_bias": 0.35,
      "samples": 396
    },
    "multi_turn_stability": {
      "pressure_gain": 1.396544089490553,
      "difficulty_bias": 0.1802289838560359,
      "escalation_bias": 0.15859971357076594,
      "patience_bias": -0.14416526485937217,
      "hardness_bias": 0.2018582541413059,
      "samples": 396
    }
  },
  "last_episode_id": "episode_cc48b7d98d65",
  "last_update_ts": 1784751694.484617
}