{
  "version": 1,
  "samples": 347,
  "global": {
    "pressure_gain_bias": 0.4,
    "difficulty_bias": 0.35,
    "escalation_bias": 0.3,
    "patience_bias": -0.3,
    "hardness_bias": 0.35,
    "samples": 347
  },
  "axis": {
    "X": {
      "pressure_gain": 1.316059131861479,
      "difficulty_bias": 0.11660165610391432,
      "escalation_bias": 0.09995766871516613,
      "patience_bias": -0.0998568182083311,
      "hardness_bias": 0.11669148146660181,
      "samples": 347
    },
    "T": {
      "pressure_gain": 1.5097889966677862,
      "difficulty_bias": 0.19493331874946337,
      "escalation_bias": 0.1679440488079598,
      "patience_bias": -0.1649180053332223,
      "hardness_bias": 0.19945037755125533,
      "samples": 347
    },
    "N": {
      "pressure_gain": 1.437898861314901,
      "difficulty_bias": 0.16863777475858946,
      "escalation_bias": 0.14542809662112666,
      "patience_bias": -0.14233071405303696,
      "hardness_bias": 0.17327147926407377,
      "samples": 347
    },
    "B": {
      "pressure_gain": 1.6430435313849057,
      "difficulty_bias": 0.23691077473159097,
      "escalation_bias": 0.20306637834227265,
      "patience_bias": -0.20306637833812727,
      "hardness_bias": 0.23691077473421723,
      "samples": 347
    },
    "A": {
      "pressure_gain": 1.4033824355100253,
      "difficulty_bias": 0.15330584669141004,
      "escalation_bias": 0.1319709344318576,
      "patience_bias": -0.12999019573963702,
      "hardness_bias": 0.15627688488002725,
      "samples": 347
    }
  },
  "dimensions": {
    "coherence_maintenance": {
      "pressure_gain": 1.95,
      "difficulty_bias": 0.35,
      "escalation_bias": 0.3,
      "patience_bias": -0.3,
      "hardness_bias": 0.35,
      "samples": 347
    },
    "context_carryover": {
      "pressure_gain": 1.5805960814302966,
      "difficulty_bias": 0.24083555591315203,
      "escalation_bias": 0.20967938438484643,
      "patience_bias": -0.19830820677733996,
      "hardness_bias": 0.25789232232441184,
      "samples": 347
    },
    "ambiguity_handling": {
      "pressure_gain": 1.0224081874428448,
      "difficulty_bias": 0.008255648005260394,
      "escalation_bias": 0.007076269718794622,
      "patience_bias": -0.007076269718794622,
      "hardness_bias": 0.008255648005260394,
      "samples": 347
    },
    "contradiction_handling": {
      "pressure_gain": 1.95,
      "difficulty_bias": 0.35,
      "escalation_bias": 0.3,
      "patience_bias": -0.3,
      "hardness_bias": 0.35,
      "samples": 347
    },
    "implied_intent_inference": {
      "pressure_gain": 1.9262499999999998,
      "difficulty_bias": 0.34125,
      "escalation_bias": 0.2925,
      "patience_bias": -0.2925,
      "hardness_bias": 0.34125,
      "samples": 347
    },
    "misunderstanding_repair": {
      "pressure_gain": 1.0,
      "difficulty_bias": 0.0,
      "escalation_bias": 0.0,
      "patience_bias": 0.0,
      "hardness_bias": 0.0,
      "samples": 347
    },
    "uncertainty_signaling": {
      "pressure_gain": 1.3527866930023462,
      "difficulty_bias": 0.1527843132030919,
      "escalation_bias": 0.13370969766514104,
      "patience_bias": -0.12407869544642335,
      "hardness_bias": 0.16723081653116864,
      "samples": 347
    },
    "boundary_calibration": {
      "pressure_gain": 1.95,
      "difficulty_bias": 0.35,
      "escalation_bias": 0.3,
      "patience_bias": -0.3,
      "hardness_bias": 0.35,
      "samples": 347
    },
    "framing_selection": {
      "pressure_gain": 1.95,
      "difficulty_bias": 0.35,
      "escalation_bias": 0.3,
      "patience_bias": -0.3,
      "hardness_bias": 0.35,
      "samples": 347
    },
    "emotional_calibration": {
      "pressure_gain": 1.0001095703988425,
      "difficulty_bias": 4.3214923335420766e-05,
      "escalation_bias": 3.7384796201548126e-05,
      "patience_bias": -2.81285753321147e-05,
      "hardness_bias": 4.904505046929356e-05,
      "samples": 347
    },
    "semantic_precision": {
      "pressure_gain": 1.0016393283480733,
      "difficulty_bias": 0.0006609925648493279,
      "escalation_bias": 0.0005734448034937274,
      "patience_bias": -0.00044650751614265624,
      "hardness_bias": 0.000748540326204927,
      "samples": 347
    },
    "adaptive_strategy_selection": {
      "pressure_gain": 1.2546215857132241,
      "difficulty_bias": 0.10871772392192826,
      "escalation_bias": 0.09498525958085302,
      "patience_bias": -0.0886900228136522,
      "hardness_bias": 0.11816057907272959,
      "samples": 347
    },
    "compression_elaboration_fit": {
      "pressure_gain": 1.0014450427955575,
      "difficulty_bias": 0.0006334861667347227,
      "escalation_bias": 0.0005551845721157335,
      "patience_bias": -0.00048395638727955794,
      "hardness_bias": 0.0007117877613537113,
      "samples": 347
    },
    "perspective_integration": {
      "pressure_gain": 1.95,
      "difficulty_bias": 0.35,
      "escalation_bias": 0.3,
      "patience_bias": -0.3,
      "hardness_bias": 0.35,
      "samples": 347
    },
    "multi_turn_stability": {
      "pressure_gain": 1.0043617650669334,
      "difficulty_bias": 0.0019414103467417123,
      "escalation_bias": 0.0017044116693947305,
      "patience_bias": -0.0015128339200135882,
      "hardness_bias": 0.0021784090240886973,
      "samples": 347
    }
  },
  "last_episode_id": "episode_c1d7af72f19b",
  "last_update_ts": 1784312168.5304854
}