{
  "version": 1,
  "samples": 106,
  "global": {
    "pressure_gain_bias": 0.3630312,
    "difficulty_bias": 0.32077359999999994,
    "escalation_bias": 0.273714,
    "patience_bias": -0.2674464296,
    "hardness_bias": 0.31981319999999996,
    "samples": 106
  },
  "axis": {
    "X": {
      "pressure_gain": 1.4940243522351913,
      "difficulty_bias": 0.19128212935510122,
      "escalation_bias": 0.16507368243169263,
      "patience_bias": -0.1527967590592621,
      "hardness_bias": 0.20133056416895528,
      "samples": 106
    },
    "T": {
      "pressure_gain": 1.6793204170604832,
      "difficulty_bias": 0.255251609718065,
      "escalation_bias": 0.21936349825655369,
      "patience_bias": -0.21594300874662337,
      "hardness_bias": 0.2589482178201922,
      "samples": 106
    },
    "N": {
      "pressure_gain": 1.658927257215985,
      "difficulty_bias": 0.24676659254848246,
      "escalation_bias": 0.2119954680483398,
      "patience_bias": -0.20583375964785677,
      "hardness_bias": 0.25151570551343205,
      "samples": 106
    },
    "B": {
      "pressure_gain": 1.847573236629064,
      "difficulty_bias": 0.3270279691796606,
      "escalation_bias": 0.28184444381317664,
      "patience_bias": -0.2716977748336483,
      "hardness_bias": 0.33520103534258416,
      "samples": 106
    },
    "A": {
      "pressure_gain": 1.5728206546599375,
      "difficulty_bias": 0.22040244294373296,
      "escalation_bias": 0.18905352669630873,
      "patience_bias": -0.1797838021707219,
      "hardness_bias": 0.22220316449338703,
      "samples": 106
    }
  },
  "dimensions": {
    "coherence_maintenance": {
      "pressure_gain": 1.9018898469866066,
      "difficulty_bias": 0.33481523939732144,
      "escalation_bias": 0.2872909075446428,
      "patience_bias": -0.28475594933035714,
      "hardness_bias": 0.33715517671875,
      "samples": 106
    },
    "context_carryover": {
      "pressure_gain": 1.9287708928571425,
      "difficulty_bias": 0.34439017857142856,
      "escalation_bias": 0.2954583571428571,
      "patience_bias": -0.29452464285714286,
      "hardness_bias": 0.34579075000000004,
      "samples": 106
    },
    "ambiguity_handling": {
      "pressure_gain": 1.8212787124601169,
      "difficulty_bias": 0.35,
      "escalation_bias": 0.3,
      "patience_bias": -0.27713886276364885,
      "hardness_bias": 0.35,
      "samples": 106
    },
    "contradiction_handling": {
      "pressure_gain": 1.95,
      "difficulty_bias": 0.35,
      "escalation_bias": 0.3,
      "patience_bias": -0.3,
      "hardness_bias": 0.35,
      "samples": 106
    },
    "implied_intent_inference": {
      "pressure_gain": 1.762221507564611,
      "difficulty_bias": 0.3059149555907997,
      "escalation_bias": 0.2623651728123255,
      "patience_bias": -0.23524469231044143,
      "hardness_bias": 0.31161866935252236,
      "samples": 106
    },
    "misunderstanding_repair": {
      "pressure_gain": 1.0,
      "difficulty_bias": 0.0,
      "escalation_bias": 0.0,
      "patience_bias": 0.0,
      "hardness_bias": 0.0,
      "samples": 106
    },
    "uncertainty_signaling": {
      "pressure_gain": 1.95,
      "difficulty_bias": 0.35,
      "escalation_bias": 0.3,
      "patience_bias": -0.3,
      "hardness_bias": 0.35,
      "samples": 106
    },
    "boundary_calibration": {
      "pressure_gain": 1.7218141646852365,
      "difficulty_bias": 0.2674385797518069,
      "escalation_bias": 0.22941487066020058,
      "patience_bias": -0.2247960363376969,
      "hardness_bias": 0.2703843049683401,
      "samples": 106
    },
    "framing_selection": {
      "pressure_gain": 1.95,
      "difficulty_bias": 0.35,
      "escalation_bias": 0.3,
      "patience_bias": -0.3,
      "hardness_bias": 0.35,
      "samples": 106
    },
    "emotional_calibration": {
      "pressure_gain": 1.016424473789994,
      "difficulty_bias": 0.007183046063885693,
      "escalation_bias": 0.006293446205132848,
      "patience_bias": -0.005470093540242942,
      "hardness_bias": 0.008072645922638538,
      "samples": 106
    },
    "semantic_precision": {
      "pressure_gain": 1.4919480334237771,
      "difficulty_bias": 0.20410180157940122,
      "escalation_bias": 0.1777018489476911,
      "patience_bias": -0.1442040768417004,
      "hardness_bias": 0.23050175421111166,
      "samples": 106
    },
    "adaptive_strategy_selection": {
      "pressure_gain": 1.95,
      "difficulty_bias": 0.35,
      "escalation_bias": 0.3,
      "patience_bias": -0.3,
      "hardness_bias": 0.35,
      "samples": 106
    },
    "compression_elaboration_fit": {
      "pressure_gain": 1.2047460478883423,
      "difficulty_bias": 0.08553661420313817,
      "escalation_bias": 0.07453597620358643,
      "patience_bias": -0.06106684841075903,
      "hardness_bias": 0.0965372522026899,
      "samples": 106
    },
    "perspective_integration": {
      "pressure_gain": 1.95,
      "difficulty_bias": 0.35,
      "escalation_bias": 0.3,
      "patience_bias": -0.3,
      "hardness_bias": 0.35,
      "samples": 106
    },
    "multi_turn_stability": {
      "pressure_gain": 1.2209022715468167,
      "difficulty_bias": 0.09654041717485008,
      "escalation_bias": 0.08457719583555032,
      "patience_bias": -0.07344862095670214,
      "hardness_bias": 0.10850363851414993,
      "samples": 106
    }
  },
  "last_episode_id": "episode_e1b424ec187f",
  "last_update_ts": 1780490075.8857503
}