{
  "version": 1,
  "samples": 269,
  "global": {
    "pressure_gain_bias": 0.4,
    "difficulty_bias": 0.35,
    "escalation_bias": 0.3,
    "patience_bias": -0.3,
    "hardness_bias": 0.35,
    "samples": 269
  },
  "axis": {
    "X": {
      "pressure_gain": 1.3016960736021157,
      "difficulty_bias": 0.11227133511647767,
      "escalation_bias": 0.09633041650542058,
      "patience_bias": -0.0956095854841912,
      "hardness_bias": 0.1129158137724528,
      "samples": 269
    },
    "T": {
      "pressure_gain": 1.5058319110314031,
      "difficulty_bias": 0.187406584239803,
      "escalation_bias": 0.1607605372686437,
      "patience_bias": -0.16016109148163732,
      "hardness_bias": 0.18814815437172294,
      "samples": 269
    },
    "N": {
      "pressure_gain": 1.496601186677737,
      "difficulty_bias": 0.18329705823198394,
      "escalation_bias": 0.15715107770852665,
      "patience_bias": -0.15692051173491972,
      "hardness_bias": 0.18354742948786007,
      "samples": 269
    },
    "B": {
      "pressure_gain": 1.7032351941249197,
      "difficulty_bias": 0.259086690640881,
      "escalation_bias": 0.22207430963334063,
      "patience_bias": -0.22207429426433425,
      "hardness_bias": 0.25908670037779385,
      "samples": 269
    },
    "A": {
      "pressure_gain": 1.4750819449691257,
      "difficulty_bias": 0.1757026555205915,
      "escalation_bias": 0.15065588347320732,
      "patience_bias": -0.15043765243673263,
      "hardness_bias": 0.1759634695175794,
      "samples": 269
    }
  },
  "dimensions": {
    "coherence_maintenance": {
      "pressure_gain": 1.95,
      "difficulty_bias": 0.35,
      "escalation_bias": 0.3,
      "patience_bias": -0.3,
      "hardness_bias": 0.35,
      "samples": 269
    },
    "context_carryover": {
      "pressure_gain": 1.411979800861725,
      "difficulty_bias": 0.1517820318964259,
      "escalation_bias": 0.13009888448265072,
      "patience_bias": -0.13009888448265072,
      "hardness_bias": 0.1517820318964259,
      "samples": 269
    },
    "ambiguity_handling": {
      "pressure_gain": 1.1614532174867682,
      "difficulty_bias": 0.059482764337231674,
      "escalation_bias": 0.05098522657477002,
      "patience_bias": -0.05098522657477002,
      "hardness_bias": 0.059482764337231674,
      "samples": 269
    },
    "contradiction_handling": {
      "pressure_gain": 1.95,
      "difficulty_bias": 0.35,
      "escalation_bias": 0.3,
      "patience_bias": -0.3,
      "hardness_bias": 0.35,
      "samples": 269
    },
    "implied_intent_inference": {
      "pressure_gain": 1.95,
      "difficulty_bias": 0.35,
      "escalation_bias": 0.3,
      "patience_bias": -0.3,
      "hardness_bias": 0.35,
      "samples": 269
    },
    "misunderstanding_repair": {
      "pressure_gain": 1.0,
      "difficulty_bias": 0.0,
      "escalation_bias": 0.0,
      "patience_bias": 0.0,
      "hardness_bias": 0.0,
      "samples": 269
    },
    "uncertainty_signaling": {
      "pressure_gain": 1.411979800861725,
      "difficulty_bias": 0.1517820318964259,
      "escalation_bias": 0.13009888448265072,
      "patience_bias": -0.13009888448265072,
      "hardness_bias": 0.1517820318964259,
      "samples": 269
    },
    "boundary_calibration": {
      "pressure_gain": 1.95,
      "difficulty_bias": 0.35,
      "escalation_bias": 0.3,
      "patience_bias": -0.3,
      "hardness_bias": 0.35,
      "samples": 269
    },
    "framing_selection": {
      "pressure_gain": 1.8370409086914055,
      "difficulty_bias": 0.30838349267578125,
      "escalation_bias": 0.2643287080078125,
      "patience_bias": -0.2643287080078125,
      "hardness_bias": 0.30838349267578125,
      "samples": 269
    },
    "emotional_calibration": {
      "pressure_gain": 1.0007894656129512,
      "difficulty_bias": 0.00031136781739900363,
      "escalation_bias": 0.00026936117199221363,
      "patience_bias": -0.0002026691807301048,
      "hardness_bias": 0.0003533744628057945,
      "samples": 269
    },
    "semantic_precision": {
      "pressure_gain": 1.0118115236669252,
      "difficulty_bias": 0.004762517120223892,
      "escalation_bias": 0.004131726799022073,
      "patience_bias": -0.003217131028429615,
      "hardness_bias": 0.005393307441425707,
      "samples": 269
    },
    "adaptive_strategy_selection": {
      "pressure_gain": 1.3916382981941773,
      "difficulty_bias": 0.14428779407153985,
      "escalation_bias": 0.12367525206131982,
      "patience_bias": -0.12367525206131982,
      "hardness_bias": 0.14428779407153985,
      "samples": 269
    },
    "compression_elaboration_fit": {
      "pressure_gain": 1.0104116769526403,
      "difficulty_bias": 0.004564330788178903,
      "escalation_bias": 0.004000160017213012,
      "patience_bias": -0.003486953866698922,
      "hardness_bias": 0.0051285015591447875,
      "samples": 269
    },
    "perspective_integration": {
      "pressure_gain": 1.95,
      "difficulty_bias": 0.35,
      "escalation_bias": 0.3,
      "patience_bias": -0.3,
      "hardness_bias": 0.35,
      "samples": 269
    },
    "multi_turn_stability": {
      "pressure_gain": 1.0314269507863685,
      "difficulty_bias": 0.013988054488698864,
      "escalation_bias": 0.012280455465111206,
      "patience_bias": -0.010900118741520925,
      "hardness_bias": 0.015695653512286564,
      "samples": 269
    }
  },
  "last_episode_id": "episode_7772ac74070c",
  "last_update_ts": 1783849739.2655346
}