{
  "version": 1,
  "samples": 414,
  "global": {
    "pressure_gain_bias": 0.4,
    "difficulty_bias": 0.35,
    "escalation_bias": 0.3,
    "patience_bias": -0.3,
    "hardness_bias": 0.35,
    "samples": 414
  },
  "axis": {
    "X": {
      "pressure_gain": 1.3265167047294366,
      "difficulty_bias": 0.12113675882880423,
      "escalation_bias": 0.1039329723545826,
      "patience_bias": -0.10356878000766996,
      "hardness_bias": 0.12167397533459907,
      "samples": 414
    },
    "T": {
      "pressure_gain": 1.8059431970860718,
      "difficulty_bias": 0.3136431307490784,
      "escalation_bias": 0.27080808884448493,
      "patience_bias": -0.2638692848810317,
      "hardness_bias": 0.3238248858548883,
      "samples": 414
    },
    "N": {
      "pressure_gain": 1.5380237475581622,
      "difficulty_bias": 0.20474035598402793,
      "escalation_bias": 0.17619263657483028,
      "patience_bias": -0.17367603038291948,
      "hardness_bias": 0.2082904133213931,
      "samples": 414
    },
    "B": {
      "pressure_gain": 1.8989904115328655,
      "difficulty_bias": 0.33640287237207045,
      "escalation_bias": 0.28872712810235385,
      "patience_bias": -0.28724934485976167,
      "hardness_bias": 0.3380466450989263,
      "samples": 414
    },
    "A": {
      "pressure_gain": 1.4355701887602332,
      "difficulty_bias": 0.17116386065492564,
      "escalation_bias": 0.14798596384101104,
      "patience_bias": -0.14352667235515415,
      "hardness_bias": 0.17785279782367489,
      "samples": 414
    }
  },
  "dimensions": {
    "coherence_maintenance": {
      "pressure_gain": 1.95,
      "difficulty_bias": 0.35,
      "escalation_bias": 0.3,
      "patience_bias": -0.3,
      "hardness_bias": 0.35,
      "samples": 414
    },
    "context_carryover": {
      "pressure_gain": 1.95,
      "difficulty_bias": 0.35,
      "escalation_bias": 0.3,
      "patience_bias": -0.3,
      "hardness_bias": 0.35,
      "samples": 414
    },
    "ambiguity_handling": {
      "pressure_gain": 1.95,
      "difficulty_bias": 0.35,
      "escalation_bias": 0.3,
      "patience_bias": -0.3,
      "hardness_bias": 0.35,
      "samples": 414
    },
    "contradiction_handling": {
      "pressure_gain": 1.95,
      "difficulty_bias": 0.35,
      "escalation_bias": 0.3,
      "patience_bias": -0.3,
      "hardness_bias": 0.35,
      "samples": 414
    },
    "implied_intent_inference": {
      "pressure_gain": 1.9411859480168263,
      "difficulty_bias": 0.35,
      "escalation_bias": 0.3,
      "patience_bias": -0.3,
      "hardness_bias": 0.35,
      "samples": 414
    },
    "misunderstanding_repair": {
      "pressure_gain": 1.0,
      "difficulty_bias": 0.0,
      "escalation_bias": 0.0,
      "patience_bias": 0.0,
      "hardness_bias": 0.0,
      "samples": 414
    },
    "uncertainty_signaling": {
      "pressure_gain": 1.95,
      "difficulty_bias": 0.35,
      "escalation_bias": 0.3,
      "patience_bias": -0.3,
      "hardness_bias": 0.35,
      "samples": 414
    },
    "boundary_calibration": {
      "pressure_gain": 1.6603894580241076,
      "difficulty_bias": 0.25990726428492655,
      "escalation_bias": 0.2247809047219677,
      "patience_bias": -0.21776953104986024,
      "hardness_bias": 0.2704243247930876,
      "samples": 414
    },
    "framing_selection": {
      "pressure_gain": 1.95,
      "difficulty_bias": 0.35,
      "escalation_bias": 0.3,
      "patience_bias": -0.3,
      "hardness_bias": 0.35,
      "samples": 414
    },
    "emotional_calibration": {
      "pressure_gain": 1.000020091043514,
      "difficulty_bias": 7.923973212109419e-06,
      "escalation_bias": 6.854949651118082e-06,
      "patience_bias": -5.157710814305406e-06,
      "hardness_bias": 8.992996773100787e-06,
      "samples": 414
    },
    "semantic_precision": {
      "pressure_gain": 1.038614477788197,
      "difficulty_bias": 0.017535802737730158,
      "escalation_bias": 0.015429919219638369,
      "patience_bias": -0.01401277029454247,
      "hardness_bias": 0.01964168625582194,
      "samples": 414
    },
    "adaptive_strategy_selection": {
      "pressure_gain": 1.4118247272904072,
      "difficulty_bias": 0.18511087388019365,
      "escalation_bias": 0.16269397769217095,
      "patience_bias": -0.1485976774101533,
      "hardness_bias": 0.2062553243032202,
      "samples": 414
    },
    "compression_elaboration_fit": {
      "pressure_gain": 1.0002649658848959,
      "difficulty_bias": 0.00011615726762919991,
      "escalation_bias": 0.00010179973346419605,
      "patience_bias": -8.873919360836308e-05,
      "hardness_bias": 0.0001305148017942036,
      "samples": 414
    },
    "perspective_integration": {
      "pressure_gain": 1.9030937499999996,
      "difficulty_bias": 0.33271875,
      "escalation_bias": 0.2851875,
      "patience_bias": -0.2851875,
      "hardness_bias": 0.33271875,
      "samples": 414
    },
    "multi_turn_stability": {
      "pressure_gain": 1.6958119840447299,
      "difficulty_bias": 0.31626118565167777,
      "escalation_bias": 0.2783081822352079,
      "patience_bias": -0.25299233713865704,
      "hardness_bias": 0.35,
      "samples": 414
    }
  },
  "last_episode_id": "episode_6dad88449b6e",
  "last_update_ts": 1784901486.6778681
}