{
  "version": 1,
  "samples": 285,
  "global": {
    "pressure_gain_bias": 0.4,
    "difficulty_bias": 0.35,
    "escalation_bias": 0.3,
    "patience_bias": -0.3,
    "hardness_bias": 0.35,
    "samples": 285
  },
  "axis": {
    "X": {
      "pressure_gain": 1.2501809969917723,
      "difficulty_bias": 0.0933756584566964,
      "escalation_bias": 0.08017457929243169,
      "patience_bias": -0.07945363245582629,
      "hardness_bias": 0.09420936437803416,
      "samples": 285
    },
    "T": {
      "pressure_gain": 1.5505362923273682,
      "difficulty_bias": 0.20673629592822665,
      "escalation_bias": 0.17758478947013157,
      "patience_bias": -0.1761401213717259,
      "hardness_bias": 0.20867455034554558,
      "samples": 285
    },
    "N": {
      "pressure_gain": 1.4697609501399749,
      "difficulty_bias": 0.1755068279343115,
      "escalation_bias": 0.150728124772608,
      "patience_bias": -0.14964002759361678,
      "hardness_bias": 0.17707836449948935,
      "samples": 285
    },
    "B": {
      "pressure_gain": 1.679981769193898,
      "difficulty_bias": 0.2505196066209869,
      "escalation_bias": 0.21473109201383475,
      "patience_bias": -0.21473108916592681,
      "hardness_bias": 0.25051960842525645,
      "samples": 285
    },
    "A": {
      "pressure_gain": 1.4466289898532625,
      "difficulty_bias": 0.16634762329643615,
      "escalation_bias": 0.14279573344429553,
      "patience_bias": -0.14204786502837377,
      "hardness_bias": 0.16742143831867576,
      "samples": 285
    }
  },
  "dimensions": {
    "coherence_maintenance": {
      "pressure_gain": 1.95,
      "difficulty_bias": 0.35,
      "escalation_bias": 0.3,
      "patience_bias": -0.3,
      "hardness_bias": 0.35,
      "samples": 285
    },
    "context_carryover": {
      "pressure_gain": 1.95,
      "difficulty_bias": 0.35,
      "escalation_bias": 0.3,
      "patience_bias": -0.3,
      "hardness_bias": 0.35,
      "samples": 285
    },
    "ambiguity_handling": {
      "pressure_gain": 1.1076764069990035,
      "difficulty_bias": 0.039670255210160744,
      "escalation_bias": 0.0340030758944235,
      "patience_bias": -0.0340030758944235,
      "hardness_bias": 0.039670255210160744,
      "samples": 285
    },
    "contradiction_handling": {
      "pressure_gain": 1.95,
      "difficulty_bias": 0.35,
      "escalation_bias": 0.3,
      "patience_bias": -0.3,
      "hardness_bias": 0.35,
      "samples": 285
    },
    "implied_intent_inference": {
      "pressure_gain": 1.95,
      "difficulty_bias": 0.35,
      "escalation_bias": 0.3,
      "patience_bias": -0.3,
      "hardness_bias": 0.35,
      "samples": 285
    },
    "misunderstanding_repair": {
      "pressure_gain": 1.0,
      "difficulty_bias": 0.0,
      "escalation_bias": 0.0,
      "patience_bias": 0.0,
      "hardness_bias": 0.0,
      "samples": 285
    },
    "uncertainty_signaling": {
      "pressure_gain": 1.4350285028032168,
      "difficulty_bias": 0.17155492994452998,
      "escalation_bias": 0.14840799804339735,
      "patience_bias": -0.1436447947250966,
      "hardness_bias": 0.17869973492198118,
      "samples": 285
    },
    "boundary_calibration": {
      "pressure_gain": 1.95,
      "difficulty_bias": 0.35,
      "escalation_bias": 0.3,
      "patience_bias": -0.3,
      "hardness_bias": 0.35,
      "samples": 285
    },
    "framing_selection": {
      "pressure_gain": 1.6357966167105114,
      "difficulty_bias": 0.23842327219268633,
      "escalation_bias": 0.20486734984571497,
      "patience_bias": -0.20310144196377158,
      "hardness_bias": 0.2410721340156013,
      "samples": 285
    },
    "emotional_calibration": {
      "pressure_gain": 1.0005265105395542,
      "difficulty_bias": 0.0002076574772218137,
      "escalation_bias": 0.0001796423981921555,
      "patience_bias": -0.00013516416414704286,
      "hardness_bias": 0.00023567255625147273,
      "samples": 285
    },
    "semantic_precision": {
      "pressure_gain": 1.0078773433532988,
      "difficulty_bias": 0.003176218719945833,
      "escalation_bias": 0.002755531932689166,
      "patience_bias": -0.002145569567325011,
      "hardness_bias": 0.003596905507202497,
      "samples": 285
    },
    "adaptive_strategy_selection": {
      "pressure_gain": 1.3782801058581207,
      "difficulty_bias": 0.14705310317888856,
      "escalation_bias": 0.12697280729232996,
      "patience_bias": -0.12372729130584068,
      "hardness_bias": 0.15192137715862247,
      "samples": 285
    },
    "compression_elaboration_fit": {
      "pressure_gain": 1.006943757346839,
      "difficulty_bias": 0.0030440442579988893,
      "escalation_bias": 0.0026677873924059545,
      "patience_bias": -0.0023255198600684412,
      "hardness_bias": 0.0034203011235918223,
      "samples": 285
    },
    "perspective_integration": {
      "pressure_gain": 1.95,
      "difficulty_bias": 0.35,
      "escalation_bias": 0.3,
      "patience_bias": -0.3,
      "hardness_bias": 0.35,
      "samples": 285
    },
    "multi_turn_stability": {
      "pressure_gain": 1.020959267311522,
      "difficulty_bias": 0.009328915655538682,
      "escalation_bias": 0.008190083427125534,
      "patience_bias": -0.0072695090269457325,
      "hardness_bias": 0.010467747883951857,
      "samples": 285
    }
  },
  "last_episode_id": "episode_a591f84abe5a",
  "last_update_ts": 1783940164.3833027
}