{
  "version": 1,
  "samples": 255,
  "global": {
    "pressure_gain_bias": 0.4,
    "difficulty_bias": 0.35,
    "escalation_bias": 0.3,
    "patience_bias": -0.3,
    "hardness_bias": 0.35,
    "samples": 255
  },
  "axis": {
    "X": {
      "pressure_gain": 1.2790522607945243,
      "difficulty_bias": 0.10715445905645954,
      "escalation_bias": 0.09220794145740265,
      "patience_bias": -0.09030966126008459,
      "hardness_bias": 0.10911278342881248,
      "samples": 255
    },
    "T": {
      "pressure_gain": 1.577530160041994,
      "difficulty_bias": 0.21427689869554792,
      "escalation_bias": 0.1838470168680708,
      "patience_bias": -0.18298874031911305,
      "hardness_bias": 0.2153386738650152,
      "samples": 255
    },
    "N": {
      "pressure_gain": 1.5640071308399743,
      "difficulty_bias": 0.20834286488939216,
      "escalation_bias": 0.17863927006628955,
      "patience_bias": -0.1782865352345553,
      "hardness_bias": 0.2087171153577037,
      "samples": 255
    },
    "B": {
      "pressure_gain": 1.7327908442520203,
      "difficulty_bias": 0.26997574980754446,
      "escalation_bias": 0.23140780027922214,
      "patience_bias": -0.23140773309757334,
      "hardness_bias": 0.2699757923699485,
      "samples": 255
    },
    "A": {
      "pressure_gain": 1.5091987798868525,
      "difficulty_bias": 0.19053905902863597,
      "escalation_bias": 0.16355352399926218,
      "patience_bias": -0.16259958328880497,
      "hardness_bias": 0.19167914017201035,
      "samples": 255
    }
  },
  "dimensions": {
    "coherence_maintenance": {
      "pressure_gain": 1.95,
      "difficulty_bias": 0.35,
      "escalation_bias": 0.3,
      "patience_bias": -0.3,
      "hardness_bias": 0.35,
      "samples": 255
    },
    "context_carryover": {
      "pressure_gain": 1.5872341499570701,
      "difficulty_bias": 0.2163494236683949,
      "escalation_bias": 0.1854423631443385,
      "patience_bias": -0.1854423631443385,
      "hardness_bias": 0.2163494236683949,
      "samples": 255
    },
    "ambiguity_handling": {
      "pressure_gain": 1.230134687988013,
      "difficulty_bias": 0.0847864639955849,
      "escalation_bias": 0.07267411199621561,
      "patience_bias": -0.07267411199621561,
      "hardness_bias": 0.0847864639955849,
      "samples": 255
    },
    "contradiction_handling": {
      "pressure_gain": 1.95,
      "difficulty_bias": 0.35,
      "escalation_bias": 0.3,
      "patience_bias": -0.3,
      "hardness_bias": 0.35,
      "samples": 255
    },
    "implied_intent_inference": {
      "pressure_gain": 1.95,
      "difficulty_bias": 0.35,
      "escalation_bias": 0.3,
      "patience_bias": -0.3,
      "hardness_bias": 0.35,
      "samples": 255
    },
    "misunderstanding_repair": {
      "pressure_gain": 1.0,
      "difficulty_bias": 0.0,
      "escalation_bias": 0.0,
      "patience_bias": 0.0,
      "hardness_bias": 0.0,
      "samples": 255
    },
    "uncertainty_signaling": {
      "pressure_gain": 1.5872341499570701,
      "difficulty_bias": 0.2163494236683949,
      "escalation_bias": 0.1854423631443385,
      "patience_bias": -0.1854423631443385,
      "hardness_bias": 0.2163494236683949,
      "samples": 255
    },
    "boundary_calibration": {
      "pressure_gain": 1.95,
      "difficulty_bias": 0.35,
      "escalation_bias": 0.3,
      "patience_bias": -0.3,
      "hardness_bias": 0.35,
      "samples": 255
    },
    "framing_selection": {
      "pressure_gain": 1.95,
      "difficulty_bias": 0.35,
      "escalation_bias": 0.3,
      "patience_bias": -0.3,
      "hardness_bias": 0.35,
      "samples": 255
    },
    "emotional_calibration": {
      "pressure_gain": 1.0011253007239005,
      "difficulty_bias": 0.00044382228252899496,
      "escalation_bias": 0.00038394619963267923,
      "patience_bias": -0.0002888837360948285,
      "hardness_bias": 0.0005036983654253121,
      "samples": 255
    },
    "semantic_precision": {
      "pressure_gain": 1.0168360925602107,
      "difficulty_bias": 0.006788470422338347,
      "escalation_bias": 0.0058893447436101755,
      "patience_bias": -0.004585684057394989,
      "hardness_bias": 0.007687596101066513,
      "samples": 255
    },
    "adaptive_strategy_selection": {
      "pressure_gain": 1.5582394638029395,
      "difficulty_bias": 0.2056671708747679,
      "escalation_bias": 0.17628614646408677,
      "patience_bias": -0.17628614646408677,
      "hardness_bias": 0.2056671708747679,
      "samples": 255
    },
    "compression_elaboration_fit": {
      "pressure_gain": 1.0148407573675289,
      "difficulty_bias": 0.006505976518539869,
      "escalation_bias": 0.0057018100462375675,
      "patience_bias": -0.004970288314056739,
      "hardness_bias": 0.007310142990842164,
      "samples": 255
    },
    "perspective_integration": {
      "pressure_gain": 1.95,
      "difficulty_bias": 0.35,
      "escalation_bias": 0.3,
      "patience_bias": -0.3,
      "hardness_bias": 0.35,
      "samples": 255
    },
    "multi_turn_stability": {
      "pressure_gain": 1.0447958339029606,
      "difficulty_bias": 0.019938509776553905,
      "escalation_bias": 0.01750450583027649,
      "patience_bias": -0.015536980090333425,
      "hardness_bias": 0.022372513722831368,
      "samples": 255
    }
  },
  "last_episode_id": "episode_17360665310a",
  "last_update_ts": 1783791236.952018
}