{
  "version": 1,
  "samples": 382,
  "global": {
    "pressure_gain_bias": 0.4,
    "difficulty_bias": 0.35,
    "escalation_bias": 0.3,
    "patience_bias": -0.3,
    "hardness_bias": 0.35,
    "samples": 382
  },
  "axis": {
    "X": {
      "pressure_gain": 1.3169449156322002,
      "difficulty_bias": 0.1167832018632623,
      "escalation_bias": 0.10010143454918963,
      "patience_bias": -0.10007605751125445,
      "hardness_bias": 0.11680111867677302,
      "samples": 382
    },
    "T": {
      "pressure_gain": 1.461095402377955,
      "difficulty_bias": 0.17804169322335198,
      "escalation_bias": 0.1535920789112305,
      "patience_bias": -0.15013578156553123,
      "hardness_bias": 0.1832170339719751,
      "samples": 382
    },
    "N": {
      "pressure_gain": 1.3967092610790814,
      "difficulty_bias": 0.15202060311941473,
      "escalation_bias": 0.1310108447694567,
      "patience_bias": -0.12852959884304516,
      "hardness_bias": 0.1557373734005351,
      "samples": 382
    },
    "B": {
      "pressure_gain": 1.6437347170706291,
      "difficulty_bias": 0.23776775892102955,
      "escalation_bias": 0.203873599075191,
      "patience_bias": -0.20361927907508723,
      "hardness_bias": 0.23814923892109535,
      "samples": 382
    },
    "A": {
      "pressure_gain": 1.3730987014805762,
      "difficulty_bias": 0.1410919890072795,
      "escalation_bias": 0.12137444677776432,
      "patience_bias": -0.11983984987079346,
      "hardness_bias": 0.14339388261928884,
      "samples": 382
    }
  },
  "dimensions": {
    "coherence_maintenance": {
      "pressure_gain": 1.95,
      "difficulty_bias": 0.35,
      "escalation_bias": 0.3,
      "patience_bias": -0.3,
      "hardness_bias": 0.35,
      "samples": 382
    },
    "context_carryover": {
      "pressure_gain": 1.534117025167182,
      "difficulty_bias": 0.2319855546352467,
      "escalation_bias": 0.20309178563592184,
      "patience_bias": -0.18822719981593541,
      "hardness_bias": 0.25428243336522655,
      "samples": 382
    },
    "ambiguity_handling": {
      "pressure_gain": 1.1221667698789475,
      "difficulty_bias": 0.05467196785013949,
      "escalation_bias": 0.04802740101440527,
      "patience_bias": -0.04394740101440527,
      "hardness_bias": 0.06079196785013949,
      "samples": 382
    },
    "contradiction_handling": {
      "pressure_gain": 1.95,
      "difficulty_bias": 0.35,
      "escalation_bias": 0.3,
      "patience_bias": -0.3,
      "hardness_bias": 0.35,
      "samples": 382
    },
    "implied_intent_inference": {
      "pressure_gain": 1.95,
      "difficulty_bias": 0.35,
      "escalation_bias": 0.3,
      "patience_bias": -0.3,
      "hardness_bias": 0.35,
      "samples": 382
    },
    "misunderstanding_repair": {
      "pressure_gain": 1.0,
      "difficulty_bias": 0.0,
      "escalation_bias": 0.0,
      "patience_bias": 0.0,
      "hardness_bias": 0.0,
      "samples": 382
    },
    "uncertainty_signaling": {
      "pressure_gain": 1.3422644924316067,
      "difficulty_bias": 0.15203135305017262,
      "escalation_bias": 0.1334411233187639,
      "patience_bias": -0.12249125085360817,
      "hardness_bias": 0.16845616174790634,
      "samples": 382
    },
    "boundary_calibration": {
      "pressure_gain": 1.8805164062499995,
      "difficulty_bias": 0.32440078125,
      "escalation_bias": 0.2780578125,
      "patience_bias": -0.2780578125,
      "hardness_bias": 0.32440078125,
      "samples": 382
    },
    "framing_selection": {
      "pressure_gain": 1.95,
      "difficulty_bias": 0.35,
      "escalation_bias": 0.3,
      "patience_bias": -0.3,
      "hardness_bias": 0.35,
      "samples": 382
    },
    "emotional_calibration": {
      "pressure_gain": 1.0000451704889834,
      "difficulty_bias": 1.7815388454395923e-05,
      "escalation_bias": 1.541191364495846e-05,
      "patience_bias": -1.1596028814417031e-05,
      "hardness_bias": 2.0218863263833456e-05,
      "samples": 382
    },
    "semantic_precision": {
      "pressure_gain": 1.0006758144888628,
      "difficulty_bias": 0.00027249474022799654,
      "escalation_bias": 0.000236403102051136,
      "patience_bias": -0.00018407309868738946,
      "hardness_bias": 0.0003085863784048564,
      "samples": 382
    },
    "adaptive_strategy_selection": {
      "pressure_gain": 1.2080128473092424,
      "difficulty_bias": 0.09134915188672467,
      "escalation_bias": 0.08007415529771982,
      "patience_bias": -0.07386206741587446,
      "hardness_bias": 0.10066728370949277,
      "samples": 382
    },
    "compression_elaboration_fit": {
      "pressure_gain": 1.0005957201065985,
      "difficulty_bias": 0.0002611552044942539,
      "escalation_bias": 0.00022887530632323115,
      "patience_bias": -0.00019951142727828356,
      "hardness_bias": 0.0002934351026652762,
      "samples": 382
    },
    "perspective_integration": {
      "pressure_gain": 1.95,
      "difficulty_bias": 0.35,
      "escalation_bias": 0.3,
      "patience_bias": -0.3,
      "hardness_bias": 0.35,
      "samples": 382
    },
    "multi_turn_stability": {
      "pressure_gain": 1.075039251435489,
      "difficulty_bias": 0.03409042110373395,
      "escalation_bias": 0.02999777834874022,
      "patience_bias": -0.027254414657530562,
      "hardness_bias": 0.03818306385872769,
      "samples": 382
    }
  },
  "last_episode_id": "episode_e75a50cb27d0",
  "last_update_ts": 1784636295.2801492
}