{
  "version": 1,
  "samples": 301,
  "global": {
    "pressure_gain_bias": 0.4,
    "difficulty_bias": 0.35,
    "escalation_bias": 0.3,
    "patience_bias": -0.3,
    "hardness_bias": 0.35,
    "samples": 301
  },
  "axis": {
    "X": {
      "pressure_gain": 1.2118274721487885,
      "difficulty_bias": 0.08106574799236453,
      "escalation_bias": 0.06984845233610495,
      "patience_bias": -0.06842098688506675,
      "hardness_bias": 0.08304981501409706,
      "samples": 301
    },
    "T": {
      "pressure_gain": 1.6014726493843217,
      "difficulty_bias": 0.2235967734634745,
      "escalation_bias": 0.1918793305444867,
      "patience_bias": -0.19102169329943255,
      "hardness_bias": 0.22479033009492766,
      "samples": 301
    },
    "N": {
      "pressure_gain": 1.4982633584781657,
      "difficulty_bias": 0.19097642778007723,
      "escalation_bias": 0.1645874158303385,
      "patience_bias": -0.16142097670081887,
      "hardness_bias": 0.19568623325915416,
      "samples": 301
    },
    "B": {
      "pressure_gain": 1.6644495778275719,
      "difficulty_bias": 0.24479721426328402,
      "escalation_bias": 0.20982618376994921,
      "patience_bias": -0.20982618324222616,
      "hardness_bias": 0.24479721459761883,
      "samples": 301
    },
    "A": {
      "pressure_gain": 1.4591364428781297,
      "difficulty_bias": 0.17387058358841137,
      "escalation_bias": 0.14959978391944442,
      "patience_bias": -0.14761124007251208,
      "hardness_bias": 0.17684450715934397,
      "samples": 301
    }
  },
  "dimensions": {
    "coherence_maintenance": {
      "pressure_gain": 1.95,
      "difficulty_bias": 0.35,
      "escalation_bias": 0.3,
      "patience_bias": -0.3,
      "hardness_bias": 0.35,
      "samples": 301
    },
    "context_carryover": {
      "pressure_gain": 1.8037098592557042,
      "difficulty_bias": 0.3018047852279759,
      "escalation_bias": 0.25937757403376727,
      "patience_bias": -0.2569704205995094,
      "hardness_bias": 0.3054155153793626,
      "samples": 301
    },
    "ambiguity_handling": {
      "pressure_gain": 1.0718115674911537,
      "difficulty_bias": 0.026456893286216206,
      "escalation_bias": 0.022677337102471037,
      "patience_bias": -0.022677337102471037,
      "hardness_bias": 0.026456893286216206,
      "samples": 301
    },
    "contradiction_handling": {
      "pressure_gain": 1.95,
      "difficulty_bias": 0.35,
      "escalation_bias": 0.3,
      "patience_bias": -0.3,
      "hardness_bias": 0.35,
      "samples": 301
    },
    "implied_intent_inference": {
      "pressure_gain": 1.95,
      "difficulty_bias": 0.35,
      "escalation_bias": 0.3,
      "patience_bias": -0.3,
      "hardness_bias": 0.35,
      "samples": 301
    },
    "misunderstanding_repair": {
      "pressure_gain": 1.0,
      "difficulty_bias": 0.0,
      "escalation_bias": 0.0,
      "patience_bias": 0.0,
      "hardness_bias": 0.0,
      "samples": 301
    },
    "uncertainty_signaling": {
      "pressure_gain": 1.5638768448558023,
      "difficulty_bias": 0.2354579922028904,
      "escalation_bias": 0.20516439927145713,
      "patience_bias": -0.1934629784300286,
      "hardness_bias": 0.2530101234650334,
      "samples": 301
    },
    "boundary_calibration": {
      "pressure_gain": 1.95,
      "difficulty_bias": 0.35,
      "escalation_bias": 0.3,
      "patience_bias": -0.3,
      "hardness_bias": 0.35,
      "samples": 301
    },
    "framing_selection": {
      "pressure_gain": 1.685991298882149,
      "difficulty_bias": 0.27154446467494564,
      "escalation_bias": 0.23502164106518458,
      "patience_bias": -0.22707929136187555,
      "hardness_bias": 0.2834579892299091,
      "samples": 301
    },
    "emotional_calibration": {
      "pressure_gain": 1.0003511404977163,
      "difficulty_bias": 0.00013849095968344633,
      "escalation_bias": 0.00011980713845855193,
      "patience_bias": -9.014370711794656e-05,
      "hardness_bias": 0.00015717478090834135,
      "samples": 301
    },
    "semantic_precision": {
      "pressure_gain": 1.0052535591559213,
      "difficulty_bias": 0.0021182843236603596,
      "escalation_bias": 0.0018377198206490433,
      "patience_bias": -0.0014309236172075762,
      "hardness_bias": 0.0023988488266716715,
      "samples": 301
    },
    "adaptive_strategy_selection": {
      "pressure_gain": 1.4234204053907624,
      "difficulty_bias": 0.173139113578627,
      "escalation_bias": 0.15047289303729017,
      "patience_bias": -0.14323510814265564,
      "hardness_bias": 0.18399579092057888,
      "samples": 301
    },
    "compression_elaboration_fit": {
      "pressure_gain": 1.0046309318192541,
      "difficulty_bias": 0.0020301345092372416,
      "escalation_bias": 0.0017792012170650049,
      "patience_bias": -0.001550936096752121,
      "hardness_bias": 0.0022810678014094777,
      "samples": 301
    },
    "perspective_integration": {
      "pressure_gain": 1.95,
      "difficulty_bias": 0.35,
      "escalation_bias": 0.3,
      "patience_bias": -0.3,
      "hardness_bias": 0.35,
      "samples": 301
    },
    "multi_turn_stability": {
      "pressure_gain": 1.0139781580854605,
      "difficulty_bias": 0.006221642000212848,
      "escalation_bias": 0.005462131818631931,
      "patience_bias": -0.004848182184616436,
      "hardness_bias": 0.0069811521817937814,
      "samples": 301
    }
  },
  "last_episode_id": "episode_574bd2782e2d",
  "last_update_ts": 1784044858.3005733
}