{
  "version": 1,
  "samples": 354,
  "global": {
    "pressure_gain_bias": 0.4,
    "difficulty_bias": 0.35,
    "escalation_bias": 0.3,
    "patience_bias": -0.3,
    "hardness_bias": 0.35,
    "samples": 354
  },
  "axis": {
    "X": {
      "pressure_gain": 1.3166483783363718,
      "difficulty_bias": 0.1167452134552736,
      "escalation_bias": 0.1000748558056723,
      "patience_bias": -0.10000541475881279,
      "hardness_bias": 0.11680271505904567,
      "samples": 354
    },
    "T": {
      "pressure_gain": 1.5001111201662292,
      "difficulty_bias": 0.19190036985974482,
      "escalation_bias": 0.16540869427774937,
      "patience_bias": -0.16216109118633215,
      "hardness_bias": 0.1967534068934457,
      "samples": 354
    },
    "N": {
      "pressure_gain": 1.429803535488385,
      "difficulty_bias": 0.16541057374412677,
      "escalation_bias": 0.14263240366164562,
      "patience_bias": -0.13964035255826712,
      "hardness_bias": 0.1698882905555149,
      "samples": 354
    },
    "B": {
      "pressure_gain": 1.6414665195234235,
      "difficulty_bias": 0.23632977035591812,
      "escalation_bias": 0.20256837459122176,
      "patience_bias": -0.20256837458923901,
      "hardness_bias": 0.23632977035717428,
      "samples": 354
    },
    "A": {
      "pressure_gain": 1.3977856967443723,
      "difficulty_bias": 0.15111781011866884,
      "escalation_bias": 0.13008026871103628,
      "patience_bias": -0.1281527546300992,
      "hardness_bias": 0.15400904783117292,
      "samples": 354
    }
  },
  "dimensions": {
    "coherence_maintenance": {
      "pressure_gain": 1.95,
      "difficulty_bias": 0.35,
      "escalation_bias": 0.3,
      "patience_bias": -0.3,
      "hardness_bias": 0.35,
      "samples": 354
    },
    "context_carryover": {
      "pressure_gain": 1.4863023970249152,
      "difficulty_bias": 0.20172183704869648,
      "escalation_bias": 0.17562568969095133,
      "patience_bias": -0.16610128691871126,
      "hardness_bias": 0.21600844120705676,
      "samples": 354
    },
    "ambiguity_handling": {
      "pressure_gain": 1.0187689094276933,
      "difficulty_bias": 0.006914861368099132,
      "escalation_bias": 0.005927024029799256,
      "patience_bias": -0.005927024029799256,
      "hardness_bias": 0.006914861368099132,
      "samples": 354
    },
    "contradiction_handling": {
      "pressure_gain": 1.95,
      "difficulty_bias": 0.35,
      "escalation_bias": 0.3,
      "patience_bias": -0.3,
      "hardness_bias": 0.35,
      "samples": 354
    },
    "implied_intent_inference": {
      "pressure_gain": 1.95,
      "difficulty_bias": 0.35,
      "escalation_bias": 0.3,
      "patience_bias": -0.3,
      "hardness_bias": 0.35,
      "samples": 354
    },
    "misunderstanding_repair": {
      "pressure_gain": 1.0,
      "difficulty_bias": 0.0,
      "escalation_bias": 0.0,
      "patience_bias": 0.0,
      "hardness_bias": 0.0,
      "samples": 354
    },
    "uncertainty_signaling": {
      "pressure_gain": 1.2954911683573436,
      "difficulty_bias": 0.12797085635754352,
      "escalation_bias": 0.11199411873371604,
      "patience_bias": -0.1039272722383406,
      "hardness_bias": 0.14007112610060682,
      "samples": 354
    },
    "boundary_calibration": {
      "pressure_gain": 1.95,
      "difficulty_bias": 0.35,
      "escalation_bias": 0.3,
      "patience_bias": -0.3,
      "hardness_bias": 0.35,
      "samples": 354
    },
    "framing_selection": {
      "pressure_gain": 1.95,
      "difficulty_bias": 0.35,
      "escalation_bias": 0.3,
      "patience_bias": -0.3,
      "hardness_bias": 0.35,
      "samples": 354
    },
    "emotional_calibration": {
      "pressure_gain": 1.0000917752449665,
      "difficulty_bias": 3.619645649948486e-05,
      "escalation_bias": 3.1313191023118306e-05,
      "patience_bias": -2.356025823530387e-05,
      "hardness_bias": 4.107972197585154e-05,
      "samples": 354
    },
    "semantic_precision": {
      "pressure_gain": 1.0013730876433318,
      "difficulty_bias": 0.0005536418156836392,
      "escalation_bias": 0.00048031254674246553,
      "patience_bias": -0.00037399094195554535,
      "hardness_bias": 0.0006269710846248116,
      "samples": 354
    },
    "adaptive_strategy_selection": {
      "pressure_gain": 1.2132688997169732,
      "difficulty_bias": 0.0910610516214344,
      "escalation_bias": 0.07955885493131462,
      "patience_bias": -0.07428601753601663,
      "hardness_bias": 0.09897030771438146,
      "samples": 354
    },
    "compression_elaboration_fit": {
      "pressure_gain": 1.001210355697806,
      "difficulty_bias": 0.0005306026878553883,
      "escalation_bias": 0.0004650179304448972,
      "patience_bias": -0.0004053578016058698,
      "hardness_bias": 0.0005961874452658788,
      "samples": 354
    },
    "perspective_integration": {
      "pressure_gain": 1.95,
      "difficulty_bias": 0.35,
      "escalation_bias": 0.3,
      "patience_bias": -0.3,
      "hardness_bias": 0.35,
      "samples": 354
    },
    "multi_turn_stability": {
      "pressure_gain": 1.0036533777528842,
      "difficulty_bias": 0.0016261089859643041,
      "escalation_bias": 0.0014276008861479111,
      "patience_bias": -0.0012671369737646632,
      "hardness_bias": 0.0018246170857806998,
      "samples": 354
    }
  },
  "last_episode_id": "episode_6d532b9cdc4e",
  "last_update_ts": 1784349114.6132886
}