{
  "version": 1,
  "samples": 270,
  "global": {
    "pressure_gain_bias": 0.4,
    "difficulty_bias": 0.35,
    "escalation_bias": 0.3,
    "patience_bias": -0.3,
    "hardness_bias": 0.35,
    "samples": 270
  },
  "axis": {
    "X": {
      "pressure_gain": 1.299139827925971,
      "difficulty_bias": 0.11123156637726554,
      "escalation_bias": 0.0954310932241904,
      "patience_bias": -0.09475045345282367,
      "hardness_bias": 0.11183346306905795,
      "samples": 270
    },
    "T": {
      "pressure_gain": 1.5013261060234924,
      "difficulty_bias": 0.18572012029000592,
      "escalation_bias": 0.1593118120900816,
      "patience_bias": -0.15872744993825916,
      "hardness_bias": 0.1864430303770005,
      "samples": 270
    },
    "N": {
      "pressure_gain": 1.4923354577055967,
      "difficulty_bias": 0.18171527586270186,
      "escalation_bias": 0.15579418888391955,
      "patience_bias": -0.15557000030778162,
      "hardness_bias": 0.18195894554304679,
      "samples": 270
    },
    "B": {
      "pressure_gain": 1.701492237614081,
      "difficulty_bias": 0.2584445447510863,
      "escalation_bias": 0.2215238985336866,
      "patience_bias": -0.22152388470158085,
      "hardness_bias": 0.25844455351430784,
      "samples": 270
    },
    "A": {
      "pressure_gain": 1.4719686618301906,
      "difficulty_bias": 0.17448840994252407,
      "escalation_bias": 0.1496097408178795,
      "patience_bias": -0.14941333288505226,
      "hardness_bias": 0.1747231425398132,
      "samples": 270
    }
  },
  "dimensions": {
    "coherence_maintenance": {
      "pressure_gain": 1.95,
      "difficulty_bias": 0.35,
      "escalation_bias": 0.3,
      "patience_bias": -0.3,
      "hardness_bias": 0.35,
      "samples": 270
    },
    "context_carryover": {
      "pressure_gain": 1.4016803058401819,
      "difficulty_bias": 0.14798748109901524,
      "escalation_bias": 0.12684641237058444,
      "patience_bias": -0.12684641237058444,
      "hardness_bias": 0.14798748109901524,
      "samples": 270
    },
    "ambiguity_handling": {
      "pressure_gain": 1.1574168870495989,
      "difficulty_bias": 0.05799569522880088,
      "escalation_bias": 0.049710595910400765,
      "patience_bias": -0.049710595910400765,
      "hardness_bias": 0.05799569522880088,
      "samples": 270
    },
    "contradiction_handling": {
      "pressure_gain": 1.95,
      "difficulty_bias": 0.35,
      "escalation_bias": 0.3,
      "patience_bias": -0.3,
      "hardness_bias": 0.35,
      "samples": 270
    },
    "implied_intent_inference": {
      "pressure_gain": 1.95,
      "difficulty_bias": 0.35,
      "escalation_bias": 0.3,
      "patience_bias": -0.3,
      "hardness_bias": 0.35,
      "samples": 270
    },
    "misunderstanding_repair": {
      "pressure_gain": 1.0,
      "difficulty_bias": 0.0,
      "escalation_bias": 0.0,
      "patience_bias": 0.0,
      "hardness_bias": 0.0,
      "samples": 270
    },
    "uncertainty_signaling": {
      "pressure_gain": 1.4016803058401819,
      "difficulty_bias": 0.14798748109901524,
      "escalation_bias": 0.12684641237058444,
      "patience_bias": -0.12684641237058444,
      "hardness_bias": 0.14798748109901524,
      "samples": 270
    },
    "boundary_calibration": {
      "pressure_gain": 1.95,
      "difficulty_bias": 0.35,
      "escalation_bias": 0.3,
      "patience_bias": -0.3,
      "hardness_bias": 0.35,
      "samples": 270
    },
    "framing_selection": {
      "pressure_gain": 1.8161148859741203,
      "difficulty_bias": 0.3006739053588867,
      "escalation_bias": 0.2577204903076172,
      "patience_bias": -0.2577204903076172,
      "hardness_bias": 0.3006739053588867,
      "samples": 270
    },
    "emotional_calibration": {
      "pressure_gain": 1.0007697289726274,
      "difficulty_bias": 0.0003035836219640285,
      "escalation_bias": 0.00026262714269240827,
      "patience_bias": -0.00019760245121185218,
      "hardness_bias": 0.00034454010123564964,
      "samples": 270
    },
    "semantic_precision": {
      "pressure_gain": 1.011516235575252,
      "difficulty_bias": 0.004643454192218294,
      "escalation_bias": 0.004028433629046521,
      "patience_bias": -0.0031367027527188745,
      "hardness_bias": 0.005258474755390064,
      "samples": 270
    },
    "adaptive_strategy_selection": {
      "pressure_gain": 1.3818473407393228,
      "difficulty_bias": 0.14068059921975135,
      "escalation_bias": 0.12058337075978683,
      "patience_bias": -0.12058337075978683,
      "hardness_bias": 0.14068059921975135,
      "samples": 270
    },
    "compression_elaboration_fit": {
      "pressure_gain": 1.0101513850288242,
      "difficulty_bias": 0.00445022251847443,
      "escalation_bias": 0.003900156016782687,
      "patience_bias": -0.003399780020031449,
      "hardness_bias": 0.005000289020166168,
      "samples": 270
    },
    "perspective_integration": {
      "pressure_gain": 1.95,
      "difficulty_bias": 0.35,
      "escalation_bias": 0.3,
      "patience_bias": -0.3,
      "hardness_bias": 0.35,
      "samples": 270
    },
    "multi_turn_stability": {
      "pressure_gain": 1.030641277016709,
      "difficulty_bias": 0.013638353126481392,
      "escalation_bias": 0.011973444078483424,
      "patience_bias": -0.010627615772982902,
      "hardness_bias": 0.0153032621744794,
      "samples": 270
    }
  },
  "last_episode_id": "episode_0a8eb592fb7e",
  "last_update_ts": 1783854292.337461
}