{
  "version": 1,
  "samples": 295,
  "global": {
    "pressure_gain_bias": 0.4,
    "difficulty_bias": 0.35,
    "escalation_bias": 0.3,
    "patience_bias": -0.3,
    "hardness_bias": 0.35,
    "samples": 295
  },
  "axis": {
    "X": {
      "pressure_gain": 1.212564066264097,
      "difficulty_bias": 0.0799073202883552,
      "escalation_bias": 0.06868190116805492,
      "patience_bias": -0.067835842300465,
      "hardness_bias": 0.08099127036645752,
      "samples": 295
    },
    "T": {
      "pressure_gain": 1.5983023780092975,
      "difficulty_bias": 0.2220873427570942,
      "escalation_bias": 0.19052978899549622,
      "patience_bias": -0.18985546766049047,
      "hardness_bias": 0.2229742135609465,
      "samples": 295
    },
    "N": {
      "pressure_gain": 1.4815836353277074,
      "difficulty_bias": 0.18264175001984181,
      "escalation_bias": 0.15717922727472208,
      "patience_bias": -0.15493079586900016,
      "hardness_bias": 0.1859678490152025,
      "samples": 295
    },
    "B": {
      "pressure_gain": 1.669552745639152,
      "difficulty_bias": 0.24667732993640298,
      "escalation_bias": 0.2114377115917806,
      "patience_bias": -0.21143771059877647,
      "hardness_bias": 0.24667733056551286,
      "samples": 295
    },
    "A": {
      "pressure_gain": 1.45307735795016,
      "difficulty_bias": 0.17046474210559215,
      "escalation_bias": 0.14653808746321584,
      "patience_bias": -0.14504703021606516,
      "hardness_bias": 0.17268459573423323,
      "samples": 295
    }
  },
  "dimensions": {
    "coherence_maintenance": {
      "pressure_gain": 1.95,
      "difficulty_bias": 0.35,
      "escalation_bias": 0.3,
      "patience_bias": -0.3,
      "hardness_bias": 0.35,
      "samples": 295
    },
    "context_carryover": {
      "pressure_gain": 1.8370409086914055,
      "difficulty_bias": 0.30838349267578125,
      "escalation_bias": 0.2643287080078125,
      "patience_bias": -0.2643287080078125,
      "hardness_bias": 0.30838349267578125,
      "samples": 295
    },
    "ambiguity_handling": {
      "pressure_gain": 1.0835923842207187,
      "difficulty_bias": 0.030797194186582208,
      "escalation_bias": 0.026397595017070462,
      "patience_bias": -0.026397595017070462,
      "hardness_bias": 0.030797194186582208,
      "samples": 295
    },
    "contradiction_handling": {
      "pressure_gain": 1.95,
      "difficulty_bias": 0.35,
      "escalation_bias": 0.3,
      "patience_bias": -0.3,
      "hardness_bias": 0.35,
      "samples": 295
    },
    "implied_intent_inference": {
      "pressure_gain": 1.95,
      "difficulty_bias": 0.35,
      "escalation_bias": 0.3,
      "patience_bias": -0.3,
      "hardness_bias": 0.35,
      "samples": 295
    },
    "misunderstanding_repair": {
      "pressure_gain": 1.0,
      "difficulty_bias": 0.0,
      "escalation_bias": 0.0,
      "patience_bias": 0.0,
      "hardness_bias": 0.0,
      "samples": 295
    },
    "uncertainty_signaling": {
      "pressure_gain": 1.614794530684991,
      "difficulty_bias": 0.2557887221428919,
      "escalation_bias": 0.22278032695371686,
      "patience_bias": -0.21041534904438366,
      "hardness_bias": 0.27433618900689183,
      "samples": 295
    },
    "boundary_calibration": {
      "pressure_gain": 1.95,
      "difficulty_bias": 0.35,
      "escalation_bias": 0.3,
      "patience_bias": -0.3,
      "hardness_bias": 0.35,
      "samples": 295
    },
    "framing_selection": {
      "pressure_gain": 1.5295971517218427,
      "difficulty_bias": 0.20045621596571542,
      "escalation_bias": 0.17246398220106196,
      "patience_bias": -0.17020869239449135,
      "hardness_bias": 0.20383915067557123,
      "samples": 295
    },
    "emotional_calibration": {
      "pressure_gain": 1.0004087457275486,
      "difficulty_bias": 0.00016121065055961492,
      "escalation_bias": 0.0001394617148782573,
      "patience_bias": -0.00010493194430565106,
      "hardness_bias": 0.00018295958624097328,
      "samples": 295
    },
    "semantic_precision": {
      "pressure_gain": 1.0061154149788218,
      "difficulty_bias": 0.0024657926746126687,
      "escalation_bias": 0.002139201060562387,
      "patience_bias": -0.001665669208722537,
      "hardness_bias": 0.002792384288662947,
      "samples": 295
    },
    "adaptive_strategy_selection": {
      "pressure_gain": 1.492883284001243,
      "difficulty_bias": 0.20154289638200693,
      "escalation_bias": 0.17515824161790694,
      "patience_bias": -0.16673308510125343,
      "hardness_bias": 0.21418063115698727,
      "samples": 295
    },
    "compression_elaboration_fit": {
      "pressure_gain": 1.00539064450839,
      "difficulty_bias": 0.0023631817246824935,
      "escalation_bias": 0.0020710823748720988,
      "patience_bias": -0.0018053699512610485,
      "hardness_bias": 0.002655281074492887,
      "samples": 295
    },
    "perspective_integration": {
      "pressure_gain": 1.95,
      "difficulty_bias": 0.35,
      "escalation_bias": 0.3,
      "patience_bias": -0.3,
      "hardness_bias": 0.35,
      "samples": 295
    },
    "multi_turn_stability": {
      "pressure_gain": 1.016271300045382,
      "difficulty_bias": 0.007242313553866031,
      "escalation_bias": 0.0063582043617629565,
      "patience_bias": -0.005643535186701232,
      "hardness_bias": 0.008126422745969121,
      "samples": 295
    }
  },
  "last_episode_id": "episode_f4db0836b88e",
  "last_update_ts": 1784003333.7049222
}