{
  "version": 1,
  "samples": 247,
  "global": {
    "pressure_gain_bias": 0.4,
    "difficulty_bias": 0.35,
    "escalation_bias": 0.3,
    "patience_bias": -0.3,
    "hardness_bias": 0.35,
    "samples": 247
  },
  "axis": {
    "X": {
      "pressure_gain": 1.2292549693388626,
      "difficulty_bias": 0.09112642959997955,
      "escalation_bias": 0.07891228742191096,
      "patience_bias": -0.07549415920184617,
      "hardness_bias": 0.095219209735078,
      "samples": 247
    },
    "T": {
      "pressure_gain": 1.621798318526984,
      "difficulty_bias": 0.2309392042414499,
      "escalation_bias": 0.1981713558118139,
      "patience_bias": -0.19711414380658157,
      "hardness_bias": 0.23224709466127824,
      "samples": 247
    },
    "N": {
      "pressure_gain": 1.6046432494561111,
      "difficulty_bias": 0.22354847660053467,
      "escalation_bias": 0.19169197276086966,
      "patience_bias": -0.19122078040506618,
      "hardness_bias": 0.22403506948233545,
      "samples": 247
    },
    "B": {
      "pressure_gain": 1.7548263736371945,
      "difficulty_bias": 0.2780943350802666,
      "escalation_bias": 0.23836660714434074,
      "patience_bias": -0.23836645107752022,
      "hardness_bias": 0.27809443395517053,
      "samples": 247
    },
    "A": {
      "pressure_gain": 1.4993266178477649,
      "difficulty_bias": 0.1903714357186987,
      "escalation_bias": 0.16371987961908868,
      "patience_bias": -0.1615038206759297,
      "hardness_bias": 0.19301990955570564,
      "samples": 247
    }
  },
  "dimensions": {
    "coherence_maintenance": {
      "pressure_gain": 1.95,
      "difficulty_bias": 0.35,
      "escalation_bias": 0.3,
      "patience_bias": -0.3,
      "hardness_bias": 0.35,
      "samples": 247
    },
    "context_carryover": {
      "pressure_gain": 1.719075311318274,
      "difficulty_bias": 0.2649224831172593,
      "escalation_bias": 0.227076414100508,
      "patience_bias": -0.227076414100508,
      "hardness_bias": 0.2649224831172593,
      "samples": 247
    },
    "ambiguity_handling": {
      "pressure_gain": 1.2818027058239245,
      "difficulty_bias": 0.10382204951407853,
      "escalation_bias": 0.08899032815492444,
      "patience_bias": -0.08899032815492444,
      "hardness_bias": 0.10382204951407853,
      "samples": 247
    },
    "contradiction_handling": {
      "pressure_gain": 1.95,
      "difficulty_bias": 0.35,
      "escalation_bias": 0.3,
      "patience_bias": -0.3,
      "hardness_bias": 0.35,
      "samples": 247
    },
    "implied_intent_inference": {
      "pressure_gain": 1.8850234824362084,
      "difficulty_bias": 0.35,
      "escalation_bias": 0.3,
      "patience_bias": -0.3,
      "hardness_bias": 0.35,
      "samples": 247
    },
    "misunderstanding_repair": {
      "pressure_gain": 1.0,
      "difficulty_bias": 0.0,
      "escalation_bias": 0.0,
      "patience_bias": 0.0,
      "hardness_bias": 0.0,
      "samples": 247
    },
    "uncertainty_signaling": {
      "pressure_gain": 1.719075311318274,
      "difficulty_bias": 0.2649224831172593,
      "escalation_bias": 0.227076414100508,
      "patience_bias": -0.227076414100508,
      "hardness_bias": 0.2649224831172593,
      "samples": 247
    },
    "boundary_calibration": {
      "pressure_gain": 1.95,
      "difficulty_bias": 0.35,
      "escalation_bias": 0.3,
      "patience_bias": -0.3,
      "hardness_bias": 0.35,
      "samples": 247
    },
    "framing_selection": {
      "pressure_gain": 1.826675877471878,
      "difficulty_bias": 0.34028024853740496,
      "escalation_bias": 0.2959773151267122,
      "patience_bias": -0.280897457795434,
      "hardness_bias": 0.35,
      "samples": 247
    },
    "emotional_calibration": {
      "pressure_gain": 1.0013779443317883,
      "difficulty_bias": 0.0005434657470156572,
      "escalation_bias": 0.0004701467601135254,
      "patience_bias": -0.00035374162500999084,
      "hardness_bias": 0.0006167847339177908,
      "samples": 247
    },
    "semantic_precision": {
      "pressure_gain": 1.0206159987459897,
      "difficulty_bias": 0.008312564047364569,
      "escalation_bias": 0.007211573790934526,
      "patience_bias": -0.005615225530428713,
      "hardness_bias": 0.009413554303794607,
      "samples": 247
    },
    "adaptive_strategy_selection": {
      "pressure_gain": 1.683570967821934,
      "difficulty_bias": 0.2518419355133446,
      "escalation_bias": 0.21586451615429542,
      "patience_bias": -0.21586451615429542,
      "hardness_bias": 0.2518419355133446,
      "samples": 247
    },
    "compression_elaboration_fit": {
      "pressure_gain": 1.0181726866958183,
      "difficulty_bias": 0.007966646849200508,
      "escalation_bias": 0.006981935288292872,
      "patience_bias": -0.00608617808932468,
      "hardness_bias": 0.008951358410108134,
      "samples": 247
    },
    "perspective_integration": {
      "pressure_gain": 1.95,
      "difficulty_bias": 0.35,
      "escalation_bias": 0.3,
      "patience_bias": -0.3,
      "hardness_bias": 0.35,
      "samples": 247
    },
    "multi_turn_stability": {
      "pressure_gain": 1.054853039817062,
      "difficulty_bias": 0.02441494610939446,
      "escalation_bias": 0.02143447887064942,
      "patience_bias": -0.019025219831338265,
      "hardness_bias": 0.027395413348139552,
      "samples": 247
    }
  },
  "last_episode_id": "episode_c0aef400a3a2",
  "last_update_ts": 1783753924.592575
}