{
  "version": 1,
  "samples": 260,
  "global": {
    "pressure_gain_bias": 0.4,
    "difficulty_bias": 0.35,
    "escalation_bias": 0.3,
    "patience_bias": -0.3,
    "hardness_bias": 0.35,
    "samples": 260
  },
  "axis": {
    "X": {
      "pressure_gain": 1.296717598841138,
      "difficulty_bias": 0.11196055955054837,
      "escalation_bias": 0.09618885744567106,
      "patience_bias": -0.0948918019772976,
      "hardness_bias": 0.11323769677032261,
      "samples": 260
    },
    "T": {
      "pressure_gain": 1.5502949392660725,
      "difficulty_bias": 0.20406006736093085,
      "escalation_bias": 0.1750677484056028,
      "patience_bias": -0.17431317587407,
      "hardness_bias": 0.20499354698934347,
      "samples": 260
    },
    "N": {
      "pressure_gain": 1.53853750891188,
      "difficulty_bias": 0.19886453246095942,
      "escalation_bias": 0.17050632274015912,
      "patience_bias": -0.17020591645128696,
      "hardness_bias": 0.19918679160727198,
      "samples": 260
    },
    "B": {
      "pressure_gain": 1.7210426608688556,
      "difficulty_bias": 0.2656473998051918,
      "escalation_bias": 0.22769777995945062,
      "patience_bias": -0.22769774028935885,
      "hardness_bias": 0.2656474249378658,
      "samples": 260
    },
    "A": {
      "pressure_gain": 1.500653566325629,
      "difficulty_bias": 0.18618706430959253,
      "escalation_bias": 0.15972728210955858,
      "patience_bias": -0.1591639896594407,
      "hardness_bias": 0.18686027082394369,
      "samples": 260
    }
  },
  "dimensions": {
    "coherence_maintenance": {
      "pressure_gain": 1.95,
      "difficulty_bias": 0.35,
      "escalation_bias": 0.3,
      "patience_bias": -0.3,
      "hardness_bias": 0.35,
      "samples": 260
    },
    "context_carryover": {
      "pressure_gain": 1.5174094805207274,
      "difficulty_bias": 0.19062454545500557,
      "escalation_bias": 0.1633924675328619,
      "patience_bias": -0.1633924675328619,
      "hardness_bias": 0.19062454545500557,
      "samples": 260
    },
    "ambiguity_handling": {
      "pressure_gain": 1.2027706824788411,
      "difficulty_bias": 0.07470498828167954,
      "escalation_bias": 0.06403284709858247,
      "patience_bias": -0.06403284709858247,
      "hardness_bias": 0.07470498828167954,
      "samples": 260
    },
    "contradiction_handling": {
      "pressure_gain": 1.95,
      "difficulty_bias": 0.35,
      "escalation_bias": 0.3,
      "patience_bias": -0.3,
      "hardness_bias": 0.35,
      "samples": 260
    },
    "implied_intent_inference": {
      "pressure_gain": 1.95,
      "difficulty_bias": 0.35,
      "escalation_bias": 0.3,
      "patience_bias": -0.3,
      "hardness_bias": 0.35,
      "samples": 260
    },
    "misunderstanding_repair": {
      "pressure_gain": 1.0,
      "difficulty_bias": 0.0,
      "escalation_bias": 0.0,
      "patience_bias": 0.0,
      "hardness_bias": 0.0,
      "samples": 260
    },
    "uncertainty_signaling": {
      "pressure_gain": 1.5174094805207274,
      "difficulty_bias": 0.19062454545500557,
      "escalation_bias": 0.1633924675328619,
      "patience_bias": -0.1633924675328619,
      "hardness_bias": 0.19062454545500557,
      "samples": 260
    },
    "boundary_calibration": {
      "pressure_gain": 1.95,
      "difficulty_bias": 0.35,
      "escalation_bias": 0.3,
      "patience_bias": -0.3,
      "hardness_bias": 0.35,
      "samples": 260
    },
    "framing_selection": {
      "pressure_gain": 1.95,
      "difficulty_bias": 0.35,
      "escalation_bias": 0.3,
      "patience_bias": -0.3,
      "hardness_bias": 0.35,
      "samples": 260
    },
    "emotional_calibration": {
      "pressure_gain": 1.0009914976215626,
      "difficulty_bias": 0.0003910499017532252,
      "escalation_bias": 0.0003382933429780525,
      "patience_bias": -0.0002545342157547196,
      "hardness_bias": 0.0004438064605283991,
      "samples": 260
    },
    "semantic_precision": {
      "pressure_gain": 1.0148342086478013,
      "difficulty_bias": 0.005981292053619815,
      "escalation_bias": 0.005189076290303597,
      "patience_bias": -0.004040426474077469,
      "hardness_bias": 0.006773507816936027,
      "samples": 260
    },
    "adaptive_strategy_selection": {
      "pressure_gain": 1.4918623874200163,
      "difficulty_bias": 0.18121245852316464,
      "escalation_bias": 0.15532496444842683,
      "patience_bias": -0.15532496444842683,
      "hardness_bias": 0.18121245852316464,
      "samples": 260
    },
    "compression_elaboration_fit": {
      "pressure_gain": 1.013076127402721,
      "difficulty_bias": 0.005732387891582698,
      "escalation_bias": 0.00502384027609314,
      "patience_bias": -0.004379299628269821,
      "hardness_bias": 0.006440935507072251,
      "samples": 260
    },
    "perspective_integration": {
      "pressure_gain": 1.95,
      "difficulty_bias": 0.35,
      "escalation_bias": 0.3,
      "patience_bias": -0.3,
      "hardness_bias": 0.35,
      "samples": 260
    },
    "multi_turn_stability": {
      "pressure_gain": 1.03946941633234,
      "difficulty_bias": 0.017567735096125435,
      "escalation_bias": 0.015423144701440687,
      "patience_bias": -0.013689566245403134,
      "hardness_bias": 0.019712325490810235,
      "samples": 260
    }
  },
  "last_episode_id": "episode_e67e195bf3a9",
  "last_update_ts": 1783809814.234167
}