{
  "version": 1,
  "samples": 241,
  "global": {
    "pressure_gain_bias": 0.4,
    "difficulty_bias": 0.35,
    "escalation_bias": 0.3,
    "patience_bias": -0.3,
    "hardness_bias": 0.35,
    "samples": 241
  },
  "axis": {
    "X": {
      "pressure_gain": 1.1998696136227656,
      "difficulty_bias": 0.07701941493576095,
      "escalation_bias": 0.0664247771994576,
      "patience_bias": -0.06429274417436534,
      "hardness_bias": 0.07951390683811035,
      "samples": 241
    },
    "T": {
      "pressure_gain": 1.6501566831875827,
      "difficulty_bias": 0.2417151518916114,
      "escalation_bias": 0.2074471264950673,
      "patience_bias": -0.2062070044908753,
      "hardness_bias": 0.2432493405612217,
      "samples": 241
    },
    "N": {
      "pressure_gain": 1.6292829082059503,
      "difficulty_bias": 0.23292313259928493,
      "escalation_bias": 0.19974934134855252,
      "patience_bias": -0.19914126401917978,
      "hardness_bias": 0.23353252653770049,
      "samples": 241
    },
    "B": {
      "pressure_gain": 1.7743115463001184,
      "difficulty_bias": 0.2852734425840282,
      "escalation_bias": 0.2445201580314053,
      "patience_bias": -0.2445198643641487,
      "hardness_bias": 0.28527362863460376,
      "samples": 241
    },
    "A": {
      "pressure_gain": 1.4889734905089584,
      "difficulty_bias": 0.1832597961597046,
      "escalation_bias": 0.15745471351277435,
      "patience_bias": -0.1561409165326254,
      "hardness_bias": 0.18522811340816608,
      "samples": 241
    }
  },
  "dimensions": {
    "coherence_maintenance": {
      "pressure_gain": 1.95,
      "difficulty_bias": 0.35,
      "escalation_bias": 0.3,
      "patience_bias": -0.3,
      "hardness_bias": 0.35,
      "samples": 241
    },
    "context_carryover": {
      "pressure_gain": 1.8370409086914055,
      "difficulty_bias": 0.30838349267578125,
      "escalation_bias": 0.2643287080078125,
      "patience_bias": -0.2643287080078125,
      "hardness_bias": 0.30838349267578125,
      "samples": 241
    },
    "ambiguity_handling": {
      "pressure_gain": 1.3280329462599927,
      "difficulty_bias": 0.12085424335894565,
      "escalation_bias": 0.10358935145052484,
      "patience_bias": -0.10358935145052484,
      "hardness_bias": 0.12085424335894565,
      "samples": 241
    },
    "contradiction_handling": {
      "pressure_gain": 1.95,
      "difficulty_bias": 0.35,
      "escalation_bias": 0.3,
      "patience_bias": -0.3,
      "hardness_bias": 0.35,
      "samples": 241
    },
    "implied_intent_inference": {
      "pressure_gain": 1.6796901491028755,
      "difficulty_bias": 0.2734685538242217,
      "escalation_bias": 0.23718302377911105,
      "patience_bias": -0.2274481020248874,
      "hardness_bias": 0.28807093645555726,
      "samples": 241
    },
    "misunderstanding_repair": {
      "pressure_gain": 1.0,
      "difficulty_bias": 0.0,
      "escalation_bias": 0.0,
      "patience_bias": 0.0,
      "hardness_bias": 0.0,
      "samples": 241
    },
    "uncertainty_signaling": {
      "pressure_gain": 1.8370409086914055,
      "difficulty_bias": 0.30838349267578125,
      "escalation_bias": 0.2643287080078125,
      "patience_bias": -0.2643287080078125,
      "hardness_bias": 0.30838349267578125,
      "samples": 241
    },
    "boundary_calibration": {
      "pressure_gain": 1.95,
      "difficulty_bias": 0.35,
      "escalation_bias": 0.3,
      "patience_bias": -0.3,
      "hardness_bias": 0.35,
      "samples": 241
    },
    "framing_selection": {
      "pressure_gain": 1.6566467769292812,
      "difficulty_bias": 0.2629942937453152,
      "escalation_bias": 0.22796567490967343,
      "patience_bias": -0.21906869396176226,
      "hardness_bias": 0.276339765167182,
      "samples": 241
    },
    "emotional_calibration": {
      "pressure_gain": 1.0016039985762992,
      "difficulty_bias": 0.0006326222797034557,
      "escalation_bias": 0.0005472751812077743,
      "patience_bias": -0.00041177357445008986,
      "hardness_bias": 0.0007179693781991395,
      "samples": 241
    },
    "semantic_precision": {
      "pressure_gain": 1.0239980903979145,
      "difficulty_bias": 0.00967625512132461,
      "escalation_bias": 0.00839464543427657,
      "patience_bias": -0.006536413372168821,
      "hardness_bias": 0.01095786480837265,
      "samples": 241
    },
    "adaptive_strategy_selection": {
      "pressure_gain": 1.795712013824767,
      "difficulty_bias": 0.2931570577249145,
      "escalation_bias": 0.25127747804992673,
      "patience_bias": -0.25127747804992673,
      "hardness_bias": 0.2931570577249145,
      "samples": 241
    },
    "compression_elaboration_fit": {
      "pressure_gain": 1.0211539486140127,
      "difficulty_bias": 0.009273589585009082,
      "escalation_bias": 0.008127334322497036,
      "patience_bias": -0.007084626544897735,
      "hardness_bias": 0.010419844847521115,
      "samples": 241
    },
    "perspective_integration": {
      "pressure_gain": 1.95,
      "difficulty_bias": 0.35,
      "escalation_bias": 0.3,
      "patience_bias": -0.3,
      "hardness_bias": 0.35,
      "samples": 241
    },
    "multi_turn_stability": {
      "pressure_gain": 1.0638517795984201,
      "difficulty_bias": 0.02842026190496447,
      "escalation_bias": 0.02495084365825751,
      "patience_bias": -0.022146341342859022,
      "hardness_bias": 0.031889680151671505,
      "samples": 241
    }
  },
  "last_episode_id": "episode_5e2c9808e00b",
  "last_update_ts": 1783713793.4905365
}