{
  "version": 1,
  "samples": 286,
  "global": {
    "pressure_gain_bias": 0.4,
    "difficulty_bias": 0.35,
    "escalation_bias": 0.3,
    "patience_bias": -0.3,
    "hardness_bias": 0.35,
    "samples": 286
  },
  "axis": {
    "X": {
      "pressure_gain": 1.2460994125872045,
      "difficulty_bias": 0.09189682493369702,
      "escalation_bias": 0.0789107033989279,
      "patience_bias": -0.07818318992033908,
      "hardness_bias": 0.09274783108280005,
      "samples": 286
    },
    "T": {
      "pressure_gain": 1.5594971726155893,
      "difficulty_bias": 0.20969918942754234,
      "escalation_bias": 0.1800924882345,
      "patience_bias": -0.17876236827792907,
      "hardness_bias": 0.2114806304505528,
      "samples": 286
    },
    "N": {
      "pressure_gain": 1.4688156202475209,
      "difficulty_bias": 0.1752972784691292,
      "escalation_bias": 0.1505652753220108,
      "patience_bias": -0.14942006005827296,
      "hardness_bias": 0.1769560958876882,
      "samples": 286
    },
    "B": {
      "pressure_gain": 1.6788164088353095,
      "difficulty_bias": 0.25009026258655176,
      "escalation_bias": 0.21436308277902003,
      "patience_bias": -0.2143630802159029,
      "hardness_bias": 0.2500902642103944,
      "samples": 286
    },
    "A": {
      "pressure_gain": 1.4459268609749918,
      "difficulty_bias": 0.1661587534867731,
      "escalation_bias": 0.1426427763368667,
      "patience_bias": -0.1418642154929762,
      "hardness_bias": 0.16728340591113008,
      "samples": 286
    }
  },
  "dimensions": {
    "coherence_maintenance": {
      "pressure_gain": 1.95,
      "difficulty_bias": 0.35,
      "escalation_bias": 0.3,
      "patience_bias": -0.3,
      "hardness_bias": 0.35,
      "samples": 286
    },
    "context_carryover": {
      "pressure_gain": 1.95,
      "difficulty_bias": 0.35,
      "escalation_bias": 0.3,
      "patience_bias": -0.3,
      "hardness_bias": 0.35,
      "samples": 286
    },
    "ambiguity_handling": {
      "pressure_gain": 1.1049844968240283,
      "difficulty_bias": 0.038678498829906725,
      "escalation_bias": 0.033152998997062914,
      "patience_bias": -0.033152998997062914,
      "hardness_bias": 0.038678498829906725,
      "samples": 286
    },
    "contradiction_handling": {
      "pressure_gain": 1.95,
      "difficulty_bias": 0.35,
      "escalation_bias": 0.3,
      "patience_bias": -0.3,
      "hardness_bias": 0.35,
      "samples": 286
    },
    "implied_intent_inference": {
      "pressure_gain": 1.95,
      "difficulty_bias": 0.35,
      "escalation_bias": 0.3,
      "patience_bias": -0.3,
      "hardness_bias": 0.35,
      "samples": 286
    },
    "misunderstanding_repair": {
      "pressure_gain": 1.0,
      "difficulty_bias": 0.0,
      "escalation_bias": 0.0,
      "patience_bias": 0.0,
      "hardness_bias": 0.0,
      "samples": 286
    },
    "uncertainty_signaling": {
      "pressure_gain": 1.4241527902331363,
      "difficulty_bias": 0.16726605669591674,
      "escalation_bias": 0.14469779809231242,
      "patience_bias": -0.14005367485696918,
      "hardness_bias": 0.17423224154893166,
      "samples": 286
    },
    "boundary_calibration": {
      "pressure_gain": 1.95,
      "difficulty_bias": 0.35,
      "escalation_bias": 0.3,
      "patience_bias": -0.3,
      "hardness_bias": 0.35,
      "samples": 286
    },
    "framing_selection": {
      "pressure_gain": 1.6199017012927484,
      "difficulty_bias": 0.23246269038786918,
      "escalation_bias": 0.1997456660995721,
      "patience_bias": -0.19802390591467728,
      "hardness_bias": 0.23504533066521124,
      "samples": 286
    },
    "emotional_calibration": {
      "pressure_gain": 1.0005133477760653,
      "difficulty_bias": 0.00020246604029126834,
      "escalation_bias": 0.0001751513382373516,
      "patience_bias": -0.00013178506004336678,
      "hardness_bias": 0.0002297807423451859,
      "samples": 286
    },
    "semantic_precision": {
      "pressure_gain": 1.0076804097694663,
      "difficulty_bias": 0.0030968132519471874,
      "escalation_bias": 0.0026866436343719368,
      "patience_bias": -0.0020919303281418857,
      "hardness_bias": 0.0035069828695224346,
      "samples": 286
    },
    "adaptive_strategy_selection": {
      "pressure_gain": 1.3688231032116676,
      "difficulty_bias": 0.14337677559941633,
      "escalation_bias": 0.12379848711002171,
      "patience_bias": -0.12063410902319466,
      "hardness_bias": 0.1481233427296569,
      "samples": 286
    },
    "compression_elaboration_fit": {
      "pressure_gain": 1.0067701634131678,
      "difficulty_bias": 0.002967943151548917,
      "escalation_bias": 0.0026010927075958055,
      "patience_bias": -0.00226738186356673,
      "hardness_bias": 0.0033347935955020266,
      "samples": 286
    },
    "perspective_integration": {
      "pressure_gain": 1.95,
      "difficulty_bias": 0.35,
      "escalation_bias": 0.3,
      "patience_bias": -0.3,
      "hardness_bias": 0.35,
      "samples": 286
    },
    "multi_turn_stability": {
      "pressure_gain": 1.020435285628734,
      "difficulty_bias": 0.009095692764150216,
      "escalation_bias": 0.007985331341447395,
      "patience_bias": -0.007087771301272089,
      "hardness_bias": 0.01020605418685306,
      "samples": 286
    }
  },
  "last_episode_id": "episode_eb1b631e7e2b",
  "last_update_ts": 1783948667.4031959
}