{
  "version": 1,
  "samples": 169,
  "global": {
    "pressure_gain_bias": 0.4,
    "difficulty_bias": 0.35,
    "escalation_bias": 0.3,
    "patience_bias": -0.3,
    "hardness_bias": 0.35,
    "samples": 169
  },
  "axis": {
    "X": {
      "pressure_gain": 1.3827078446329593,
      "difficulty_bias": 0.1434044757519632,
      "escalation_bias": 0.123206022202907,
      "patience_bias": -0.11788543645312383,
      "hardness_bias": 0.14707241708032193,
      "samples": 169
    },
    "T": {
      "pressure_gain": 1.6840233675237386,
      "difficulty_bias": 0.2583610500891613,
      "escalation_bias": 0.22218675651622002,
      "patience_bias": -0.21786867696916437,
      "hardness_bias": 0.26306475017279246,
      "samples": 169
    },
    "N": {
      "pressure_gain": 1.5918550227565915,
      "difficulty_bias": 0.22928286305332554,
      "escalation_bias": 0.19700739347476187,
      "patience_bias": -0.1903683678649389,
      "hardness_bias": 0.23199932288369687,
      "samples": 169
    },
    "B": {
      "pressure_gain": 1.944068401371782,
      "difficulty_bias": 0.3480379733828031,
      "escalation_bias": 0.2983345415995505,
      "patience_bias": -0.29825530970908964,
      "hardness_bias": 0.34812385278743835,
      "samples": 169
    },
    "A": {
      "pressure_gain": 1.5697817212966036,
      "difficulty_bias": 0.220187043530608,
      "escalation_bias": 0.18920231903507023,
      "patience_bias": -0.1843356380850336,
      "hardness_bias": 0.22296100303186392,
      "samples": 169
    }
  },
  "dimensions": {
    "coherence_maintenance": {
      "pressure_gain": 1.9078170312499996,
      "difficulty_bias": 0.33681015625,
      "escalation_bias": 0.2889780625,
      "patience_bias": -0.2879853125,
      "hardness_bias": 0.33829928125,
      "samples": 169
    },
    "context_carryover": {
      "pressure_gain": 1.9262499999999998,
      "difficulty_bias": 0.34125,
      "escalation_bias": 0.2925,
      "patience_bias": -0.2925,
      "hardness_bias": 0.34125,
      "samples": 169
    },
    "ambiguity_handling": {
      "pressure_gain": 1.9262499999999998,
      "difficulty_bias": 0.34125,
      "escalation_bias": 0.2925,
      "patience_bias": -0.2925,
      "hardness_bias": 0.34125,
      "samples": 169
    },
    "contradiction_handling": {
      "pressure_gain": 1.95,
      "difficulty_bias": 0.35,
      "escalation_bias": 0.3,
      "patience_bias": -0.3,
      "hardness_bias": 0.35,
      "samples": 169
    },
    "implied_intent_inference": {
      "pressure_gain": 1.8586883155274962,
      "difficulty_bias": 0.34190078125,
      "escalation_bias": 0.2934578125,
      "patience_bias": -0.29127468234713594,
      "hardness_bias": 0.34400078125,
      "samples": 169
    },
    "misunderstanding_repair": {
      "pressure_gain": 1.0,
      "difficulty_bias": 0.0,
      "escalation_bias": 0.0,
      "patience_bias": 0.0,
      "hardness_bias": 0.0,
      "samples": 169
    },
    "uncertainty_signaling": {
      "pressure_gain": 1.95,
      "difficulty_bias": 0.35,
      "escalation_bias": 0.3,
      "patience_bias": -0.3,
      "hardness_bias": 0.35,
      "samples": 169
    },
    "boundary_calibration": {
      "pressure_gain": 1.632259180464693,
      "difficulty_bias": 0.2587434906800705,
      "escalation_bias": 0.22208179437845033,
      "patience_bias": -0.21018973788597967,
      "hardness_bias": 0.2603272031066176,
      "samples": 169
    },
    "framing_selection": {
      "pressure_gain": 1.95,
      "difficulty_bias": 0.35,
      "escalation_bias": 0.3,
      "patience_bias": -0.3,
      "hardness_bias": 0.35,
      "samples": 169
    },
    "emotional_calibration": {
      "pressure_gain": 1.0099282258528282,
      "difficulty_bias": 0.003915724717731627,
      "escalation_bias": 0.003387454130545109,
      "patience_bias": -0.0025487435635980654,
      "hardness_bias": 0.0044439953049181516,
      "samples": 169
    },
    "semantic_precision": {
      "pressure_gain": 1.148540319815379,
      "difficulty_bias": 0.0598928500769983,
      "escalation_bias": 0.05196010586127027,
      "patience_bias": -0.04045825799671586,
      "hardness_bias": 0.06782559429272644,
      "samples": 169
    },
    "adaptive_strategy_selection": {
      "pressure_gain": 1.95,
      "difficulty_bias": 0.35,
      "escalation_bias": 0.3,
      "patience_bias": -0.3,
      "hardness_bias": 0.35,
      "samples": 169
    },
    "compression_elaboration_fit": {
      "pressure_gain": 1.0900321724062398,
      "difficulty_bias": 0.03886072435399669,
      "escalation_bias": 0.03399572281696371,
      "patience_bias": -0.02907143333766347,
      "hardness_bias": 0.043725725891029715,
      "samples": 169
    },
    "perspective_integration": {
      "pressure_gain": 1.95,
      "difficulty_bias": 0.35,
      "escalation_bias": 0.3,
      "patience_bias": -0.3,
      "hardness_bias": 0.35,
      "samples": 169
    },
    "multi_turn_stability": {
      "pressure_gain": 1.2085435709454284,
      "difficulty_bias": 0.09150245908693877,
      "escalation_bias": 0.08020046795409866,
      "patience_bias": -0.06998500684547639,
      "hardness_bias": 0.10280445021977895,
      "samples": 169
    }
  },
  "last_episode_id": "episode_e65333f1e117",
  "last_update_ts": 1783179859.6891637
}