{
  "version": 1,
  "samples": 176,
  "global": {
    "pressure_gain_bias": 0.4,
    "difficulty_bias": 0.35,
    "escalation_bias": 0.3,
    "patience_bias": -0.3,
    "hardness_bias": 0.35,
    "samples": 176
  },
  "axis": {
    "X": {
      "pressure_gain": 1.372134950629884,
      "difficulty_bias": 0.13909824687181827,
      "escalation_bias": 0.11946667180904301,
      "patience_bias": -0.1150004967030573,
      "hardness_bias": 0.14216994418402193,
      "samples": 176
    },
    "T": {
      "pressure_gain": 1.6861484243041966,
      "difficulty_bias": 0.25868572517748734,
      "escalation_bias": 0.22242641110143377,
      "patience_bias": -0.2185139107321068,
      "hardness_bias": 0.26302594778257493,
      "samples": 176
    },
    "N": {
      "pressure_gain": 1.5701741336806734,
      "difficulty_bias": 0.221029158059306,
      "escalation_bias": 0.18990774946141217,
      "patience_bias": -0.18381878360840817,
      "hardness_bias": 0.22370582973616396,
      "samples": 176
    },
    "B": {
      "pressure_gain": 1.9463712680974126,
      "difficulty_bias": 0.3487699020846105,
      "escalation_bias": 0.29895341640998613,
      "patience_bias": -0.2989155200423975,
      "hardness_bias": 0.3488109779376214,
      "samples": 176
    },
    "A": {
      "pressure_gain": 1.600021662847099,
      "difficulty_bias": 0.2265412120075215,
      "escalation_bias": 0.1944032526672851,
      "patience_bias": -0.19207553425559354,
      "hardness_bias": 0.22786798823769774,
      "samples": 176
    }
  },
  "dimensions": {
    "coherence_maintenance": {
      "pressure_gain": 1.9262499999999998,
      "difficulty_bias": 0.34125,
      "escalation_bias": 0.2925,
      "patience_bias": -0.2925,
      "hardness_bias": 0.34125,
      "samples": 176
    },
    "context_carryover": {
      "pressure_gain": 1.8805164062499995,
      "difficulty_bias": 0.32440078125,
      "escalation_bias": 0.2780578125,
      "patience_bias": -0.2780578125,
      "hardness_bias": 0.32440078125,
      "samples": 176
    },
    "ambiguity_handling": {
      "pressure_gain": 1.9262499999999998,
      "difficulty_bias": 0.34125,
      "escalation_bias": 0.2925,
      "patience_bias": -0.2925,
      "hardness_bias": 0.34125,
      "samples": 176
    },
    "contradiction_handling": {
      "pressure_gain": 1.95,
      "difficulty_bias": 0.35,
      "escalation_bias": 0.3,
      "patience_bias": -0.3,
      "hardness_bias": 0.35,
      "samples": 176
    },
    "implied_intent_inference": {
      "pressure_gain": 1.95,
      "difficulty_bias": 0.35,
      "escalation_bias": 0.3,
      "patience_bias": -0.3,
      "hardness_bias": 0.35,
      "samples": 176
    },
    "misunderstanding_repair": {
      "pressure_gain": 1.0,
      "difficulty_bias": 0.0,
      "escalation_bias": 0.0,
      "patience_bias": 0.0,
      "hardness_bias": 0.0,
      "samples": 176
    },
    "uncertainty_signaling": {
      "pressure_gain": 1.95,
      "difficulty_bias": 0.35,
      "escalation_bias": 0.3,
      "patience_bias": -0.3,
      "hardness_bias": 0.35,
      "samples": 176
    },
    "boundary_calibration": {
      "pressure_gain": 1.6282787681037436,
      "difficulty_bias": 0.2603404694636067,
      "escalation_bias": 0.2241544834441248,
      "patience_bias": -0.21108742815217255,
      "hardness_bias": 0.26561939495903203,
      "samples": 176
    },
    "framing_selection": {
      "pressure_gain": 1.9262499999999998,
      "difficulty_bias": 0.34125,
      "escalation_bias": 0.2925,
      "patience_bias": -0.2925,
      "hardness_bias": 0.34125,
      "samples": 176
    },
    "emotional_calibration": {
      "pressure_gain": 1.0083157985126956,
      "difficulty_bias": 0.003279778106031215,
      "escalation_bias": 0.002837303103110607,
      "patience_bias": -0.0021348061828563502,
      "hardness_bias": 0.0037222531089518267,
      "samples": 176
    },
    "semantic_precision": {
      "pressure_gain": 1.124416123173126,
      "difficulty_bias": 0.05016574773523498,
      "escalation_bias": 0.04352134786675736,
      "patience_bias": -0.03388749678569347,
      "hardness_bias": 0.05681014760371268,
      "samples": 176
    },
    "adaptive_strategy_selection": {
      "pressure_gain": 1.9262499999999998,
      "difficulty_bias": 0.34125,
      "escalation_bias": 0.2925,
      "patience_bias": -0.2925,
      "hardness_bias": 0.34125,
      "samples": 176
    },
    "compression_elaboration_fit": {
      "pressure_gain": 1.0754101907519864,
      "difficulty_bias": 0.03254941603621885,
      "escalation_bias": 0.028474531646436645,
      "patience_bias": -0.02434998817461547,
      "hardness_bias": 0.0366243004260011,
      "samples": 176
    },
    "perspective_integration": {
      "pressure_gain": 1.95,
      "difficulty_bias": 0.35,
      "escalation_bias": 0.3,
      "patience_bias": -0.3,
      "hardness_bias": 0.35,
      "samples": 176
    },
    "multi_turn_stability": {
      "pressure_gain": 1.2314885862319422,
      "difficulty_bias": 0.10232321535790351,
      "escalation_bias": 0.08976098451741914,
      "patience_bias": -0.0790241223109631,
      "hardness_bias": 0.11488544619838799,
      "samples": 176
    }
  },
  "last_episode_id": "episode_252f7b41c025",
  "last_update_ts": 1783208043.2728257
}