{
  "version": 1,
  "samples": 278,
  "global": {
    "pressure_gain_bias": 0.4,
    "difficulty_bias": 0.35,
    "escalation_bias": 0.3,
    "patience_bias": -0.3,
    "hardness_bias": 0.35,
    "samples": 278
  },
  "axis": {
    "X": {
      "pressure_gain": 1.2763771396296038,
      "difficulty_bias": 0.10280510409451539,
      "escalation_bias": 0.0882226725650306,
      "patience_bias": -0.08757047000282127,
      "hardness_bias": 0.10347262586852637,
      "samples": 278
    },
    "T": {
      "pressure_gain": 1.4839153905832214,
      "difficulty_bias": 0.18030456387704494,
      "escalation_bias": 0.15479043039871018,
      "patience_bias": -0.15381237743111037,
      "hardness_bias": 0.18164629646055666,
      "samples": 278
    },
    "N": {
      "pressure_gain": 1.4668365218634682,
      "difficulty_bias": 0.17264591633795154,
      "escalation_bias": 0.1480604505565902,
      "patience_bias": -0.14771417514194662,
      "hardness_bias": 0.1730919099357365,
      "samples": 278
    },
    "B": {
      "pressure_gain": 1.6890166965387492,
      "difficulty_bias": 0.25384827218369477,
      "escalation_bias": 0.21758423460581156,
      "patience_bias": -0.21758422865154356,
      "hardness_bias": 0.25384827595597415,
      "samples": 278
    },
    "A": {
      "pressure_gain": 1.4501111448962811,
      "difficulty_bias": 0.166358889416644,
      "escalation_bias": 0.14264642537286826,
      "patience_bias": -0.1424487476424466,
      "hardness_bias": 0.16662962993622846,
      "samples": 278
    }
  },
  "dimensions": {
    "coherence_maintenance": {
      "pressure_gain": 1.95,
      "difficulty_bias": 0.35,
      "escalation_bias": 0.3,
      "patience_bias": -0.3,
      "hardness_bias": 0.35,
      "samples": 278
    },
    "context_carryover": {
      "pressure_gain": 1.5750377985720716,
      "difficulty_bias": 0.23089977362608555,
      "escalation_bias": 0.20021143205341366,
      "patience_bias": -0.19217074074472237,
      "hardness_bias": 0.24296081058912256,
      "samples": 278
    },
    "ambiguity_handling": {
      "pressure_gain": 1.1285547847359527,
      "difficulty_bias": 0.04736228911324707,
      "escalation_bias": 0.04059624781135464,
      "patience_bias": -0.04059624781135464,
      "hardness_bias": 0.04736228911324707,
      "samples": 278
    },
    "contradiction_handling": {
      "pressure_gain": 1.95,
      "difficulty_bias": 0.35,
      "escalation_bias": 0.3,
      "patience_bias": -0.3,
      "hardness_bias": 0.35,
      "samples": 278
    },
    "implied_intent_inference": {
      "pressure_gain": 1.9262499999999998,
      "difficulty_bias": 0.34125,
      "escalation_bias": 0.2925,
      "patience_bias": -0.2925,
      "hardness_bias": 0.34125,
      "samples": 278
    },
    "misunderstanding_repair": {
      "pressure_gain": 1.0,
      "difficulty_bias": 0.0,
      "escalation_bias": 0.0,
      "patience_bias": 0.0,
      "hardness_bias": 0.0,
      "samples": 278
    },
    "uncertainty_signaling": {
      "pressure_gain": 1.418935817893484,
      "difficulty_bias": 0.16070635396075805,
      "escalation_bias": 0.13851573196636405,
      "patience_bias": -0.13582973196636405,
      "hardness_bias": 0.16473535396075809,
      "samples": 278
    },
    "boundary_calibration": {
      "pressure_gain": 1.95,
      "difficulty_bias": 0.35,
      "escalation_bias": 0.3,
      "patience_bias": -0.3,
      "hardness_bias": 0.35,
      "samples": 278
    },
    "framing_selection": {
      "pressure_gain": 1.7102901396545764,
      "difficulty_bias": 0.2639870136190911,
      "escalation_bias": 0.2265521848873523,
      "patience_bias": -0.22558057863889255,
      "hardness_bias": 0.2654444229917807,
      "samples": 278
    },
    "emotional_calibration": {
      "pressure_gain": 1.0006286005538267,
      "difficulty_bias": 0.00024792211243924604,
      "escalation_bias": 0.00021447492977042144,
      "patience_bias": -0.00016137239819024313,
      "hardness_bias": 0.00028136929510807167,
      "samples": 278
    },
    "semantic_precision": {
      "pressure_gain": 1.0094047545539286,
      "difficulty_bias": 0.0037920852412981617,
      "escalation_bias": 0.0032898275890945526,
      "patience_bias": -0.002561593960560251,
      "hardness_bias": 0.004294342893501767,
      "samples": 278
    },
    "adaptive_strategy_selection": {
      "pressure_gain": 1.378362529593326,
      "difficulty_bias": 0.14373132669227898,
      "escalation_bias": 0.12372118478385816,
      "patience_bias": -0.12189101811719148,
      "hardness_bias": 0.14647657669227898,
      "samples": 278
    },
    "compression_elaboration_fit": {
      "pressure_gain": 1.0082901468934589,
      "difficulty_bias": 0.003634282246410556,
      "escalation_bias": 0.003185069445669804,
      "patience_bias": -0.0027764364854136036,
      "hardness_bias": 0.004083495047151305,
      "samples": 278
    },
    "perspective_integration": {
      "pressure_gain": 1.95,
      "difficulty_bias": 0.35,
      "escalation_bias": 0.3,
      "patience_bias": -0.3,
      "hardness_bias": 0.35,
      "samples": 278
    },
    "multi_turn_stability": {
      "pressure_gain": 1.0250232541422095,
      "difficulty_bias": 0.011137785679723877,
      "escalation_bias": 0.009778134702742719,
      "patience_bias": -0.00867906158963599,
      "hardness_bias": 0.01249743665670507,
      "samples": 278
    }
  },
  "last_episode_id": "episode_fa59e435c26c",
  "last_update_ts": 1783886869.2608423
}