{
  "version": 1,
  "samples": 193,
  "global": {
    "pressure_gain_bias": 0.4,
    "difficulty_bias": 0.35,
    "escalation_bias": 0.3,
    "patience_bias": -0.3,
    "hardness_bias": 0.35,
    "samples": 193
  },
  "axis": {
    "X": {
      "pressure_gain": 1.353562347856349,
      "difficulty_bias": 0.13154472794616837,
      "escalation_bias": 0.11290743422426547,
      "patience_bias": -0.1099970753299589,
      "hardness_bias": 0.13354174318014755,
      "samples": 193
    },
    "T": {
      "pressure_gain": 1.6730501074806785,
      "difficulty_bias": 0.2567106467723922,
      "escalation_bias": 0.2210900832050186,
      "patience_bias": -0.2163670647221458,
      "hardness_bias": 0.2627258860321502,
      "samples": 193
    },
    "N": {
      "pressure_gain": 1.5457990243410027,
      "difficulty_bias": 0.21300083161053693,
      "escalation_bias": 0.18331181997528415,
      "patience_bias": -0.17738998755393243,
      "hardness_bias": 0.21715830844938117,
      "samples": 193
    },
    "B": {
      "pressure_gain": 1.9459467644494854,
      "difficulty_bias": 0.3486273485040926,
      "escalation_bias": 0.29883356119395676,
      "patience_bias": -0.2987874065852967,
      "hardness_bias": 0.3486565893926033,
      "samples": 193
    },
    "A": {
      "pressure_gain": 1.6264058817821092,
      "difficulty_bias": 0.23172751998432922,
      "escalation_bias": 0.19866112404870614,
      "patience_bias": -0.1982644271827543,
      "hardness_bias": 0.23194878886698372,
      "samples": 193
    }
  },
  "dimensions": {
    "coherence_maintenance": {
      "pressure_gain": 1.95,
      "difficulty_bias": 0.35,
      "escalation_bias": 0.3,
      "patience_bias": -0.3,
      "hardness_bias": 0.35,
      "samples": 193
    },
    "context_carryover": {
      "pressure_gain": 1.7786675960431522,
      "difficulty_bias": 0.2993736207848569,
      "escalation_bias": 0.2581134249432755,
      "patience_bias": -0.252837299996382,
      "hardness_bias": 0.3071981812817917,
      "samples": 193
    },
    "ambiguity_handling": {
      "pressure_gain": 1.95,
      "difficulty_bias": 0.35,
      "escalation_bias": 0.3,
      "patience_bias": -0.3,
      "hardness_bias": 0.35,
      "samples": 193
    },
    "contradiction_handling": {
      "pressure_gain": 1.95,
      "difficulty_bias": 0.35,
      "escalation_bias": 0.3,
      "patience_bias": -0.3,
      "hardness_bias": 0.35,
      "samples": 193
    },
    "implied_intent_inference": {
      "pressure_gain": 1.95,
      "difficulty_bias": 0.35,
      "escalation_bias": 0.3,
      "patience_bias": -0.3,
      "hardness_bias": 0.35,
      "samples": 193
    },
    "misunderstanding_repair": {
      "pressure_gain": 1.0,
      "difficulty_bias": 0.0,
      "escalation_bias": 0.0,
      "patience_bias": 0.0,
      "hardness_bias": 0.0,
      "samples": 193
    },
    "uncertainty_signaling": {
      "pressure_gain": 1.95,
      "difficulty_bias": 0.35,
      "escalation_bias": 0.3,
      "patience_bias": -0.3,
      "hardness_bias": 0.35,
      "samples": 193
    },
    "boundary_calibration": {
      "pressure_gain": 1.5823257494276937,
      "difficulty_bias": 0.24653155361983772,
      "escalation_bias": 0.21338950709704277,
      "patience_bias": -0.19925080944056503,
      "hardness_bias": 0.25743447459004265,
      "samples": 193
    },
    "framing_selection": {
      "pressure_gain": 1.95,
      "difficulty_bias": 0.35,
      "escalation_bias": 0.3,
      "patience_bias": -0.3,
      "hardness_bias": 0.35,
      "samples": 193
    },
    "emotional_calibration": {
      "pressure_gain": 1.0054073244010562,
      "difficulty_bias": 0.002132666412698632,
      "escalation_bias": 0.0018449482968138362,
      "patience_bias": -0.0013881516665492932,
      "hardness_bias": 0.002420384528583433,
      "samples": 193
    },
    "semantic_precision": {
      "pressure_gain": 1.0809012312758488,
      "difficulty_bias": 0.03262013520552172,
      "escalation_bias": 0.02829963303313891,
      "patience_bias": -0.022035248687215157,
      "hardness_bias": 0.03694063737790457,
      "samples": 193
    },
    "adaptive_strategy_selection": {
      "pressure_gain": 1.95,
      "difficulty_bias": 0.35,
      "escalation_bias": 0.3,
      "patience_bias": -0.3,
      "hardness_bias": 0.35,
      "samples": 193
    },
    "compression_elaboration_fit": {
      "pressure_gain": 1.0713131945435284,
      "difficulty_bias": 0.03126268812785326,
      "escalation_bias": 0.027398486411966193,
      "patience_bias": -0.023883359096835824,
      "hardness_bias": 0.035126889843740336,
      "samples": 193
    },
    "perspective_integration": {
      "pressure_gain": 1.95,
      "difficulty_bias": 0.35,
      "escalation_bias": 0.3,
      "patience_bias": -0.3,
      "hardness_bias": 0.35,
      "samples": 193
    },
    "multi_turn_stability": {
      "pressure_gain": 1.2152541099318006,
      "difficulty_bias": 0.09580904743542669,
      "escalation_bias": 0.08411310816211479,
      "patience_bias": -0.07465870213773397,
      "hardness_bias": 0.10750498670873872,
      "samples": 193
    }
  },
  "last_episode_id": "episode_b639f30f065a",
  "last_update_ts": 1783338772.6085777
}