{
  "version": 1,
  "samples": 378,
  "global": {
    "pressure_gain_bias": 0.4,
    "difficulty_bias": 0.35,
    "escalation_bias": 0.3,
    "patience_bias": -0.3,
    "hardness_bias": 0.35,
    "samples": 378
  },
  "axis": {
    "X": {
      "pressure_gain": 1.3169602984700928,
      "difficulty_bias": 0.11679175255636795,
      "escalation_bias": 0.10010903588003828,
      "patience_bias": -0.1000805169687401,
      "hardness_bias": 0.11681209484785492,
      "samples": 378
    },
    "T": {
      "pressure_gain": 1.446992671580457,
      "difficulty_bias": 0.17128018304007891,
      "escalation_bias": 0.1476076108438801,
      "patience_bias": -0.144811565112362,
      "hardness_bias": 0.17546428796662006,
      "samples": 378
    },
    "N": {
      "pressure_gain": 1.3943523345136772,
      "difficulty_bias": 0.15045780441126652,
      "escalation_bias": 0.12958752720780461,
      "patience_bias": -0.12739895322058498,
      "hardness_bias": 0.15373502337257416,
      "samples": 378
    },
    "B": {
      "pressure_gain": 1.6377630082053127,
      "difficulty_bias": 0.2349653188128973,
      "escalation_bias": 0.2013988446968038,
      "patience_bias": -0.20139884469664565,
      "hardness_bias": 0.23496531881299754,
      "samples": 378
    },
    "A": {
      "pressure_gain": 1.3719811408551472,
      "difficulty_bias": 0.14042835709663837,
      "escalation_bias": 0.12077523150667144,
      "patience_bias": -0.11934699220829333,
      "hardness_bias": 0.14257071337929625,
      "samples": 378
    }
  },
  "dimensions": {
    "coherence_maintenance": {
      "pressure_gain": 1.95,
      "difficulty_bias": 0.35,
      "escalation_bias": 0.3,
      "patience_bias": -0.3,
      "hardness_bias": 0.35,
      "samples": 378
    },
    "context_carryover": {
      "pressure_gain": 1.3254972037386104,
      "difficulty_bias": 0.13715836307680518,
      "escalation_bias": 0.11964385706449325,
      "patience_bias": -0.11236544656918218,
      "hardness_bias": 0.14807597881977197,
      "samples": 378
    },
    "ambiguity_handling": {
      "pressure_gain": 1.0102223280809715,
      "difficulty_bias": 0.0037661208719379294,
      "escalation_bias": 0.0032281036045182245,
      "patience_bias": -0.0032281036045182245,
      "hardness_bias": 0.0037661208719379294,
      "samples": 378
    },
    "contradiction_handling": {
      "pressure_gain": 1.95,
      "difficulty_bias": 0.35,
      "escalation_bias": 0.3,
      "patience_bias": -0.3,
      "hardness_bias": 0.35,
      "samples": 378
    },
    "implied_intent_inference": {
      "pressure_gain": 1.95,
      "difficulty_bias": 0.35,
      "escalation_bias": 0.3,
      "patience_bias": -0.3,
      "hardness_bias": 0.35,
      "samples": 378
    },
    "misunderstanding_repair": {
      "pressure_gain": 1.0,
      "difficulty_bias": 0.0,
      "escalation_bias": 0.0,
      "patience_bias": 0.0,
      "hardness_bias": 0.0,
      "samples": 378
    },
    "uncertainty_signaling": {
      "pressure_gain": 1.1926644924316063,
      "difficulty_bias": 0.08403135305017262,
      "escalation_bias": 0.0736011233187639,
      "patience_bias": -0.06809125085360816,
      "hardness_bias": 0.09229616174790632,
      "samples": 378
    },
    "boundary_calibration": {
      "pressure_gain": 1.95,
      "difficulty_bias": 0.35,
      "escalation_bias": 0.3,
      "patience_bias": -0.3,
      "hardness_bias": 0.35,
      "samples": 378
    },
    "framing_selection": {
      "pressure_gain": 1.95,
      "difficulty_bias": 0.35,
      "escalation_bias": 0.3,
      "patience_bias": -0.3,
      "hardness_bias": 0.35,
      "samples": 378
    },
    "emotional_calibration": {
      "pressure_gain": 1.0000499846124444,
      "difficulty_bias": 1.9714094477989093e-05,
      "escalation_bias": 1.705446515865054e-05,
      "patience_bias": -1.2831895762592436e-05,
      "hardness_bias": 2.2373723797327724e-05,
      "samples": 378
    },
    "semantic_precision": {
      "pressure_gain": 1.0007478405939418,
      "difficulty_bias": 0.0003015363413130792,
      "escalation_bias": 0.0002615981739974817,
      "patience_bias": -0.00020369100947018623,
      "hardness_bias": 0.00034147450862867583,
      "samples": 378
    },
    "adaptive_strategy_selection": {
      "pressure_gain": 1.1379400998043516,
      "difficulty_bias": 0.0594157968068971,
      "escalation_bias": 0.05196477466432802,
      "patience_bias": -0.04833545375987125,
      "hardness_bias": 0.06485977816358232,
      "samples": 378
    },
    "compression_elaboration_fit": {
      "pressure_gain": 1.000659210013522,
      "difficulty_bias": 0.0002889882748275361,
      "escalation_bias": 0.00025326809034138836,
      "patience_bias": -0.0002207747047935979,
      "hardness_bias": 0.00032470845931368344,
      "samples": 378
    },
    "perspective_integration": {
      "pressure_gain": 1.95,
      "difficulty_bias": 0.35,
      "escalation_bias": 0.3,
      "patience_bias": -0.3,
      "hardness_bias": 0.35,
      "samples": 378
    },
    "multi_turn_stability": {
      "pressure_gain": 1.0019897813529097,
      "difficulty_bias": 0.0008856465323135588,
      "escalation_bias": 0.0007775307714660251,
      "patience_bias": -0.0006901354561517721,
      "hardness_bias": 0.0009937622931610937,
      "samples": 378
    }
  },
  "last_episode_id": "episode_cd58c5ab8bd5",
  "last_update_ts": 1784553032.6616666
}