{
  "version": 1,
  "samples": 309,
  "global": {
    "pressure_gain_bias": 0.4,
    "difficulty_bias": 0.35,
    "escalation_bias": 0.3,
    "patience_bias": -0.3,
    "hardness_bias": 0.35,
    "samples": 309
  },
  "axis": {
    "X": {
      "pressure_gain": 1.2460137761332284,
      "difficulty_bias": 0.09717994980161264,
      "escalation_bias": 0.08386765495725747,
      "patience_bias": -0.08142071206877975,
      "hardness_bias": 0.09999089024460046,
      "samples": 309
    },
    "T": {
      "pressure_gain": 1.5879325487441038,
      "difficulty_bias": 0.2194304367156977,
      "escalation_bias": 0.1884167631446373,
      "patience_bias": -0.18719212798806895,
      "hardness_bias": 0.22120038723713883,
      "samples": 309
    },
    "N": {
      "pressure_gain": 1.4964940383201089,
      "difficulty_bias": 0.19129778885856202,
      "escalation_bias": 0.1649803022895041,
      "patience_bias": -0.1614101861753831,
      "hardness_bias": 0.19662050126774663,
      "samples": 309
    },
    "B": {
      "pressure_gain": 1.6587452820582353,
      "difficulty_bias": 0.24269563082578616,
      "escalation_bias": 0.20802482647190995,
      "patience_bias": -0.2080248262447425,
      "hardness_bias": 0.24269563096970634,
      "samples": 309
    },
    "A": {
      "pressure_gain": 1.4528923953094723,
      "difficulty_bias": 0.17208821581201122,
      "escalation_bias": 0.14813507563265466,
      "patience_bias": -0.1459265059789411,
      "hardness_bias": 0.1753972424922867,
      "samples": 309
    }
  },
  "dimensions": {
    "coherence_maintenance": {
      "pressure_gain": 1.95,
      "difficulty_bias": 0.35,
      "escalation_bias": 0.3,
      "patience_bias": -0.3,
      "hardness_bias": 0.35,
      "samples": 309
    },
    "context_carryover": {
      "pressure_gain": 1.73911498120815,
      "difficulty_bias": 0.2827593143861795,
      "escalation_bias": 0.2436262193461243,
      "patience_bias": -0.23921239479322776,
      "hardness_bias": 0.2893800512155245,
      "samples": 309
    },
    "ambiguity_handling": {
      "pressure_gain": 1.0586450461154642,
      "difficulty_bias": 0.021606069621488453,
      "escalation_bias": 0.0185194882469901,
      "patience_bias": -0.0185194882469901,
      "hardness_bias": 0.021606069621488453,
      "samples": 309
    },
    "contradiction_handling": {
      "pressure_gain": 1.95,
      "difficulty_bias": 0.35,
      "escalation_bias": 0.3,
      "patience_bias": -0.3,
      "hardness_bias": 0.35,
      "samples": 309
    },
    "implied_intent_inference": {
      "pressure_gain": 1.95,
      "difficulty_bias": 0.35,
      "escalation_bias": 0.3,
      "patience_bias": -0.3,
      "hardness_bias": 0.35,
      "samples": 309
    },
    "misunderstanding_repair": {
      "pressure_gain": 1.0,
      "difficulty_bias": 0.0,
      "escalation_bias": 0.0,
      "patience_bias": 0.0,
      "hardness_bias": 0.0,
      "samples": 309
    },
    "uncertainty_signaling": {
      "pressure_gain": 1.50609643212976,
      "difficulty_bias": 0.21258032903209703,
      "escalation_bias": 0.1853631469589499,
      "patience_bias": -0.17433311969891654,
      "hardness_bias": 0.22912536992214722,
      "samples": 309
    },
    "boundary_calibration": {
      "pressure_gain": 1.95,
      "difficulty_bias": 0.35,
      "escalation_bias": 0.3,
      "patience_bias": -0.3,
      "hardness_bias": 0.35,
      "samples": 309
    },
    "framing_selection": {
      "pressure_gain": 1.8842022336624087,
      "difficulty_bias": 0.35,
      "escalation_bias": 0.3,
      "patience_bias": -0.29915599491833356,
      "hardness_bias": 0.35,
      "samples": 309
    },
    "emotional_calibration": {
      "pressure_gain": 1.0002867595207985,
      "difficulty_bias": 0.00011309889201640403,
      "escalation_bias": 9.784071571379078e-05,
      "patience_bias": -7.361602100667373e-05,
      "hardness_bias": 0.00012835706831901782,
      "samples": 309
    },
    "semantic_precision": {
      "pressure_gain": 1.0042903285603286,
      "difficulty_bias": 0.001729900713586727,
      "escalation_bias": 0.0015007772061589296,
      "patience_bias": -0.0011685663528954952,
      "hardness_bias": 0.0019590242210145215,
      "samples": 309
    },
    "adaptive_strategy_selection": {
      "pressure_gain": 1.3776823518176542,
      "difficulty_bias": 0.15548758410586364,
      "escalation_bias": 0.13524642215605964,
      "patience_bias": -0.12834669692744183,
      "hardness_bias": 0.16583717194879055,
      "samples": 309
    },
    "compression_elaboration_fit": {
      "pressure_gain": 1.0037818588228302,
      "difficulty_bias": 0.0016579130086455944,
      "escalation_bias": 0.0014529878829942279,
      "patience_bias": -0.001266574760777528,
      "hardness_bias": 0.0018628381342969602,
      "samples": 309
    },
    "perspective_integration": {
      "pressure_gain": 1.95,
      "difficulty_bias": 0.35,
      "escalation_bias": 0.3,
      "patience_bias": -0.3,
      "hardness_bias": 0.35,
      "samples": 309
    },
    "multi_turn_stability": {
      "pressure_gain": 1.011415288012367,
      "difficulty_bias": 0.005080915161214706,
      "escalation_bias": 0.004460659801526796,
      "patience_bias": -0.003959276725550258,
      "hardness_bias": 0.005701170520902625,
      "samples": 309
    }
  },
  "last_episode_id": "episode_10055be2b6fd",
  "last_update_ts": 1784087358.9429932
}