{
  "version": 1,
  "samples": 403,
  "global": {
    "pressure_gain_bias": 0.4,
    "difficulty_bias": 0.35,
    "escalation_bias": 0.3,
    "patience_bias": -0.3,
    "hardness_bias": 0.35,
    "samples": 403
  },
  "axis": {
    "X": {
      "pressure_gain": 1.317712943954799,
      "difficulty_bias": 0.11713338983723445,
      "escalation_bias": 0.10040983453649664,
      "patience_bias": -0.1003639027853459,
      "hardness_bias": 0.11719058661335399,
      "samples": 403
    },
    "T": {
      "pressure_gain": 1.7202488654111683,
      "difficulty_bias": 0.27875076237594615,
      "escalation_bias": 0.2404002582459149,
      "patience_bias": -0.235139996153872,
      "hardness_bias": 0.2863826297880912,
      "samples": 403
    },
    "N": {
      "pressure_gain": 1.5188033560668024,
      "difficulty_bias": 0.20050137541833277,
      "escalation_bias": 0.1727145536729053,
      "patience_bias": -0.16951979285303592,
      "hardness_bias": 0.20458122591026207,
      "samples": 403
    },
    "B": {
      "pressure_gain": 1.811079200652565,
      "difficulty_bias": 0.3129656369775021,
      "escalation_bias": 0.26944857397261734,
      "patience_bias": -0.2648247200280039,
      "hardness_bias": 0.3180757875805619,
      "samples": 403
    },
    "A": {
      "pressure_gain": 1.4240933180571267,
      "difficulty_bias": 0.16521153081072024,
      "escalation_bias": 0.14268353308156928,
      "patience_bias": -0.1389257597056279,
      "hardness_bias": 0.17084819068331902,
      "samples": 403
    }
  },
  "dimensions": {
    "coherence_maintenance": {
      "pressure_gain": 1.95,
      "difficulty_bias": 0.35,
      "escalation_bias": 0.3,
      "patience_bias": -0.3,
      "hardness_bias": 0.35,
      "samples": 403
    },
    "context_carryover": {
      "pressure_gain": 1.9262499999999998,
      "difficulty_bias": 0.34125,
      "escalation_bias": 0.2925,
      "patience_bias": -0.2925,
      "hardness_bias": 0.34125,
      "samples": 403
    },
    "ambiguity_handling": {
      "pressure_gain": 1.8624376006319756,
      "difficulty_bias": 0.35,
      "escalation_bias": 0.3,
      "patience_bias": -0.3,
      "hardness_bias": 0.35,
      "samples": 403
    },
    "contradiction_handling": {
      "pressure_gain": 1.95,
      "difficulty_bias": 0.35,
      "escalation_bias": 0.3,
      "patience_bias": -0.3,
      "hardness_bias": 0.35,
      "samples": 403
    },
    "implied_intent_inference": {
      "pressure_gain": 1.95,
      "difficulty_bias": 0.35,
      "escalation_bias": 0.3,
      "patience_bias": -0.3,
      "hardness_bias": 0.35,
      "samples": 403
    },
    "misunderstanding_repair": {
      "pressure_gain": 1.0,
      "difficulty_bias": 0.0,
      "escalation_bias": 0.0,
      "patience_bias": 0.0,
      "hardness_bias": 0.0,
      "samples": 403
    },
    "uncertainty_signaling": {
      "pressure_gain": 1.95,
      "difficulty_bias": 0.35,
      "escalation_bias": 0.3,
      "patience_bias": -0.3,
      "hardness_bias": 0.35,
      "samples": 403
    },
    "boundary_calibration": {
      "pressure_gain": 1.7444953125356866,
      "difficulty_bias": 0.28783177029503865,
      "escalation_bias": 0.248346828175785,
      "patience_bias": -0.2426282404456535,
      "hardness_bias": 0.2964096518902359,
      "samples": 403
    },
    "framing_selection": {
      "pressure_gain": 1.95,
      "difficulty_bias": 0.35,
      "escalation_bias": 0.3,
      "patience_bias": -0.3,
      "hardness_bias": 0.35,
      "samples": 403
    },
    "emotional_calibration": {
      "pressure_gain": 1.0000265431047883,
      "difficulty_bias": 1.0468687261287465e-05,
      "escalation_bias": 9.056356220356682e-06,
      "patience_bias": -6.8140641132669715e-06,
      "hardness_bias": 1.1881018302218296e-05,
      "samples": 403
    },
    "semantic_precision": {
      "pressure_gain": 1.026389980203913,
      "difficulty_bias": 0.011974536103479297,
      "escalation_bias": 0.010535547292116853,
      "patience_bias": -0.009559184093334148,
      "hardness_bias": 0.013413524914841742,
      "samples": 403
    },
    "adaptive_strategy_selection": {
      "pressure_gain": 1.3859217725029727,
      "difficulty_bias": 0.1729330695489245,
      "escalation_bias": 0.15193803366992711,
      "patience_bias": -0.13895412447195554,
      "hardness_bias": 0.192408933345882,
      "samples": 403
    },
    "compression_elaboration_fit": {
      "pressure_gain": 1.0003500573398774,
      "difficulty_bias": 0.00015346014876444194,
      "escalation_bias": 0.0001344918192416995,
      "patience_bias": -0.00011723700230146169,
      "hardness_bias": 0.00017242847828718413,
      "samples": 403
    },
    "perspective_integration": {
      "pressure_gain": 1.9091054493164055,
      "difficulty_bias": 0.3411401020507812,
      "escalation_bias": 0.29301781250000003,
      "patience_bias": -0.2905339955078125,
      "hardness_bias": 0.34344078125,
      "samples": 403
    },
    "multi_turn_stability": {
      "pressure_gain": 1.5210409153390199,
      "difficulty_bias": 0.23681890838951264,
      "escalation_bias": 0.2083988919657891,
      "patience_bias": -0.18943765254179,
      "hardness_bias": 0.26523892481323624,
      "samples": 403
    }
  },
  "last_episode_id": "episode_5dba92e28bda",
  "last_update_ts": 1784809088.9700027
}