{
  "version": 1,
  "samples": 344,
  "global": {
    "pressure_gain_bias": 0.4,
    "difficulty_bias": 0.35,
    "escalation_bias": 0.3,
    "patience_bias": -0.3,
    "hardness_bias": 0.35,
    "samples": 344
  },
  "axis": {
    "X": {
      "pressure_gain": 1.315611362739316,
      "difficulty_bias": 0.11648813000297266,
      "escalation_bias": 0.09986442244885327,
      "patience_bias": -0.09974336355206449,
      "hardness_bias": 0.11659949824379429,
      "samples": 344
    },
    "T": {
      "pressure_gain": 1.5143059367933551,
      "difficulty_bias": 0.1963349456375263,
      "escalation_bias": 0.1691137273324785,
      "patience_bias": -0.1661969663017754,
      "hardness_bias": 0.20068629139910954,
      "samples": 344
    },
    "N": {
      "pressure_gain": 1.4416921515720513,
      "difficulty_bias": 0.17014538639313612,
      "escalation_bias": 0.14673361494152573,
      "patience_bias": -0.1435887768104531,
      "hardness_bias": 0.1748492976462975,
      "samples": 344
    },
    "B": {
      "pressure_gain": 1.6438097808217946,
      "difficulty_bias": 0.23719307715973603,
      "escalation_bias": 0.2033083518524491,
      "patience_bias": -0.20330835184676274,
      "hardness_bias": 0.23719307716333854,
      "samples": 344
    },
    "A": {
      "pressure_gain": 1.4069280312197614,
      "difficulty_bias": 0.1546680595491592,
      "escalation_bias": 0.13314529110233259,
      "patience_bias": -0.1311409395679849,
      "hardness_bias": 0.15767449103488695,
      "samples": 344
    }
  },
  "dimensions": {
    "coherence_maintenance": {
      "pressure_gain": 1.95,
      "difficulty_bias": 0.35,
      "escalation_bias": 0.3,
      "patience_bias": -0.3,
      "hardness_bias": 0.35,
      "samples": 344
    },
    "context_carryover": {
      "pressure_gain": 1.5340009497529186,
      "difficulty_bias": 0.21845761493634858,
      "escalation_bias": 0.18986962572652202,
      "patience_bias": -0.18069878049274046,
      "hardness_bias": 0.23221388278702104,
      "samples": 344
    },
    "ambiguity_handling": {
      "pressure_gain": 1.024176469534923,
      "difficulty_bias": 0.008907120354973368,
      "escalation_bias": 0.007634674589977172,
      "patience_bias": -0.007634674589977172,
      "hardness_bias": 0.008907120354973368,
      "samples": 344
    },
    "contradiction_handling": {
      "pressure_gain": 1.95,
      "difficulty_bias": 0.35,
      "escalation_bias": 0.3,
      "patience_bias": -0.3,
      "hardness_bias": 0.35,
      "samples": 344
    },
    "implied_intent_inference": {
      "pressure_gain": 1.95,
      "difficulty_bias": 0.35,
      "escalation_bias": 0.3,
      "patience_bias": -0.3,
      "hardness_bias": 0.35,
      "samples": 344
    },
    "misunderstanding_repair": {
      "pressure_gain": 1.0,
      "difficulty_bias": 0.0,
      "escalation_bias": 0.0,
      "patience_bias": 0.0,
      "hardness_bias": 0.0,
      "samples": 344
    },
    "uncertainty_signaling": {
      "pressure_gain": 1.3317677243943156,
      "difficulty_bias": 0.14283688436880151,
      "escalation_bias": 0.1249174991875251,
      "patience_bias": -0.11621690513759196,
      "hardness_bias": 0.15588777544370142,
      "samples": 344
    },
    "boundary_calibration": {
      "pressure_gain": 1.95,
      "difficulty_bias": 0.35,
      "escalation_bias": 0.3,
      "patience_bias": -0.3,
      "hardness_bias": 0.35,
      "samples": 344
    },
    "framing_selection": {
      "pressure_gain": 1.95,
      "difficulty_bias": 0.35,
      "escalation_bias": 0.3,
      "patience_bias": -0.3,
      "hardness_bias": 0.35,
      "samples": 344
    },
    "emotional_calibration": {
      "pressure_gain": 1.0001182168533849,
      "difficulty_bias": 4.662511325994924e-05,
      "escalation_bias": 4.033491725921004e-05,
      "patience_bias": -3.0348266512505957e-05,
      "hardness_bias": 5.2915309260688616e-05,
      "samples": 344
    },
    "semantic_precision": {
      "pressure_gain": 1.0017686915537467,
      "difficulty_bias": 0.0007131530226463189,
      "escalation_bias": 0.0006186966641986304,
      "patience_bias": -0.0004817424608157589,
      "hardness_bias": 0.0008076093810940058,
      "samples": 344
    },
    "adaptive_strategy_selection": {
      "pressure_gain": 1.241039581727696,
      "difficulty_bias": 0.10217950357774615,
      "escalation_bias": 0.0891959776436762,
      "patience_bias": -0.08354856662404792,
      "hardness_bias": 0.1106506201071887,
      "samples": 344
    },
    "compression_elaboration_fit": {
      "pressure_gain": 1.001559074477245,
      "difficulty_bias": 0.0006834760307999503,
      "escalation_bias": 0.000598995475571182,
      "patience_bias": -0.0005221465093122222,
      "hardness_bias": 0.0007679565860287182,
      "samples": 344
    },
    "perspective_integration": {
      "pressure_gain": 1.95,
      "difficulty_bias": 0.35,
      "escalation_bias": 0.3,
      "patience_bias": -0.3,
      "hardness_bias": 0.35,
      "samples": 344
    },
    "multi_turn_stability": {
      "pressure_gain": 1.004705962074272,
      "difficulty_bias": 0.0020946115442180345,
      "escalation_bias": 0.0018389107510454112,
      "patience_bias": -0.0016322151567098172,
      "hardness_bias": 0.002350312337390661,
      "samples": 344
    }
  },
  "last_episode_id": "episode_617ea062c841",
  "last_update_ts": 1784298824.872324
}