{
  "version": 1,
  "samples": 208,
  "global": {
    "pressure_gain_bias": 0.4,
    "difficulty_bias": 0.35,
    "escalation_bias": 0.3,
    "patience_bias": -0.3,
    "hardness_bias": 0.35,
    "samples": 208
  },
  "axis": {
    "X": {
      "pressure_gain": 1.3164573889902504,
      "difficulty_bias": 0.11746634389022846,
      "escalation_bias": 0.10079116761374665,
      "patience_bias": -0.09879939258065934,
      "hardness_bias": 0.11883228635134022,
      "samples": 208
    },
    "T": {
      "pressure_gain": 1.6712406785482137,
      "difficulty_bias": 0.2542033634278359,
      "escalation_bias": 0.21869802066493413,
      "patience_bias": -0.21509192400932148,
      "hardness_bias": 0.25866596844869677,
      "samples": 208
    },
    "N": {
      "pressure_gain": 1.5562656373833317,
      "difficulty_bias": 0.21904932115575648,
      "escalation_bias": 0.18869777856809597,
      "patience_bias": -0.18260015637241925,
      "hardness_bias": 0.22384104248682665,
      "samples": 208
    },
    "B": {
      "pressure_gain": 1.9232762482723897,
      "difficulty_bias": 0.3401792471611002,
      "escalation_bias": 0.2915842953921882,
      "patience_bias": -0.29157479256755975,
      "hardness_bias": 0.34018526760073914,
      "samples": 208
    },
    "A": {
      "pressure_gain": 1.6060379291239266,
      "difficulty_bias": 0.2234719883118709,
      "escalation_bias": 0.19155514677770813,
      "patience_bias": -0.19147347041087892,
      "hardness_bias": 0.22351754561261797,
      "samples": 208
    }
  },
  "dimensions": {
    "coherence_maintenance": {
      "pressure_gain": 1.95,
      "difficulty_bias": 0.35,
      "escalation_bias": 0.3,
      "patience_bias": -0.3,
      "hardness_bias": 0.35,
      "samples": 208
    },
    "context_carryover": {
      "pressure_gain": 1.95,
      "difficulty_bias": 0.35,
      "escalation_bias": 0.3,
      "patience_bias": -0.3,
      "hardness_bias": 0.35,
      "samples": 208
    },
    "ambiguity_handling": {
      "pressure_gain": 1.7564237331421688,
      "difficulty_bias": 0.27868242799974685,
      "escalation_bias": 0.23887065257121157,
      "patience_bias": -0.23887065257121157,
      "hardness_bias": 0.27868242799974685,
      "samples": 208
    },
    "contradiction_handling": {
      "pressure_gain": 1.95,
      "difficulty_bias": 0.35,
      "escalation_bias": 0.3,
      "patience_bias": -0.3,
      "hardness_bias": 0.35,
      "samples": 208
    },
    "implied_intent_inference": {
      "pressure_gain": 1.7564237331421688,
      "difficulty_bias": 0.27868242799974685,
      "escalation_bias": 0.23887065257121157,
      "patience_bias": -0.23887065257121157,
      "hardness_bias": 0.27868242799974685,
      "samples": 208
    },
    "misunderstanding_repair": {
      "pressure_gain": 1.0,
      "difficulty_bias": 0.0,
      "escalation_bias": 0.0,
      "patience_bias": 0.0,
      "hardness_bias": 0.0,
      "samples": 208
    },
    "uncertainty_signaling": {
      "pressure_gain": 1.95,
      "difficulty_bias": 0.35,
      "escalation_bias": 0.3,
      "patience_bias": -0.3,
      "hardness_bias": 0.35,
      "samples": 208
    },
    "boundary_calibration": {
      "pressure_gain": 1.836857592204186,
      "difficulty_bias": 0.35,
      "escalation_bias": 0.3,
      "patience_bias": -0.29357005434404,
      "hardness_bias": 0.35,
      "samples": 208
    },
    "framing_selection": {
      "pressure_gain": 1.7564237331421688,
      "difficulty_bias": 0.27868242799974685,
      "escalation_bias": 0.23887065257121157,
      "patience_bias": -0.23887065257121157,
      "hardness_bias": 0.27868242799974685,
      "samples": 208
    },
    "emotional_calibration": {
      "pressure_gain": 1.0036987217438764,
      "difficulty_bias": 0.0014587879416932711,
      "escalation_bias": 0.0012619827988165934,
      "patience_bias": -0.0009495244546197505,
      "hardness_bias": 0.0016555930845699536,
      "samples": 208
    },
    "semantic_precision": {
      "pressure_gain": 1.0553381156802704,
      "difficulty_bias": 0.022312847246468846,
      "escalation_bias": 0.019357534388535134,
      "patience_bias": -0.01507256591360046,
      "hardness_bias": 0.025268160104402578,
      "samples": 208
    },
    "adaptive_strategy_selection": {
      "pressure_gain": 1.95,
      "difficulty_bias": 0.35,
      "escalation_bias": 0.3,
      "patience_bias": -0.3,
      "hardness_bias": 0.35,
      "samples": 208
    },
    "compression_elaboration_fit": {
      "pressure_gain": 1.0487797002214165,
      "difficulty_bias": 0.02138432536578532,
      "escalation_bias": 0.018741131458926957,
      "patience_bias": -0.01633671166298701,
      "hardness_bias": 0.024027519272643686,
      "samples": 208
    },
    "perspective_integration": {
      "pressure_gain": 1.95,
      "difficulty_bias": 0.35,
      "escalation_bias": 0.3,
      "patience_bias": -0.3,
      "hardness_bias": 0.35,
      "samples": 208
    },
    "multi_turn_stability": {
      "pressure_gain": 1.147238263846001,
      "difficulty_bias": 0.06553537031000703,
      "escalation_bias": 0.057535105909962234,
      "patience_bias": -0.05106809661956554,
      "hardness_bias": 0.07353563471005194,
      "samples": 208
    }
  },
  "last_episode_id": "episode_9fd641e5a40b",
  "last_update_ts": 1783459289.196822
}