{
  "version": 1,
  "samples": 245,
  "global": {
    "pressure_gain_bias": 0.4,
    "difficulty_bias": 0.35,
    "escalation_bias": 0.3,
    "patience_bias": -0.3,
    "hardness_bias": 0.35,
    "samples": 245
  },
  "axis": {
    "X": {
      "pressure_gain": 1.2177026022086568,
      "difficulty_bias": 0.08567170709750929,
      "escalation_bias": 0.07409221935917223,
      "patience_bias": -0.07114877110402809,
      "hardness_bias": 0.08945107768899006,
      "samples": 245
    },
    "T": {
      "pressure_gain": 1.632124518667744,
      "difficulty_bias": 0.23484600798828464,
      "escalation_bias": 0.20153230909252445,
      "patience_bias": -0.20041777536014768,
      "hardness_bias": 0.23622481641742174,
      "samples": 245
    },
    "N": {
      "pressure_gain": 1.6138482663422948,
      "difficulty_bias": 0.22702335430530873,
      "escalation_bias": 0.19467683014251072,
      "patience_bias": -0.1941660004850585,
      "hardness_bias": 0.22754615720141383,
      "samples": 245
    },
    "B": {
      "pressure_gain": 1.7610231657895148,
      "difficulty_bias": 0.2803774594601204,
      "escalation_bias": 0.24032357892503886,
      "patience_bias": -0.2403233862499518,
      "hardness_bias": 0.280377581527903,
      "samples": 245
    },
    "A": {
      "pressure_gain": 1.4944236364321164,
      "difficulty_bias": 0.18772969782354818,
      "escalation_bias": 0.16158322300597402,
      "patience_bias": -0.15922992835094654,
      "hardness_bias": 0.19099941860997652,
      "samples": 245
    }
  },
  "dimensions": {
    "coherence_maintenance": {
      "pressure_gain": 1.95,
      "difficulty_bias": 0.35,
      "escalation_bias": 0.3,
      "patience_bias": -0.3,
      "hardness_bias": 0.35,
      "samples": 245
    },
    "context_carryover": {
      "pressure_gain": 1.7564237331421688,
      "difficulty_bias": 0.27868242799974685,
      "escalation_bias": 0.23887065257121157,
      "patience_bias": -0.23887065257121157,
      "hardness_bias": 0.27868242799974685,
      "samples": 245
    },
    "ambiguity_handling": {
      "pressure_gain": 1.2964394012611964,
      "difficulty_bias": 0.109214516254126,
      "escalation_bias": 0.09361244250353656,
      "patience_bias": -0.09361244250353656,
      "hardness_bias": 0.109214516254126,
      "samples": 245
    },
    "contradiction_handling": {
      "pressure_gain": 1.95,
      "difficulty_bias": 0.35,
      "escalation_bias": 0.3,
      "patience_bias": -0.3,
      "hardness_bias": 0.35,
      "samples": 245
    },
    "implied_intent_inference": {
      "pressure_gain": 1.8165790379917641,
      "difficulty_bias": 0.3356907760464439,
      "escalation_bias": 0.2919385793346665,
      "patience_bias": -0.27722587980266516,
      "hardness_bias": 0.35,
      "samples": 245
    },
    "misunderstanding_repair": {
      "pressure_gain": 1.0,
      "difficulty_bias": 0.0,
      "escalation_bias": 0.0,
      "patience_bias": 0.0,
      "hardness_bias": 0.0,
      "samples": 245
    },
    "uncertainty_signaling": {
      "pressure_gain": 1.7564237331421688,
      "difficulty_bias": 0.27868242799974685,
      "escalation_bias": 0.23887065257121157,
      "patience_bias": -0.23887065257121157,
      "hardness_bias": 0.27868242799974685,
      "samples": 245
    },
    "boundary_calibration": {
      "pressure_gain": 1.95,
      "difficulty_bias": 0.35,
      "escalation_bias": 0.3,
      "patience_bias": -0.3,
      "hardness_bias": 0.35,
      "samples": 245
    },
    "framing_selection": {
      "pressure_gain": 1.7699995106243458,
      "difficulty_bias": 0.31451826360670837,
      "escalation_bias": 0.2733067683876993,
      "patience_bias": -0.26028786985087676,
      "hardness_bias": 0.3340466114119423,
      "samples": 245
    },
    "emotional_calibration": {
      "pressure_gain": 1.0014495140899813,
      "difficulty_bias": 0.0005716930935075946,
      "escalation_bias": 0.0004945659540970681,
      "patience_bias": -0.00037211479290991806,
      "hardness_bias": 0.0006488202329181232,
      "samples": 245
    },
    "semantic_precision": {
      "pressure_gain": 1.021686783690719,
      "difficulty_bias": 0.00874431457973919,
      "escalation_bias": 0.007586139425046181,
      "patience_bias": -0.005906877612548285,
      "hardness_bias": 0.009902489734432198,
      "samples": 245
    },
    "adaptive_strategy_selection": {
      "pressure_gain": 1.719075311318274,
      "difficulty_bias": 0.2649224831172593,
      "escalation_bias": 0.227076414100508,
      "patience_bias": -0.227076414100508,
      "hardness_bias": 0.2649224831172593,
      "samples": 245
    },
    "compression_elaboration_fit": {
      "pressure_gain": 1.0191165672013867,
      "difficulty_bias": 0.008380430610598824,
      "escalation_bias": 0.007344573610301509,
      "patience_bias": -0.006402291218224515,
      "hardness_bias": 0.009416287610896131,
      "samples": 245
    },
    "perspective_integration": {
      "pressure_gain": 1.95,
      "difficulty_bias": 0.35,
      "escalation_bias": 0.3,
      "patience_bias": -0.3,
      "hardness_bias": 0.35,
      "samples": 245
    },
    "multi_turn_stability": {
      "pressure_gain": 1.0577020800179484,
      "difficulty_bias": 0.025683046531907387,
      "escalation_bias": 0.022547775274844886,
      "patience_bias": -0.020013380493189497,
      "hardness_bias": 0.028818317788969948,
      "samples": 245
    }
  },
  "last_episode_id": "episode_9d01e40927d7",
  "last_update_ts": 1783734600.743469
}