{
  "version": 1,
  "samples": 170,
  "global": {
    "pressure_gain_bias": 0.4,
    "difficulty_bias": 0.35,
    "escalation_bias": 0.3,
    "patience_bias": -0.3,
    "hardness_bias": 0.35,
    "samples": 170
  },
  "axis": {
    "X": {
      "pressure_gain": 1.3812539545705467,
      "difficulty_bias": 0.14280447352426226,
      "escalation_bias": 0.1226842156823503,
      "patience_bias": -0.11749462035852165,
      "hardness_bias": 0.14638060370087985,
      "samples": 170
    },
    "T": {
      "pressure_gain": 1.6836724103687577,
      "difficulty_bias": 0.2582300510422374,
      "escalation_bias": 0.2220774564897729,
      "patience_bias": -0.21779299907805927,
      "hardness_bias": 0.2628567114543227,
      "samples": 170
    },
    "N": {
      "pressure_gain": 1.5878106561159042,
      "difficulty_bias": 0.22769338040326684,
      "escalation_bias": 0.19562917343613664,
      "patience_bias": -0.18910751914321342,
      "hardness_bias": 0.23034777745441737,
      "samples": 170
    },
    "B": {
      "pressure_gain": 1.9446615612346039,
      "difficulty_bias": 0.3482341760445228,
      "escalation_bias": 0.29850108743959547,
      "patience_bias": -0.29842977873818066,
      "hardness_bias": 0.3483114675086945,
      "samples": 170
    },
    "A": {
      "pressure_gain": 1.5740831596845264,
      "difficulty_bias": 0.22150167251088054,
      "escalation_bias": 0.1902820871315632,
      "patience_bias": -0.18590207427653022,
      "hardness_bias": 0.22399823606201086,
      "samples": 170
    }
  },
  "dimensions": {
    "coherence_maintenance": {
      "pressure_gain": 1.9351176562499997,
      "difficulty_bias": 0.34921953125,
      "escalation_bias": 0.29989831250000004,
      "patience_bias": -0.29791281249999996,
      "hardness_bias": 0.35,
      "samples": 170
    },
    "context_carryover": {
      "pressure_gain": 1.9030937499999996,
      "difficulty_bias": 0.33271875,
      "escalation_bias": 0.2851875,
      "patience_bias": -0.2851875,
      "hardness_bias": 0.33271875,
      "samples": 170
    },
    "ambiguity_handling": {
      "pressure_gain": 1.95,
      "difficulty_bias": 0.35,
      "escalation_bias": 0.3,
      "patience_bias": -0.3,
      "hardness_bias": 0.35,
      "samples": 170
    },
    "contradiction_handling": {
      "pressure_gain": 1.95,
      "difficulty_bias": 0.35,
      "escalation_bias": 0.3,
      "patience_bias": -0.3,
      "hardness_bias": 0.35,
      "samples": 170
    },
    "implied_intent_inference": {
      "pressure_gain": 1.8883883155274963,
      "difficulty_bias": 0.35,
      "escalation_bias": 0.3,
      "patience_bias": -0.3,
      "hardness_bias": 0.35,
      "samples": 170
    },
    "misunderstanding_repair": {
      "pressure_gain": 1.0,
      "difficulty_bias": 0.0,
      "escalation_bias": 0.0,
      "patience_bias": 0.0,
      "hardness_bias": 0.0,
      "samples": 170
    },
    "uncertainty_signaling": {
      "pressure_gain": 1.95,
      "difficulty_bias": 0.35,
      "escalation_bias": 0.3,
      "patience_bias": -0.3,
      "hardness_bias": 0.35,
      "samples": 170
    },
    "boundary_calibration": {
      "pressure_gain": 1.6164527009530756,
      "difficulty_bias": 0.25227490341306874,
      "escalation_bias": 0.21652974951898907,
      "patience_bias": -0.20493499443883018,
      "hardness_bias": 0.25381902302895215,
      "samples": 170
    },
    "framing_selection": {
      "pressure_gain": 1.95,
      "difficulty_bias": 0.35,
      "escalation_bias": 0.3,
      "patience_bias": -0.3,
      "hardness_bias": 0.35,
      "samples": 170
    },
    "emotional_calibration": {
      "pressure_gain": 1.0096800202065075,
      "difficulty_bias": 0.0038178315997883364,
      "escalation_bias": 0.0033027677772814812,
      "patience_bias": -0.0024850249745081137,
      "hardness_bias": 0.004332895422295198,
      "samples": 170
    },
    "semantic_precision": {
      "pressure_gain": 1.1448268118199945,
      "difficulty_bias": 0.058395528825073345,
      "escalation_bias": 0.05066110321473851,
      "patience_bias": -0.039446801546797965,
      "hardness_bias": 0.06612995443540828,
      "samples": 170
    },
    "adaptive_strategy_selection": {
      "pressure_gain": 1.95,
      "difficulty_bias": 0.35,
      "escalation_bias": 0.3,
      "patience_bias": -0.3,
      "hardness_bias": 0.35,
      "samples": 170
    },
    "compression_elaboration_fit": {
      "pressure_gain": 1.0877813680960837,
      "difficulty_bias": 0.03788920624514677,
      "escalation_bias": 0.033145829746539617,
      "patience_bias": -0.028344647504221884,
      "hardness_bias": 0.04263258274375397,
      "samples": 170
    },
    "perspective_integration": {
      "pressure_gain": 1.95,
      "difficulty_bias": 0.35,
      "escalation_bias": 0.3,
      "patience_bias": -0.3,
      "hardness_bias": 0.35,
      "samples": 170
    },
    "multi_turn_stability": {
      "pressure_gain": 1.2033299816717926,
      "difficulty_bias": 0.0892148976097653,
      "escalation_bias": 0.0781954562552462,
      "patience_bias": -0.06823538167433947,
      "hardness_bias": 0.10023433896428448,
      "samples": 170
    }
  },
  "last_episode_id": "episode_4a9f95f08028",
  "last_update_ts": 1783184368.4844208
}