{
  "version": 1,
  "samples": 195,
  "global": {
    "pressure_gain_bias": 0.4,
    "difficulty_bias": 0.35,
    "escalation_bias": 0.3,
    "patience_bias": -0.3,
    "hardness_bias": 0.35,
    "samples": 195
  },
  "axis": {
    "X": {
      "pressure_gain": 1.3518115960418706,
      "difficulty_bias": 0.13083564515167334,
      "escalation_bias": 0.11229195714644902,
      "patience_bias": -0.10952499447632424,
      "hardness_bias": 0.13273404091501279,
      "samples": 195
    },
    "T": {
      "pressure_gain": 1.6691241508026824,
      "difficulty_bias": 0.2556233806794542,
      "escalation_bias": 0.22020194898364867,
      "patience_bias": -0.21537166833623017,
      "hardness_bias": 0.2618456058103841,
      "samples": 195
    },
    "N": {
      "pressure_gain": 1.5420949995311253,
      "difficulty_bias": 0.2116254268777015,
      "escalation_bias": 0.1821555925344354,
      "patience_bias": -0.17628312831393314,
      "hardness_bias": 0.21589285465584906,
      "samples": 195
    },
    "B": {
      "pressure_gain": 1.9459252125374167,
      "difficulty_bias": 0.34859648562164836,
      "escalation_bias": 0.298805184567105,
      "patience_bias": -0.2987677993340903,
      "hardness_bias": 0.34862017074134205,
      "samples": 195
    },
    "A": {
      "pressure_gain": 1.6270095975768417,
      "difficulty_bias": 0.23177012452064,
      "escalation_bias": 0.19869051047945196,
      "patience_bias": -0.198369186018031,
      "hardness_bias": 0.23194935231559016,
      "samples": 195
    }
  },
  "dimensions": {
    "coherence_maintenance": {
      "pressure_gain": 1.95,
      "difficulty_bias": 0.35,
      "escalation_bias": 0.3,
      "patience_bias": -0.3,
      "hardness_bias": 0.35,
      "samples": 195
    },
    "context_carryover": {
      "pressure_gain": 1.8015646561420733,
      "difficulty_bias": 0.31114553026523545,
      "escalation_bias": 0.2686060893196936,
      "patience_bias": -0.26192136749647243,
      "hardness_bias": 0.3210852267497469,
      "samples": 195
    },
    "ambiguity_handling": {
      "pressure_gain": 1.9262499999999998,
      "difficulty_bias": 0.34125,
      "escalation_bias": 0.2925,
      "patience_bias": -0.2925,
      "hardness_bias": 0.34125,
      "samples": 195
    },
    "contradiction_handling": {
      "pressure_gain": 1.95,
      "difficulty_bias": 0.35,
      "escalation_bias": 0.3,
      "patience_bias": -0.3,
      "hardness_bias": 0.35,
      "samples": 195
    },
    "implied_intent_inference": {
      "pressure_gain": 1.95,
      "difficulty_bias": 0.35,
      "escalation_bias": 0.3,
      "patience_bias": -0.3,
      "hardness_bias": 0.35,
      "samples": 195
    },
    "misunderstanding_repair": {
      "pressure_gain": 1.0,
      "difficulty_bias": 0.0,
      "escalation_bias": 0.0,
      "patience_bias": 0.0,
      "hardness_bias": 0.0,
      "samples": 195
    },
    "uncertainty_signaling": {
      "pressure_gain": 1.95,
      "difficulty_bias": 0.35,
      "escalation_bias": 0.3,
      "patience_bias": -0.3,
      "hardness_bias": 0.35,
      "samples": 195
    },
    "boundary_calibration": {
      "pressure_gain": 1.553573415549701,
      "difficulty_bias": 0.23435905815985825,
      "escalation_bias": 0.2028534001841263,
      "patience_bias": -0.1894128007244371,
      "hardness_bias": 0.24472364740715927,
      "samples": 195
    },
    "framing_selection": {
      "pressure_gain": 1.95,
      "difficulty_bias": 0.35,
      "escalation_bias": 0.3,
      "patience_bias": -0.3,
      "hardness_bias": 0.35,
      "samples": 195
    },
    "emotional_calibration": {
      "pressure_gain": 1.005140337758754,
      "difficulty_bias": 0.0020273660085716365,
      "escalation_bias": 0.001753853974658653,
      "patience_bias": -0.001319611678013422,
      "hardness_bias": 0.002300878042484626,
      "samples": 195
    },
    "semantic_precision": {
      "pressure_gain": 1.0769067329816036,
      "difficulty_bias": 0.031009516029749086,
      "escalation_bias": 0.026902338652127676,
      "patience_bias": -0.020947258283283907,
      "hardness_bias": 0.035116693407370524,
      "samples": 195
    },
    "adaptive_strategy_selection": {
      "pressure_gain": 1.95,
      "difficulty_bias": 0.35,
      "escalation_bias": 0.3,
      "patience_bias": -0.3,
      "hardness_bias": 0.35,
      "samples": 195
    },
    "compression_elaboration_fit": {
      "pressure_gain": 1.0677921055629416,
      "difficulty_bias": 0.029719092901540504,
      "escalation_bias": 0.02604568614537536,
      "patience_bias": -0.022704118241429556,
      "hardness_bias": 0.03339249965770565,
      "samples": 195
    },
    "perspective_integration": {
      "pressure_gain": 1.95,
      "difficulty_bias": 0.35,
      "escalation_bias": 0.3,
      "patience_bias": -0.3,
      "hardness_bias": 0.35,
      "samples": 195
    },
    "multi_turn_stability": {
      "pressure_gain": 1.2046259382539177,
      "difficulty_bias": 0.09107847571830249,
      "escalation_bias": 0.07996002344661036,
      "patience_bias": -0.07097242871968334,
      "hardness_bias": 0.10219692798999475,
      "samples": 195
    }
  },
  "last_episode_id": "episode_e230735a29c1",
  "last_update_ts": 1783360096.040298
}