{
  "version": 1,
  "samples": 271,
  "global": {
    "pressure_gain_bias": 0.4,
    "difficulty_bias": 0.35,
    "escalation_bias": 0.3,
    "patience_bias": -0.3,
    "hardness_bias": 0.35,
    "samples": 271
  },
  "axis": {
    "X": {
      "pressure_gain": 1.297892301846984,
      "difficulty_bias": 0.11077498531379615,
      "escalation_bias": 0.09504345972044011,
      "patience_bias": -0.09436112270358962,
      "hardness_bias": 0.11139601159028872,
      "samples": 271
    },
    "T": {
      "pressure_gain": 1.4969106135306587,
      "difficulty_bias": 0.18406761454000065,
      "escalation_bias": 0.15789227621566815,
      "patience_bias": -0.15732261085909918,
      "hardness_bias": 0.1847723431623557,
      "samples": 271
    },
    "N": {
      "pressure_gain": 1.4881531085549464,
      "difficulty_bias": 0.18016464031066676,
      "escalation_bias": 0.15446403346811702,
      "patience_bias": -0.1542460015296985,
      "hardness_bias": 0.18040182018428216,
      "samples": 271
    },
    "B": {
      "pressure_gain": 1.6997923960151182,
      "difficulty_bias": 0.25781828370424703,
      "escalation_bias": 0.22098710304740596,
      "patience_bias": -0.2209870905985108,
      "hardness_bias": 0.2578182915911464,
      "samples": 271
    },
    "A": {
      "pressure_gain": 1.4688485008878662,
      "difficulty_bias": 0.17327835508958025,
      "escalation_bias": 0.14856772628578463,
      "patience_bias": -0.14839095914624012,
      "hardness_bias": 0.17348961442714045,
      "samples": 271
    }
  },
  "dimensions": {
    "coherence_maintenance": {
      "pressure_gain": 1.95,
      "difficulty_bias": 0.35,
      "escalation_bias": 0.3,
      "patience_bias": -0.3,
      "hardness_bias": 0.35,
      "samples": 271
    },
    "context_carryover": {
      "pressure_gain": 1.3916382981941773,
      "difficulty_bias": 0.14428779407153985,
      "escalation_bias": 0.12367525206131982,
      "patience_bias": -0.12367525206131982,
      "hardness_bias": 0.14428779407153985,
      "samples": 271
    },
    "ambiguity_handling": {
      "pressure_gain": 1.153481464873359,
      "difficulty_bias": 0.056545802848080855,
      "escalation_bias": 0.048467831012640746,
      "patience_bias": -0.048467831012640746,
      "hardness_bias": 0.056545802848080855,
      "samples": 271
    },
    "contradiction_handling": {
      "pressure_gain": 1.95,
      "difficulty_bias": 0.35,
      "escalation_bias": 0.3,
      "patience_bias": -0.3,
      "hardness_bias": 0.35,
      "samples": 271
    },
    "implied_intent_inference": {
      "pressure_gain": 1.95,
      "difficulty_bias": 0.35,
      "escalation_bias": 0.3,
      "patience_bias": -0.3,
      "hardness_bias": 0.35,
      "samples": 271
    },
    "misunderstanding_repair": {
      "pressure_gain": 1.0,
      "difficulty_bias": 0.0,
      "escalation_bias": 0.0,
      "patience_bias": 0.0,
      "hardness_bias": 0.0,
      "samples": 271
    },
    "uncertainty_signaling": {
      "pressure_gain": 1.3916382981941773,
      "difficulty_bias": 0.14428779407153985,
      "escalation_bias": 0.12367525206131982,
      "patience_bias": -0.12367525206131982,
      "hardness_bias": 0.14428779407153985,
      "samples": 271
    },
    "boundary_calibration": {
      "pressure_gain": 1.95,
      "difficulty_bias": 0.35,
      "escalation_bias": 0.3,
      "patience_bias": -0.3,
      "hardness_bias": 0.35,
      "samples": 271
    },
    "framing_selection": {
      "pressure_gain": 1.8480148859741203,
      "difficulty_bias": 0.31517390535888673,
      "escalation_bias": 0.27048049030761717,
      "patience_bias": -0.2693204903076172,
      "hardness_bias": 0.3169139053588867,
      "samples": 271
    },
    "emotional_calibration": {
      "pressure_gain": 1.0007504857483116,
      "difficulty_bias": 0.0002959940314149278,
      "escalation_bias": 0.0002560614641250981,
      "patience_bias": -0.00019266238993155587,
      "hardness_bias": 0.0003359265987047584,
      "samples": 271
    },
    "semantic_precision": {
      "pressure_gain": 1.0112283296858706,
      "difficulty_bias": 0.004527367837412837,
      "escalation_bias": 0.003927722788320358,
      "patience_bias": -0.0030582851839009027,
      "hardness_bias": 0.005127012886505312,
      "samples": 271
    },
    "adaptive_strategy_selection": {
      "pressure_gain": 1.3723011572208397,
      "difficulty_bias": 0.13716358423925756,
      "escalation_bias": 0.11756878649079215,
      "patience_bias": -0.11756878649079215,
      "hardness_bias": 0.13716358423925756,
      "samples": 271
    },
    "compression_elaboration_fit": {
      "pressure_gain": 1.0098976004031035,
      "difficulty_bias": 0.00433896695551257,
      "escalation_bias": 0.0038026521163631198,
      "patience_bias": -0.0033147855195306626,
      "hardness_bias": 0.004875281794662014,
      "samples": 271
    },
    "perspective_integration": {
      "pressure_gain": 1.95,
      "difficulty_bias": 0.35,
      "escalation_bias": 0.3,
      "patience_bias": -0.3,
      "hardness_bias": 0.35,
      "samples": 271
    },
    "multi_turn_stability": {
      "pressure_gain": 1.0298752450912911,
      "difficulty_bias": 0.013297394298319358,
      "escalation_bias": 0.011674107976521339,
      "patience_bias": -0.01036192537865833,
      "hardness_bias": 0.014920680620117414,
      "samples": 271
    }
  },
  "last_episode_id": "episode_09526d3e4d04",
  "last_update_ts": 1783855192.9972026
}