{
  "version": 1,
  "samples": 385,
  "global": {
    "pressure_gain_bias": 0.4,
    "difficulty_bias": 0.35,
    "escalation_bias": 0.3,
    "patience_bias": -0.3,
    "hardness_bias": 0.35,
    "samples": 385
  },
  "axis": {
    "X": {
      "pressure_gain": 1.3169313267386178,
      "difficulty_bias": 0.11677651174325236,
      "escalation_bias": 0.10009553616972844,
      "patience_bias": -0.1000722224132567,
      "hardness_bias": 0.11679287363519997,
      "samples": 385
    },
    "T": {
      "pressure_gain": 1.4894432943663354,
      "difficulty_bias": 0.19110866464386522,
      "escalation_bias": 0.1651087677581141,
      "patience_bias": -0.16054541631587163,
      "hardness_bias": 0.19794503034749517,
      "samples": 385
    },
    "N": {
      "pressure_gain": 1.404602672238078,
      "difficulty_bias": 0.15639538153785834,
      "escalation_bias": 0.13493758761881314,
      "patience_bias": -0.1318374498943127,
      "hardness_bias": 0.16104086244003046,
      "samples": 385
    },
    "B": {
      "pressure_gain": 1.6589454736235538,
      "difficulty_bias": 0.24468373068255986,
      "escalation_bias": 0.2099598489507822,
      "patience_bias": -0.20915156967070656,
      "hardness_bias": 0.24589614960260778,
      "samples": 385
    },
    "A": {
      "pressure_gain": 1.3767826691279417,
      "difficulty_bias": 0.14318529274840755,
      "escalation_bias": 0.12325750081288422,
      "patience_bias": -0.12141212606237577,
      "hardness_bias": 0.14595335359955242,
      "samples": 385
    }
  },
  "dimensions": {
    "coherence_maintenance": {
      "pressure_gain": 1.95,
      "difficulty_bias": 0.35,
      "escalation_bias": 0.3,
      "patience_bias": -0.3,
      "hardness_bias": 0.35,
      "samples": 385
    },
    "context_carryover": {
      "pressure_gain": 1.6662207230838488,
      "difficulty_bias": 0.29203269005191335,
      "escalation_bias": 0.2559332648025885,
      "patience_bias": -0.23626490814926876,
      "hardness_bias": 0.32153522503189325,
      "samples": 385
    },
    "ambiguity_handling": {
      "pressure_gain": 1.2343667698789478,
      "difficulty_bias": 0.10567196785013949,
      "escalation_bias": 0.09290740101440528,
      "patience_bias": -0.08474740101440528,
      "hardness_bias": 0.11791196785013949,
      "samples": 385
    },
    "contradiction_handling": {
      "pressure_gain": 1.95,
      "difficulty_bias": 0.35,
      "escalation_bias": 0.3,
      "patience_bias": -0.3,
      "hardness_bias": 0.35,
      "samples": 385
    },
    "implied_intent_inference": {
      "pressure_gain": 1.8805164062499995,
      "difficulty_bias": 0.32440078125,
      "escalation_bias": 0.2780578125,
      "patience_bias": -0.2780578125,
      "hardness_bias": 0.32440078125,
      "samples": 385
    },
    "misunderstanding_repair": {
      "pressure_gain": 1.0,
      "difficulty_bias": 0.0,
      "escalation_bias": 0.0,
      "patience_bias": 0.0,
      "hardness_bias": 0.0,
      "samples": 385
    },
    "uncertainty_signaling": {
      "pressure_gain": 1.454464492431607,
      "difficulty_bias": 0.20303135305017267,
      "escalation_bias": 0.1783211233187639,
      "patience_bias": -0.16329125085360818,
      "hardness_bias": 0.22557616174790635,
      "samples": 385
    },
    "boundary_calibration": {
      "pressure_gain": 1.8744409086914056,
      "difficulty_bias": 0.32538349267578126,
      "escalation_bias": 0.27928870800781247,
      "patience_bias": -0.2779287080078125,
      "hardness_bias": 0.32742349267578125,
      "samples": 385
    },
    "framing_selection": {
      "pressure_gain": 1.95,
      "difficulty_bias": 0.35,
      "escalation_bias": 0.3,
      "patience_bias": -0.3,
      "hardness_bias": 0.35,
      "samples": 385
    },
    "emotional_calibration": {
      "pressure_gain": 1.0000418666911874,
      "difficulty_bias": 1.651235980822362e-05,
      "escalation_bias": 1.428467664852017e-05,
      "patience_bias": -1.074788801941256e-05,
      "hardness_bias": 1.8740042967927132e-05,
      "samples": 385
    },
    "semantic_precision": {
      "pressure_gain": 1.0006263849947632,
      "difficulty_bias": 0.0002525643046185082,
      "escalation_bias": 0.0002191124314151771,
      "patience_bias": -0.00017060987720370709,
      "hardness_bias": 0.0002860161778218387,
      "samples": 385
    },
    "adaptive_strategy_selection": {
      "pressure_gain": 1.2810253473092421,
      "difficulty_bias": 0.12453665188672468,
      "escalation_bias": 0.1092791552977198,
      "patience_bias": -0.10041206741587445,
      "hardness_bias": 0.13783728370949277,
      "samples": 385
    },
    "compression_elaboration_fit": {
      "pressure_gain": 1.0005521487656766,
      "difficulty_bias": 0.00024205414961554135,
      "escalation_bias": 0.00021213522337168355,
      "patience_bias": -0.00018491903679250784,
      "hardness_bias": 0.00027197307585939874,
      "samples": 385
    },
    "perspective_integration": {
      "pressure_gain": 1.95,
      "difficulty_bias": 0.35,
      "escalation_bias": 0.3,
      "patience_bias": -0.3,
      "hardness_bias": 0.35,
      "samples": 385
    },
    "multi_turn_stability": {
      "pressure_gain": 1.1419885268442875,
      "difficulty_bias": 0.06452190992591511,
      "escalation_bias": 0.05677748851225965,
      "patience_bias": -0.0515996057152755,
      "hardness_bias": 0.0722663313395706,
      "samples": 385
    }
  },
  "last_episode_id": "episode_225065ac7ec3",
  "last_update_ts": 1784661249.257801
}