{
  "version": 1,
  "samples": 153,
  "global": {
    "pressure_gain_bias": 0.4,
    "difficulty_bias": 0.35,
    "escalation_bias": 0.3,
    "patience_bias": -0.3,
    "hardness_bias": 0.35,
    "samples": 153
  },
  "axis": {
    "X": {
      "pressure_gain": 1.4120509141281516,
      "difficulty_bias": 0.15540270712939797,
      "escalation_bias": 0.13363555227602378,
      "patience_bias": -0.1258159307644891,
      "hardness_bias": 0.16082881866545032,
      "samples": 153
    },
    "T": {
      "pressure_gain": 1.7049100946962534,
      "difficulty_bias": 0.26547577747129075,
      "escalation_bias": 0.22823547457175647,
      "patience_bias": -0.22310100206540726,
      "hardness_bias": 0.2703004092427545,
      "samples": 153
    },
    "N": {
      "pressure_gain": 1.6194747970074985,
      "difficulty_bias": 0.2386002214321741,
      "escalation_bias": 0.20576576859989043,
      "patience_bias": -0.19702336467793555,
      "hardness_bias": 0.24415153240731016,
      "samples": 153
    },
    "B": {
      "pressure_gain": 1.92832555700798,
      "difficulty_bias": 0.34307245248442586,
      "escalation_bias": 0.2941321843586662,
      "patience_bias": -0.2937667875552212,
      "hardness_bias": 0.3434426304102533,
      "samples": 153
    },
    "A": {
      "pressure_gain": 1.5194586437808895,
      "difficulty_bias": 0.20104512032278368,
      "escalation_bias": 0.17295393728919153,
      "patience_bias": -0.16462016712811314,
      "hardness_bias": 0.20586898401958983,
      "samples": 153
    }
  },
  "dimensions": {
    "coherence_maintenance": {
      "pressure_gain": 1.9365349685846556,
      "difficulty_bias": 0.3479193039021164,
      "escalation_bias": 0.2985639874338624,
      "patience_bias": -0.2973479431216931,
      "hardness_bias": 0.3497433703703704,
      "samples": 153
    },
    "context_carryover": {
      "pressure_gain": 1.95,
      "difficulty_bias": 0.35,
      "escalation_bias": 0.3,
      "patience_bias": -0.3,
      "hardness_bias": 0.35,
      "samples": 153
    },
    "ambiguity_handling": {
      "pressure_gain": 1.9262499999999998,
      "difficulty_bias": 0.34125,
      "escalation_bias": 0.2925,
      "patience_bias": -0.2925,
      "hardness_bias": 0.34125,
      "samples": 153
    },
    "contradiction_handling": {
      "pressure_gain": 1.95,
      "difficulty_bias": 0.35,
      "escalation_bias": 0.3,
      "patience_bias": -0.3,
      "hardness_bias": 0.35,
      "samples": 153
    },
    "implied_intent_inference": {
      "pressure_gain": 1.563627907519752,
      "difficulty_bias": 0.23506399724340163,
      "escalation_bias": 0.20347861192296943,
      "patience_bias": -0.18114931884678434,
      "hardness_bias": 0.24938449065541315,
      "samples": 153
    },
    "misunderstanding_repair": {
      "pressure_gain": 1.0,
      "difficulty_bias": 0.0,
      "escalation_bias": 0.0,
      "patience_bias": 0.0,
      "hardness_bias": 0.0,
      "samples": 153
    },
    "uncertainty_signaling": {
      "pressure_gain": 1.95,
      "difficulty_bias": 0.35,
      "escalation_bias": 0.3,
      "patience_bias": -0.3,
      "hardness_bias": 0.35,
      "samples": 153
    },
    "boundary_calibration": {
      "pressure_gain": 1.8050167473530667,
      "difficulty_bias": 0.3286103021903718,
      "escalation_bias": 0.28552932892600447,
      "patience_bias": -0.26462072734658176,
      "hardness_bias": 0.3426102528634702,
      "samples": 153
    },
    "framing_selection": {
      "pressure_gain": 1.9262499999999998,
      "difficulty_bias": 0.34125,
      "escalation_bias": 0.2925,
      "patience_bias": -0.2925,
      "hardness_bias": 0.34125,
      "samples": 153
    },
    "emotional_calibration": {
      "pressure_gain": 1.0148866780806438,
      "difficulty_bias": 0.005871354478572804,
      "escalation_bias": 0.005079249797686902,
      "patience_bias": -0.003821662148286579,
      "hardness_bias": 0.0066634591594587145,
      "samples": 153
    },
    "semantic_precision": {
      "pressure_gain": 1.2227257876549338,
      "difficulty_bias": 0.0898051264793162,
      "escalation_bias": 0.07791053310622313,
      "patience_bias": -0.0606643192277012,
      "hardness_bias": 0.10169971985240943,
      "samples": 153
    },
    "adaptive_strategy_selection": {
      "pressure_gain": 1.95,
      "difficulty_bias": 0.35,
      "escalation_bias": 0.3,
      "patience_bias": -0.3,
      "hardness_bias": 0.35,
      "samples": 153
    },
    "compression_elaboration_fit": {
      "pressure_gain": 1.096743875573274,
      "difficulty_bias": 0.04095851230493012,
      "escalation_bias": 0.035748595339341584,
      "patience_bias": -0.029817854953974803,
      "hardness_bias": 0.046168429270518695,
      "samples": 153
    },
    "perspective_integration": {
      "pressure_gain": 1.95,
      "difficulty_bias": 0.35,
      "escalation_bias": 0.3,
      "patience_bias": -0.3,
      "hardness_bias": 0.35,
      "samples": 153
    },
    "multi_turn_stability": {
      "pressure_gain": 1.2403516544690378,
      "difficulty_bias": 0.1045610965872406,
      "escalation_bias": 0.09155522090890005,
      "patience_bias": -0.07906343639107562,
      "hardness_bias": 0.11756697226558123,
      "samples": 153
    }
  },
  "last_episode_id": "episode_23d9248e0da8",
  "last_update_ts": 1781514344.102022
}