{
  "version": 1,
  "samples": 133,
  "global": {
    "pressure_gain_bias": 0.4,
    "difficulty_bias": 0.35,
    "escalation_bias": 0.3,
    "patience_bias": -0.3,
    "hardness_bias": 0.35,
    "samples": 133
  },
  "axis": {
    "X": {
      "pressure_gain": 1.4603238542785701,
      "difficulty_bias": 0.17500945510569627,
      "escalation_bias": 0.150661454457924,
      "patience_bias": -0.13940387091222084,
      "hardness_bias": 0.18292488335105375,
      "samples": 133
    },
    "T": {
      "pressure_gain": 1.6864050882886417,
      "difficulty_bias": 0.25880898250163165,
      "escalation_bias": 0.22247127429623292,
      "patience_bias": -0.21377406949531993,
      "hardness_bias": 0.2643303694690434,
      "samples": 133
    },
    "N": {
      "pressure_gain": 1.6499962523172063,
      "difficulty_bias": 0.2470786694087485,
      "escalation_bias": 0.2126992072601463,
      "patience_bias": -0.20379338852093196,
      "hardness_bias": 0.25457374500355173,
      "samples": 133
    },
    "B": {
      "pressure_gain": 1.9263177471019195,
      "difficulty_bias": 0.34406960607058257,
      "escalation_bias": 0.29497860973810647,
      "patience_bias": -0.2938562584786686,
      "hardness_bias": 0.3446311677288343,
      "samples": 133
    },
    "A": {
      "pressure_gain": 1.555878006759244,
      "difficulty_bias": 0.21390553923397246,
      "escalation_bias": 0.1836995117899152,
      "patience_bias": -0.17419758504629457,
      "hardness_bias": 0.21768130540312844,
      "samples": 133
    }
  },
  "dimensions": {
    "coherence_maintenance": {
      "pressure_gain": 1.871333579446256,
      "difficulty_bias": 0.32440078125,
      "escalation_bias": 0.2780578125,
      "patience_bias": -0.2728119422296464,
      "hardness_bias": 0.32440078125,
      "samples": 133
    },
    "context_carryover": {
      "pressure_gain": 1.95,
      "difficulty_bias": 0.35,
      "escalation_bias": 0.3,
      "patience_bias": -0.3,
      "hardness_bias": 0.35,
      "samples": 133
    },
    "ambiguity_handling": {
      "pressure_gain": 1.9262499999999998,
      "difficulty_bias": 0.34125,
      "escalation_bias": 0.2925,
      "patience_bias": -0.2925,
      "hardness_bias": 0.34125,
      "samples": 133
    },
    "contradiction_handling": {
      "pressure_gain": 1.95,
      "difficulty_bias": 0.35,
      "escalation_bias": 0.3,
      "patience_bias": -0.3,
      "hardness_bias": 0.35,
      "samples": 133
    },
    "implied_intent_inference": {
      "pressure_gain": 1.670686683524009,
      "difficulty_bias": 0.2739659647590166,
      "escalation_bias": 0.23615203216693834,
      "patience_bias": -0.20908261065624328,
      "hardness_bias": 0.28653959062822554,
      "samples": 133
    },
    "misunderstanding_repair": {
      "pressure_gain": 1.0,
      "difficulty_bias": 0.0,
      "escalation_bias": 0.0,
      "patience_bias": 0.0,
      "hardness_bias": 0.0,
      "samples": 133
    },
    "uncertainty_signaling": {
      "pressure_gain": 1.95,
      "difficulty_bias": 0.35,
      "escalation_bias": 0.3,
      "patience_bias": -0.3,
      "hardness_bias": 0.35,
      "samples": 133
    },
    "boundary_calibration": {
      "pressure_gain": 1.7961933194733537,
      "difficulty_bias": 0.31005908776906016,
      "escalation_bias": 0.26778251606426495,
      "patience_bias": -0.250455010438351,
      "hardness_bias": 0.32440078125,
      "samples": 133
    },
    "framing_selection": {
      "pressure_gain": 1.9349937499999996,
      "difficulty_bias": 0.34721875,
      "escalation_bias": 0.2979475,
      "patience_bias": -0.2967875,
      "hardness_bias": 0.34895875,
      "samples": 133
    },
    "emotional_calibration": {
      "pressure_gain": 1.0247004851256174,
      "difficulty_bias": 0.0097419520446118,
      "escalation_bias": 0.00842766488248175,
      "patience_bias": -0.006341032467923116,
      "hardness_bias": 0.011056239206741857,
      "samples": 133
    },
    "semantic_precision": {
      "pressure_gain": 1.3695542400567504,
      "difficulty_bias": 0.14900773555993144,
      "escalation_bias": 0.12927181965607737,
      "patience_bias": -0.1006563120813211,
      "hardness_bias": 0.1687436514637858,
      "samples": 133
    },
    "adaptive_strategy_selection": {
      "pressure_gain": 1.95,
      "difficulty_bias": 0.35,
      "escalation_bias": 0.3,
      "patience_bias": -0.3,
      "hardness_bias": 0.35,
      "samples": 133
    },
    "compression_elaboration_fit": {
      "pressure_gain": 1.160520745235916,
      "difficulty_bias": 0.06795976365410378,
      "escalation_bias": 0.059315291340193955,
      "patience_bias": -0.04947480416910941,
      "hardness_bias": 0.07660423596801365,
      "samples": 133
    },
    "perspective_integration": {
      "pressure_gain": 1.95,
      "difficulty_bias": 0.35,
      "escalation_bias": 0.3,
      "patience_bias": -0.3,
      "hardness_bias": 0.35,
      "samples": 133
    },
    "multi_turn_stability": {
      "pressure_gain": 1.2551221070593184,
      "difficulty_bias": 0.10893278481569221,
      "escalation_bias": 0.09517329595048472,
      "patience_bias": -0.08027068097930948,
      "hardness_bias": 0.1226922736808998,
      "samples": 133
    }
  },
  "last_episode_id": "episode_aecb119090b8",
  "last_update_ts": 1780518089.96325
}