{
  "version": 1,
  "samples": 394,
  "global": {
    "pressure_gain_bias": 0.4,
    "difficulty_bias": 0.35,
    "escalation_bias": 0.3,
    "patience_bias": -0.3,
    "hardness_bias": 0.35,
    "samples": 394
  },
  "axis": {
    "X": {
      "pressure_gain": 1.3168875843091246,
      "difficulty_bias": 0.11675689068541299,
      "escalation_bias": 0.10007835970835707,
      "patience_bias": -0.10006010854660757,
      "hardness_bias": 0.11676955036428985,
      "samples": 394
    },
    "T": {
      "pressure_gain": 1.6177871591039543,
      "difficulty_bias": 0.24127194687097492,
      "escalation_bias": 0.20807891694449923,
      "patience_bias": -0.20334201391801138,
      "hardness_bias": 0.24772164317701428,
      "samples": 394
    },
    "N": {
      "pressure_gain": 1.4618006169380362,
      "difficulty_bias": 0.18516287720884234,
      "escalation_bias": 0.16028821472612306,
      "patience_bias": -0.15428737376607296,
      "hardness_bias": 0.1923689372269162,
      "samples": 394
    },
    "B": {
      "pressure_gain": 1.7235590944202992,
      "difficulty_bias": 0.27444126215305936,
      "escalation_bias": 0.236179468797642,
      "patience_bias": -0.23286282279839987,
      "hardness_bias": 0.27936498115189723,
      "samples": 394
    },
    "A": {
      "pressure_gain": 1.4049455212761188,
      "difficulty_bias": 0.15653648566377867,
      "escalation_bias": 0.13503956968905736,
      "patience_bias": -0.13201053271033303,
      "hardness_bias": 0.1610800406380521,
      "samples": 394
    }
  },
  "dimensions": {
    "coherence_maintenance": {
      "pressure_gain": 1.95,
      "difficulty_bias": 0.35,
      "escalation_bias": 0.3,
      "patience_bias": -0.3,
      "hardness_bias": 0.35,
      "samples": 394
    },
    "context_carryover": {
      "pressure_gain": 1.95,
      "difficulty_bias": 0.35,
      "escalation_bias": 0.3,
      "patience_bias": -0.3,
      "hardness_bias": 0.35,
      "samples": 394
    },
    "ambiguity_handling": {
      "pressure_gain": 1.5258376006319747,
      "difficulty_bias": 0.23818016865388608,
      "escalation_bias": 0.20951671598904517,
      "patience_bias": -0.19074871598904514,
      "hardness_bias": 0.26633216865388604,
      "samples": 394
    },
    "contradiction_handling": {
      "pressure_gain": 1.95,
      "difficulty_bias": 0.35,
      "escalation_bias": 0.3,
      "patience_bias": -0.3,
      "hardness_bias": 0.35,
      "samples": 394
    },
    "implied_intent_inference": {
      "pressure_gain": 1.95,
      "difficulty_bias": 0.35,
      "escalation_bias": 0.3,
      "patience_bias": -0.3,
      "hardness_bias": 0.35,
      "samples": 394
    },
    "misunderstanding_repair": {
      "pressure_gain": 1.0,
      "difficulty_bias": 0.0,
      "escalation_bias": 0.0,
      "patience_bias": 0.0,
      "hardness_bias": 0.0,
      "samples": 394
    },
    "uncertainty_signaling": {
      "pressure_gain": 1.791064492431608,
      "difficulty_bias": 0.35,
      "escalation_bias": 0.3,
      "patience_bias": -0.2856912508536082,
      "hardness_bias": 0.35,
      "samples": 394
    },
    "boundary_calibration": {
      "pressure_gain": 1.8017534353822082,
      "difficulty_bias": 0.3040516968788237,
      "escalation_bias": 0.2616615064867516,
      "patience_bias": -0.258001324419592,
      "hardness_bias": 0.3095419699795632,
      "samples": 394
    },
    "framing_selection": {
      "pressure_gain": 1.95,
      "difficulty_bias": 0.35,
      "escalation_bias": 0.3,
      "patience_bias": -0.3,
      "hardness_bias": 0.35,
      "samples": 394
    },
    "emotional_calibration": {
      "pressure_gain": 1.0000333357461495,
      "difficulty_bias": 1.3147727209603405e-05,
      "escalation_bias": 1.1373966776002535e-05,
      "patience_bias": -8.55785008319795e-06,
      "hardness_bias": 1.4921487643204332e-05,
      "samples": 394
    },
    "semantic_precision": {
      "pressure_gain": 1.0004987499748659,
      "difficulty_bias": 0.0002011006675347244,
      "escalation_bias": 0.00017446509826202732,
      "patience_bias": -0.0001358456423424793,
      "hardness_bias": 0.00022773623680742095,
      "samples": 394
    },
    "adaptive_strategy_selection": {
      "pressure_gain": 1.3696832552751712,
      "difficulty_bias": 0.16514410604588917,
      "escalation_bias": 0.14504387012152817,
      "patience_bias": -0.13282264283384687,
      "hardness_bias": 0.1834759469774112,
      "samples": 394
    },
    "compression_elaboration_fit": {
      "pressure_gain": 1.0004396404532447,
      "difficulty_bias": 0.00019273210892078018,
      "escalation_bias": 0.00016890959746711261,
      "patience_bias": -0.00014723910330488742,
      "hardness_bias": 0.00021655462037444738,
      "samples": 394
    },
    "perspective_integration": {
      "pressure_gain": 1.9404937499999997,
      "difficulty_bias": 0.34971875,
      "escalation_bias": 0.3,
      "patience_bias": -0.2987875,
      "hardness_bias": 0.35,
      "samples": 394
    },
    "multi_turn_stability": {
      "pressure_gain": 1.3503860351750767,
      "difficulty_bias": 0.159248050076274,
      "escalation_bias": 0.14013649184457547,
      "patience_bias": -0.12738051783556265,
      "hardness_bias": 0.17835960830797257,
      "samples": 394
    }
  },
  "last_episode_id": "episode_e0c4e8202880",
  "last_update_ts": 1784743204.788307
}