{
  "version": 1,
  "samples": 316,
  "global": {
    "pressure_gain_bias": 0.4,
    "difficulty_bias": 0.35,
    "escalation_bias": 0.3,
    "patience_bias": -0.3,
    "hardness_bias": 0.35,
    "samples": 316
  },
  "axis": {
    "X": {
      "pressure_gain": 1.2825398022177672,
      "difficulty_bias": 0.10763317505624692,
      "escalation_bias": 0.09253284518203962,
      "patience_bias": -0.09130698497692082,
      "hardness_bias": 0.10901568800781224,
      "samples": 316
    },
    "T": {
      "pressure_gain": 1.571150078812004,
      "difficulty_bias": 0.21411150438846835,
      "escalation_bias": 0.1839656241636203,
      "patience_bias": -0.18237253512206625,
      "hardness_bias": 0.2164485674844545,
      "samples": 316
    },
    "N": {
      "pressure_gain": 1.4863570438774325,
      "difficulty_bias": 0.1876354597015955,
      "escalation_bias": 0.16184990325372173,
      "patience_bias": -0.15825448282631932,
      "hardness_bias": 0.19300143446067847,
      "samples": 316
    },
    "B": {
      "pressure_gain": 1.6546184929747914,
      "difficulty_bias": 0.24117523453788572,
      "escalation_bias": 0.2067216296277249,
      "patience_bias": -0.20672162951907136,
      "hardness_bias": 0.2411752346067223,
      "samples": 316
    },
    "A": {
      "pressure_gain": 1.4429760578013964,
      "difficulty_bias": 0.16847442959608597,
      "escalation_bias": 0.1450425340668282,
      "patience_bias": -0.1428167372514092,
      "hardness_bias": 0.17181129399419962,
      "samples": 316
    }
  },
  "dimensions": {
    "coherence_maintenance": {
      "pressure_gain": 1.95,
      "difficulty_bias": 0.35,
      "escalation_bias": 0.3,
      "patience_bias": -0.3,
      "hardness_bias": 0.35,
      "samples": 316
    },
    "context_carryover": {
      "pressure_gain": 1.7043092092046126,
      "difficulty_bias": 0.27443636291598233,
      "escalation_bias": 0.23703514555319985,
      "patience_bias": -0.23072122486494742,
      "hardness_bias": 0.28390724394836114,
      "samples": 316
    },
    "ambiguity_handling": {
      "pressure_gain": 1.0491205976267175,
      "difficulty_bias": 0.018097062283529176,
      "escalation_bias": 0.015511767671596437,
      "patience_bias": -0.015511767671596437,
      "hardness_bias": 0.018097062283529176,
      "samples": 316
    },
    "contradiction_handling": {
      "pressure_gain": 1.95,
      "difficulty_bias": 0.35,
      "escalation_bias": 0.3,
      "patience_bias": -0.3,
      "hardness_bias": 0.35,
      "samples": 316
    },
    "implied_intent_inference": {
      "pressure_gain": 1.95,
      "difficulty_bias": 0.35,
      "escalation_bias": 0.3,
      "patience_bias": -0.3,
      "hardness_bias": 0.35,
      "samples": 316
    },
    "misunderstanding_repair": {
      "pressure_gain": 1.0,
      "difficulty_bias": 0.0,
      "escalation_bias": 0.0,
      "patience_bias": 0.0,
      "hardness_bias": 0.0,
      "samples": 316
    },
    "uncertainty_signaling": {
      "pressure_gain": 1.4703247771047243,
      "difficulty_bias": 0.1987816470930221,
      "escalation_bias": 0.17346095373074485,
      "patience_bias": -0.16269255695220428,
      "hardness_bias": 0.21493424226083313,
      "samples": 316
    },
    "boundary_calibration": {
      "pressure_gain": 1.95,
      "difficulty_bias": 0.35,
      "escalation_bias": 0.3,
      "patience_bias": -0.3,
      "hardness_bias": 0.35,
      "samples": 316
    },
    "framing_selection": {
      "pressure_gain": 1.95,
      "difficulty_bias": 0.35,
      "escalation_bias": 0.3,
      "patience_bias": -0.3,
      "hardness_bias": 0.35,
      "samples": 316
    },
    "emotional_calibration": {
      "pressure_gain": 1.0002401873639766,
      "difficulty_bias": 9.473068118707666e-05,
      "escalation_bias": 8.195056098387062e-05,
      "patience_bias": -6.166016034209135e-05,
      "hardness_bias": 0.00010751080139028315,
      "samples": 316
    },
    "semantic_precision": {
      "pressure_gain": 1.0035935431354828,
      "difficulty_bias": 0.001448950295289471,
      "escalation_bias": 0.0012570383715947695,
      "patience_bias": -0.0009787813536319358,
      "hardness_bias": 0.0016408622189841707,
      "samples": 316
    },
    "adaptive_strategy_selection": {
      "pressure_gain": 1.348680030053265,
      "difficulty_bias": 0.14458586095836679,
      "escalation_bias": 0.12587595160136883,
      "patience_bias": -0.11906770387167817,
      "hardness_bias": 0.15479823255290304,
      "samples": 316
    },
    "compression_elaboration_fit": {
      "pressure_gain": 1.0031676531578053,
      "difficulty_bias": 0.0013886539987954377,
      "escalation_bias": 0.001217010436252972,
      "patience_bias": -0.0010608723721662213,
      "hardness_bias": 0.0015602975613379028,
      "samples": 316
    },
    "perspective_integration": {
      "pressure_gain": 1.95,
      "difficulty_bias": 0.35,
      "escalation_bias": 0.3,
      "patience_bias": -0.3,
      "hardness_bias": 0.35,
      "samples": 316
    },
    "multi_turn_stability": {
      "pressure_gain": 1.0095613492765365,
      "difficulty_bias": 0.004255731826318893,
      "escalation_bias": 0.0037362111512211334,
      "patience_bias": -0.0033162569016601355,
      "hardness_bias": 0.004775252501416662,
      "samples": 316
    }
  },
  "last_episode_id": "episode_4a144c9054d0",
  "last_update_ts": 1784131574.405121
}