{
  "version": 1,
  "samples": 290,
  "global": {
    "pressure_gain_bias": 0.4,
    "difficulty_bias": 0.35,
    "escalation_bias": 0.3,
    "patience_bias": -0.3,
    "hardness_bias": 0.35,
    "samples": 290
  },
  "axis": {
    "X": {
      "pressure_gain": 1.2302152805857922,
      "difficulty_bias": 0.0861690961271692,
      "escalation_bias": 0.07401835731569992,
      "patience_bias": -0.07325439608143564,
      "hardness_bias": 0.08710165007238665,
      "samples": 290
    },
    "T": {
      "pressure_gain": 1.5870818909671145,
      "difficulty_bias": 0.2188028309836851,
      "escalation_bias": 0.18779541244585607,
      "patience_bias": -0.1868264232436255,
      "hardness_bias": 0.2200907629906229,
      "samples": 290
    },
    "N": {
      "pressure_gain": 1.468006789316661,
      "difficulty_bias": 0.17572910013955384,
      "escalation_bias": 0.1510235378196076,
      "patience_bias": -0.14957567079540512,
      "hardness_bias": 0.17784784106775495,
      "samples": 290
    },
    "B": {
      "pressure_gain": 1.6744383648875414,
      "difficulty_bias": 0.24847729672276647,
      "escalation_bias": 0.2129805404167978,
      "patience_bias": -0.21298053873513662,
      "hardness_bias": 0.24847729778816963,
      "samples": 290
    },
    "A": {
      "pressure_gain": 1.4442862657674869,
      "difficulty_bias": 0.16597746494119614,
      "escalation_bias": 0.14254000985887338,
      "patience_bias": -0.14157902135987682,
      "hardness_bias": 0.16739061149079676,
      "samples": 290
    }
  },
  "dimensions": {
    "coherence_maintenance": {
      "pressure_gain": 1.95,
      "difficulty_bias": 0.35,
      "escalation_bias": 0.3,
      "patience_bias": -0.3,
      "hardness_bias": 0.35,
      "samples": 290
    },
    "context_carryover": {
      "pressure_gain": 1.95,
      "difficulty_bias": 0.35,
      "escalation_bias": 0.3,
      "patience_bias": -0.3,
      "hardness_bias": 0.35,
      "samples": 290
    },
    "ambiguity_handling": {
      "pressure_gain": 1.0948732184832326,
      "difficulty_bias": 0.034953291020139936,
      "escalation_bias": 0.02995996373154852,
      "patience_bias": -0.02995996373154852,
      "hardness_bias": 0.034953291020139936,
      "samples": 290
    },
    "contradiction_handling": {
      "pressure_gain": 1.95,
      "difficulty_bias": 0.35,
      "escalation_bias": 0.3,
      "patience_bias": -0.3,
      "hardness_bias": 0.35,
      "samples": 290
    },
    "implied_intent_inference": {
      "pressure_gain": 1.95,
      "difficulty_bias": 0.35,
      "escalation_bias": 0.3,
      "patience_bias": -0.3,
      "hardness_bias": 0.35,
      "samples": 290
    },
    "misunderstanding_repair": {
      "pressure_gain": 1.0,
      "difficulty_bias": 0.0,
      "escalation_bias": 0.0,
      "patience_bias": 0.0,
      "hardness_bias": 0.0,
      "samples": 290
    },
    "uncertainty_signaling": {
      "pressure_gain": 1.4277945306849904,
      "difficulty_bias": 0.17078872214289192,
      "escalation_bias": 0.14798032695371685,
      "patience_bias": -0.14241534904438366,
      "hardness_bias": 0.17913618900689182,
      "samples": 290
    },
    "boundary_calibration": {
      "pressure_gain": 1.95,
      "difficulty_bias": 0.35,
      "escalation_bias": 0.3,
      "patience_bias": -0.3,
      "hardness_bias": 0.35,
      "samples": 290
    },
    "framing_selection": {
      "pressure_gain": 1.6010665535120656,
      "difficulty_bias": 0.22750788305573386,
      "escalation_bias": 0.1957380832761812,
      "patience_bias": -0.19317844097674855,
      "hardness_bias": 0.23134734650488276,
      "samples": 290
    },
    "emotional_calibration": {
      "pressure_gain": 1.0004639061689093,
      "difficulty_bias": 0.00018296610887401252,
      "escalation_bias": 0.0001582821433918582,
      "patience_bias": -0.00011909256292647906,
      "hardness_bias": 0.00020765007435616766,
      "samples": 290
    },
    "semantic_precision": {
      "pressure_gain": 1.0069406933037044,
      "difficulty_bias": 0.0027985526353117005,
      "escalation_bias": 0.002427887318806659,
      "patience_bias": -0.0018904521055730047,
      "hardness_bias": 0.003169217951816738,
      "samples": 290
    },
    "adaptive_strategy_selection": {
      "pressure_gain": 1.3654666173345764,
      "difficulty_bias": 0.14362622971534025,
      "escalation_bias": 0.12419157495124027,
      "patience_bias": -0.12039975176792006,
      "hardness_bias": 0.14931396449032058,
      "samples": 290
    },
    "compression_elaboration_fit": {
      "pressure_gain": 1.006118114694032,
      "difficulty_bias": 0.0026820942861181555,
      "escalation_bias": 0.002350575982247323,
      "patience_bias": -0.0020490055335279996,
      "hardness_bias": 0.0030136125899889858,
      "samples": 290
    },
    "perspective_integration": {
      "pressure_gain": 1.95,
      "difficulty_bias": 0.35,
      "escalation_bias": 0.3,
      "patience_bias": -0.3,
      "hardness_bias": 0.35,
      "samples": 290
    },
    "multi_turn_stability": {
      "pressure_gain": 1.0184671201641498,
      "difficulty_bias": 0.008219667407807984,
      "escalation_bias": 0.007216247235894297,
      "patience_bias": -0.006405133096478985,
      "hardness_bias": 0.009223087579721689,
      "samples": 290
    }
  },
  "last_episode_id": "episode_b9a993351daa",
  "last_update_ts": 1783976304.4682868
}