{
  "version": 1,
  "samples": 298,
  "global": {
    "pressure_gain_bias": 0.4,
    "difficulty_bias": 0.35,
    "escalation_bias": 0.3,
    "patience_bias": -0.3,
    "hardness_bias": 0.35,
    "samples": 298
  },
  "axis": {
    "X": {
      "pressure_gain": 1.2078443250909523,
      "difficulty_bias": 0.07862440116033285,
      "escalation_bias": 0.06763791048299009,
      "patience_bias": -0.06661073702007753,
      "hardness_bias": 0.07999472089129658,
      "samples": 298
    },
    "T": {
      "pressure_gain": 1.6035882155300425,
      "difficulty_bias": 0.22426082772320438,
      "escalation_bias": 0.19242846616931472,
      "patience_bias": -0.1916353656010281,
      "hardness_bias": 0.22534352710749125,
      "samples": 298
    },
    "N": {
      "pressure_gain": 1.4936308905024305,
      "difficulty_bias": 0.18846493600349665,
      "escalation_bias": 0.16233760267928005,
      "patience_bias": -0.15950785733884507,
      "hardness_bias": 0.19266649186287715,
      "samples": 298
    },
    "B": {
      "pressure_gain": 1.6669044175594996,
      "difficulty_bias": 0.2457016294141591,
      "escalation_bias": 0.21060139679942633,
      "patience_bias": -0.21060139607552633,
      "hardness_bias": 0.24570162987278021,
      "samples": 298
    },
    "A": {
      "pressure_gain": 1.4583694113045214,
      "difficulty_bias": 0.17316556265097127,
      "escalation_bias": 0.1489441691861522,
      "patience_bias": -0.14713482343182568,
      "hardness_bias": 0.1758673834779811,
      "samples": 298
    }
  },
  "dimensions": {
    "coherence_maintenance": {
      "pressure_gain": 1.95,
      "difficulty_bias": 0.35,
      "escalation_bias": 0.3,
      "patience_bias": -0.3,
      "hardness_bias": 0.35,
      "samples": 298
    },
    "context_carryover": {
      "pressure_gain": 1.867132470074767,
      "difficulty_bias": 0.32562090147491457,
      "escalation_bias": 0.27984566054992677,
      "patience_bias": -0.27724855304992674,
      "hardness_bias": 0.32951656272491453,
      "samples": 298
    },
    "ambiguity_handling": {
      "pressure_gain": 1.0774783849935747,
      "difficulty_bias": 0.028544668155529213,
      "escalation_bias": 0.024466858419025045,
      "patience_bias": -0.024466858419025045,
      "hardness_bias": 0.028544668155529213,
      "samples": 298
    },
    "contradiction_handling": {
      "pressure_gain": 1.95,
      "difficulty_bias": 0.35,
      "escalation_bias": 0.3,
      "patience_bias": -0.3,
      "hardness_bias": 0.35,
      "samples": 298
    },
    "implied_intent_inference": {
      "pressure_gain": 1.95,
      "difficulty_bias": 0.35,
      "escalation_bias": 0.3,
      "patience_bias": -0.3,
      "hardness_bias": 0.35,
      "samples": 298
    },
    "misunderstanding_repair": {
      "pressure_gain": 1.0,
      "difficulty_bias": 0.0,
      "escalation_bias": 0.0,
      "patience_bias": 0.0,
      "hardness_bias": 0.0,
      "samples": 298
    },
    "uncertainty_signaling": {
      "pressure_gain": 1.6083736757324192,
      "difficulty_bias": 0.25403852898708656,
      "escalation_bias": 0.22135439831037707,
      "patience_bias": -0.2087295911853172,
      "hardness_bias": 0.27297573967467653,
      "samples": 298
    },
    "boundary_calibration": {
      "pressure_gain": 1.95,
      "difficulty_bias": 0.35,
      "escalation_bias": 0.3,
      "patience_bias": -0.3,
      "hardness_bias": 0.35,
      "samples": 298
    },
    "framing_selection": {
      "pressure_gain": 1.6045385651870843,
      "difficulty_bias": 0.2345204948135525,
      "escalation_bias": 0.20244054758715863,
      "patience_bias": -0.19746011547276104,
      "hardness_bias": 0.2419911429851488,
      "samples": 298
    },
    "emotional_calibration": {
      "pressure_gain": 1.0003788498095694,
      "difficulty_bias": 0.0001494196028210281,
      "escalation_bias": 0.00012926139788848977,
      "patience_bias": -9.725715631667055e-05,
      "hardness_bias": 0.0001695778077535671,
      "samples": 298
    },
    "semantic_precision": {
      "pressure_gain": 1.0056681297051362,
      "difficulty_bias": 0.0022854430572710766,
      "escalation_bias": 0.001982738557992191,
      "patience_bias": -0.001543841121753315,
      "hardness_bias": 0.0025881475565499587,
      "samples": 298
    },
    "adaptive_strategy_selection": {
      "pressure_gain": 1.4568334925573392,
      "difficulty_bias": 0.18680192297631668,
      "escalation_bias": 0.1623470583520722,
      "patience_bias": -0.15453812304876954,
      "hardness_bias": 0.19851532593127075,
      "samples": 298
    },
    "compression_elaboration_fit": {
      "pressure_gain": 1.0049963693998933,
      "difficulty_bias": 0.002190337136350638,
      "escalation_bias": 0.0019196021155474692,
      "patience_bias": -0.0016733240646695958,
      "hardness_bias": 0.0024610721571538055,
      "samples": 298
    },
    "perspective_integration": {
      "pressure_gain": 1.95,
      "difficulty_bias": 0.35,
      "escalation_bias": 0.3,
      "patience_bias": -0.3,
      "hardness_bias": 0.35,
      "samples": 298
    },
    "multi_turn_stability": {
      "pressure_gain": 1.0150812069905002,
      "difficulty_bias": 0.006712606214090298,
      "escalation_bias": 0.005893161320865888,
      "patience_bias": -0.005230763495936411,
      "hardness_bias": 0.007532051107314723,
      "samples": 298
    }
  },
  "last_episode_id": "episode_6cdde9b82ac5",
  "last_update_ts": 1784026371.1162157
}