{
  "version": 1,
  "samples": 304,
  "global": {
    "pressure_gain_bias": 0.4,
    "difficulty_bias": 0.35,
    "escalation_bias": 0.3,
    "patience_bias": -0.3,
    "hardness_bias": 0.35,
    "samples": 304
  },
  "axis": {
    "X": {
      "pressure_gain": 1.2215038301565397,
      "difficulty_bias": 0.0859259319078445,
      "escalation_bias": 0.07417091876239665,
      "patience_bias": -0.07220693659092235,
      "hardness_bias": 0.08872688136410543,
      "samples": 304
    },
    "T": {
      "pressure_gain": 1.5943980320921525,
      "difficulty_bias": 0.221028611617309,
      "escalation_bias": 0.1896871400594913,
      "patience_bias": -0.1888028959630572,
      "hardness_bias": 0.22227341471068668,
      "samples": 304
    },
    "N": {
      "pressure_gain": 1.4977939787933283,
      "difficulty_bias": 0.19120049185752203,
      "escalation_bias": 0.16482737643657722,
      "patience_bias": -0.1614962022208783,
      "hardness_bias": 0.19616035811628307,
      "samples": 304
    },
    "B": {
      "pressure_gain": 1.6621741320429804,
      "difficulty_bias": 0.2439588917582901,
      "escalation_bias": 0.20910762159145532,
      "patience_bias": -0.20910762120674523,
      "hardness_bias": 0.24395889200202023,
      "samples": 304
    },
    "A": {
      "pressure_gain": 1.4568308021263974,
      "difficulty_bias": 0.17321310738293108,
      "escalation_bias": 0.14905964725795504,
      "patience_bias": -0.1469894379020987,
      "hardness_bias": 0.17631193900330488,
      "samples": 304
    }
  },
  "dimensions": {
    "coherence_maintenance": {
      "pressure_gain": 1.95,
      "difficulty_bias": 0.35,
      "escalation_bias": 0.3,
      "patience_bias": -0.3,
      "hardness_bias": 0.35,
      "samples": 304
    },
    "context_carryover": {
      "pressure_gain": 1.7449260178310795,
      "difficulty_bias": 0.27973059460841093,
      "escalation_bias": 0.24040653615795374,
      "patience_bias": -0.23817544343034844,
      "hardness_bias": 0.2830772336998189,
      "samples": 304
    },
    "ambiguity_handling": {
      "pressure_gain": 1.0665592245626208,
      "difficulty_bias": 0.024521819575704047,
      "escalation_bias": 0.021018702493460616,
      "patience_bias": -0.021018702493460616,
      "hardness_bias": 0.024521819575704047,
      "samples": 304
    },
    "contradiction_handling": {
      "pressure_gain": 1.95,
      "difficulty_bias": 0.35,
      "escalation_bias": 0.3,
      "patience_bias": -0.3,
      "hardness_bias": 0.35,
      "samples": 304
    },
    "implied_intent_inference": {
      "pressure_gain": 1.95,
      "difficulty_bias": 0.35,
      "escalation_bias": 0.3,
      "patience_bias": -0.3,
      "hardness_bias": 0.35,
      "samples": 304
    },
    "misunderstanding_repair": {
      "pressure_gain": 1.0,
      "difficulty_bias": 0.0,
      "escalation_bias": 0.0,
      "patience_bias": 0.0,
      "hardness_bias": 0.0,
      "samples": 304
    },
    "uncertainty_signaling": {
      "pressure_gain": 1.5226345400000203,
      "difficulty_bias": 0.21823644749192583,
      "escalation_bias": 0.1901585468809932,
      "patience_bias": -0.1793129752732948,
      "hardness_bias": 0.23450480490347364,
      "samples": 304
    },
    "boundary_calibration": {
      "pressure_gain": 1.95,
      "difficulty_bias": 0.35,
      "escalation_bias": 0.3,
      "patience_bias": -0.3,
      "hardness_bias": 0.35,
      "samples": 304
    },
    "framing_selection": {
      "pressure_gain": 1.7603203994247465,
      "difficulty_bias": 0.3053304194670354,
      "escalation_bias": 0.26475328128222353,
      "patience_bias": -0.2541080551955473,
      "hardness_bias": 0.32129825859704964,
      "samples": 304
    },
    "emotional_calibration": {
      "pressure_gain": 1.0003254578622502,
      "difficulty_bias": 0.00012836164433534925,
      "escalation_bias": 0.0001110443694722319,
      "patience_bias": -8.3550540039523e-05,
      "hardness_bias": 0.0001456789191984672,
      "samples": 304
    },
    "semantic_precision": {
      "pressure_gain": 1.0048693105557824,
      "difficulty_bias": 0.001963351684300138,
      "escalation_bias": 0.0017033078443918844,
      "patience_bias": -0.0013262649695177534,
      "hardness_bias": 0.002223395524208389,
      "samples": 304
    },
    "adaptive_strategy_selection": {
      "pressure_gain": 1.3924511723027284,
      "difficulty_bias": 0.1604756105995402,
      "escalation_bias": 0.1394672115949846,
      "patience_bias": -0.13275880281115923,
      "hardness_bias": 0.17053822377527839,
      "samples": 304
    },
    "compression_elaboration_fit": {
      "pressure_gain": 1.004292222571661,
      "difficulty_bias": 0.0018816492023975616,
      "escalation_bias": 0.0016490693280481097,
      "patience_bias": -0.0014374996613006103,
      "hardness_bias": 0.002114229076747013,
      "samples": 304
    },
    "perspective_integration": {
      "pressure_gain": 1.95,
      "difficulty_bias": 0.35,
      "escalation_bias": 0.3,
      "patience_bias": -0.3,
      "hardness_bias": 0.35,
      "samples": 304
    },
    "multi_turn_stability": {
      "pressure_gain": 1.012955786866741,
      "difficulty_bias": 0.00576658721579103,
      "escalation_bias": 0.0050626280835848044,
      "patience_bias": -0.004493583109519725,
      "hardness_bias": 0.00647054634799727,
      "samples": 304
    }
  },
  "last_episode_id": "episode_d5d2058722f0",
  "last_update_ts": 1784059895.8068242
}