{
  "version": 1,
  "samples": 203,
  "global": {
    "pressure_gain_bias": 0.4,
    "difficulty_bias": 0.35,
    "escalation_bias": 0.3,
    "patience_bias": -0.3,
    "hardness_bias": 0.35,
    "samples": 203
  },
  "axis": {
    "X": {
      "pressure_gain": 1.3385477243602686,
      "difficulty_bias": 0.12572372249031194,
      "escalation_bias": 0.10788322832523077,
      "patience_bias": -0.10562290983426348,
      "hardness_bias": 0.12727401334751917,
      "samples": 203
    },
    "T": {
      "pressure_gain": 1.6618919231489857,
      "difficulty_bias": 0.25281460565905656,
      "escalation_bias": 0.21773935464521216,
      "patience_bias": -0.21319768564342162,
      "hardness_bias": 0.25843566708678145,
      "samples": 203
    },
    "N": {
      "pressure_gain": 1.532645217503703,
      "difficulty_bias": 0.20841929290384406,
      "escalation_bias": 0.17952972287305685,
      "patience_bias": -0.17369394248049985,
      "hardness_bias": 0.21328962252491432,
      "samples": 203
    },
    "B": {
      "pressure_gain": 1.9412679525835976,
      "difficulty_bias": 0.3468249964928144,
      "escalation_bias": 0.2972820969153868,
      "patience_bias": -0.2972660037984358,
      "hardness_bias": 0.3468351921602075,
      "samples": 203
    },
    "A": {
      "pressure_gain": 1.6236331874194179,
      "difficulty_bias": 0.23008958660854417,
      "escalation_bias": 0.19723273348081546,
      "patience_bias": -0.19709441383640283,
      "hardness_bias": 0.23016673829739084,
      "samples": 203
    }
  },
  "dimensions": {
    "coherence_maintenance": {
      "pressure_gain": 1.95,
      "difficulty_bias": 0.35,
      "escalation_bias": 0.3,
      "patience_bias": -0.3,
      "hardness_bias": 0.35,
      "samples": 203
    },
    "context_carryover": {
      "pressure_gain": 1.95,
      "difficulty_bias": 0.35,
      "escalation_bias": 0.3,
      "patience_bias": -0.3,
      "hardness_bias": 0.35,
      "samples": 203
    },
    "ambiguity_handling": {
      "pressure_gain": 1.8585034960937494,
      "difficulty_bias": 0.31629076171875,
      "escalation_bias": 0.2711063671875,
      "patience_bias": -0.2711063671875,
      "hardness_bias": 0.31629076171875,
      "samples": 203
    },
    "contradiction_handling": {
      "pressure_gain": 1.95,
      "difficulty_bias": 0.35,
      "escalation_bias": 0.3,
      "patience_bias": -0.3,
      "hardness_bias": 0.35,
      "samples": 203
    },
    "implied_intent_inference": {
      "pressure_gain": 1.8585034960937494,
      "difficulty_bias": 0.31629076171875,
      "escalation_bias": 0.2711063671875,
      "patience_bias": -0.2711063671875,
      "hardness_bias": 0.31629076171875,
      "samples": 203
    },
    "misunderstanding_repair": {
      "pressure_gain": 1.0,
      "difficulty_bias": 0.0,
      "escalation_bias": 0.0,
      "patience_bias": 0.0,
      "hardness_bias": 0.0,
      "samples": 203
    },
    "uncertainty_signaling": {
      "pressure_gain": 1.95,
      "difficulty_bias": 0.35,
      "escalation_bias": 0.3,
      "patience_bias": -0.3,
      "hardness_bias": 0.35,
      "samples": 203
    },
    "boundary_calibration": {
      "pressure_gain": 1.6498575922041856,
      "difficulty_bias": 0.279787442917344,
      "escalation_bias": 0.24315616131850207,
      "patience_bias": -0.22557005434404,
      "hardness_bias": 0.297313796711432,
      "samples": 203
    },
    "framing_selection": {
      "pressure_gain": 1.8585034960937494,
      "difficulty_bias": 0.31629076171875,
      "escalation_bias": 0.2711063671875,
      "patience_bias": -0.2711063671875,
      "hardness_bias": 0.31629076171875,
      "samples": 203
    },
    "emotional_calibration": {
      "pressure_gain": 1.0041978661021194,
      "difficulty_bias": 0.001655652107583587,
      "escalation_bias": 0.0014322880117652158,
      "patience_bias": -0.001077663256983445,
      "hardness_bias": 0.001879016203401964,
      "samples": 203
    },
    "semantic_precision": {
      "pressure_gain": 1.0628060222031979,
      "difficulty_bias": 0.02532397719638841,
      "escalation_bias": 0.021969843382993046,
      "patience_bias": -0.01710661625882306,
      "hardness_bias": 0.028678111009783798,
      "samples": 203
    },
    "adaptive_strategy_selection": {
      "pressure_gain": 1.95,
      "difficulty_bias": 0.35,
      "escalation_bias": 0.3,
      "patience_bias": -0.3,
      "hardness_bias": 0.35,
      "samples": 203
    },
    "compression_elaboration_fit": {
      "pressure_gain": 1.0553625452820379,
      "difficulty_bias": 0.024270150821249375,
      "escalation_bias": 0.021270256568241972,
      "patience_bias": -0.018541359112424705,
      "hardness_bias": 0.02727004507425678,
      "samples": 203
    },
    "perspective_integration": {
      "pressure_gain": 1.95,
      "difficulty_bias": 0.35,
      "escalation_bias": 0.3,
      "patience_bias": -0.3,
      "hardness_bias": 0.35,
      "samples": 203
    },
    "multi_turn_stability": {
      "pressure_gain": 1.1671081415511437,
      "difficulty_bias": 0.07437940147016125,
      "escalation_bias": 0.06529949736855112,
      "patience_bias": -0.05795976192422071,
      "hardness_bias": 0.08345930557177147,
      "samples": 203
    }
  },
  "last_episode_id": "episode_468c606ee6ce",
  "last_update_ts": 1783419912.501805
}