{
  "version": 1,
  "samples": 154,
  "global": {
    "pressure_gain_bias": 0.4,
    "difficulty_bias": 0.35,
    "escalation_bias": 0.3,
    "patience_bias": -0.3,
    "hardness_bias": 0.35,
    "samples": 154
  },
  "axis": {
    "X": {
      "pressure_gain": 1.4086713528517427,
      "difficulty_bias": 0.15406254704758957,
      "escalation_bias": 0.13247541499279847,
      "patience_bias": -0.1248363820827598,
      "hardness_bias": 0.15935836511679102,
      "samples": 154
    },
    "T": {
      "pressure_gain": 1.7055638473302053,
      "difficulty_bias": 0.2656597686965803,
      "escalation_bias": 0.22838747179412008,
      "patience_bias": -0.2233604635415765,
      "hardness_bias": 0.2704246282504438,
      "samples": 154
    },
    "N": {
      "pressure_gain": 1.6209992737302046,
      "difficulty_bias": 0.23940468427220024,
      "escalation_bias": 0.20635102108843,
      "patience_bias": -0.19777524385214335,
      "hardness_bias": 0.24457018645120435,
      "samples": 154
    },
    "B": {
      "pressure_gain": 1.9289294596405155,
      "difficulty_bias": 0.3431891655693166,
      "escalation_bias": 0.2942252159227996,
      "patience_bias": -0.29389635879969905,
      "hardness_bias": 0.3435223257025613,
      "samples": 154
    },
    "A": {
      "pressure_gain": 1.5174973530638591,
      "difficulty_bias": 0.20024685486758254,
      "escalation_bias": 0.1722715984477689,
      "patience_bias": -0.16404550327782233,
      "hardness_bias": 0.20505374823059844,
      "samples": 154
    }
  },
  "dimensions": {
    "coherence_maintenance": {
      "pressure_gain": 1.95,
      "difficulty_bias": 0.35,
      "escalation_bias": 0.3,
      "patience_bias": -0.3,
      "hardness_bias": 0.35,
      "samples": 154
    },
    "context_carryover": {
      "pressure_gain": 1.95,
      "difficulty_bias": 0.35,
      "escalation_bias": 0.3,
      "patience_bias": -0.3,
      "hardness_bias": 0.35,
      "samples": 154
    },
    "ambiguity_handling": {
      "pressure_gain": 1.9030937499999996,
      "difficulty_bias": 0.33271875,
      "escalation_bias": 0.2851875,
      "patience_bias": -0.2851875,
      "hardness_bias": 0.33271875,
      "samples": 154
    },
    "contradiction_handling": {
      "pressure_gain": 1.95,
      "difficulty_bias": 0.35,
      "escalation_bias": 0.3,
      "patience_bias": -0.3,
      "hardness_bias": 0.35,
      "samples": 154
    },
    "implied_intent_inference": {
      "pressure_gain": 1.549537209831758,
      "difficulty_bias": 0.22918739731231658,
      "escalation_bias": 0.1983916466248952,
      "patience_bias": -0.17662058587561472,
      "hardness_bias": 0.24314987838902782,
      "samples": 154
    },
    "misunderstanding_repair": {
      "pressure_gain": 1.0,
      "difficulty_bias": 0.0,
      "escalation_bias": 0.0,
      "patience_bias": 0.0,
      "hardness_bias": 0.0,
      "samples": 154
    },
    "uncertainty_signaling": {
      "pressure_gain": 1.95,
      "difficulty_bias": 0.35,
      "escalation_bias": 0.3,
      "patience_bias": -0.3,
      "hardness_bias": 0.35,
      "samples": 154
    },
    "boundary_calibration": {
      "pressure_gain": 1.8598334140197335,
      "difficulty_bias": 0.35,
      "escalation_bias": 0.3,
      "patience_bias": -0.2845540606799151,
      "hardness_bias": 0.35,
      "samples": 154
    },
    "framing_selection": {
      "pressure_gain": 1.9030937499999996,
      "difficulty_bias": 0.33271875,
      "escalation_bias": 0.2851875,
      "patience_bias": -0.2851875,
      "hardness_bias": 0.33271875,
      "samples": 154
    },
    "emotional_calibration": {
      "pressure_gain": 1.0145145111286276,
      "difficulty_bias": 0.005724570616608484,
      "escalation_bias": 0.0049522685527447294,
      "patience_bias": -0.0037261205945794146,
      "hardness_bias": 0.006496872680472246,
      "samples": 154
    },
    "semantic_precision": {
      "pressure_gain": 1.2171576429635602,
      "difficulty_bias": 0.08755999831733328,
      "escalation_bias": 0.07596276977856756,
      "patience_bias": -0.05914771124700867,
      "hardness_bias": 0.09915722685609919,
      "samples": 154
    },
    "adaptive_strategy_selection": {
      "pressure_gain": 1.95,
      "difficulty_bias": 0.35,
      "escalation_bias": 0.3,
      "patience_bias": -0.3,
      "hardness_bias": 0.35,
      "samples": 154
    },
    "compression_elaboration_fit": {
      "pressure_gain": 1.094325278683942,
      "difficulty_bias": 0.03993454949730686,
      "escalation_bias": 0.034854880455858044,
      "patience_bias": -0.02907240858012543,
      "hardness_bias": 0.04501421853875573,
      "samples": 154
    },
    "perspective_integration": {
      "pressure_gain": 1.95,
      "difficulty_bias": 0.35,
      "escalation_bias": 0.3,
      "patience_bias": -0.3,
      "hardness_bias": 0.35,
      "samples": 154
    },
    "multi_turn_stability": {
      "pressure_gain": 1.2343428631073117,
      "difficulty_bias": 0.10194706917255958,
      "escalation_bias": 0.08926634038617755,
      "patience_bias": -0.07708685048129872,
      "hardness_bias": 0.1146277979589417,
      "samples": 154
    }
  },
  "last_episode_id": "episode_37357e4d26c4",
  "last_update_ts": 1781527808.0254347
}