{
  "version": 1,
  "samples": 291,
  "global": {
    "pressure_gain_bias": 0.4,
    "difficulty_bias": 0.35,
    "escalation_bias": 0.3,
    "patience_bias": -0.3,
    "hardness_bias": 0.35,
    "samples": 291
  },
  "axis": {
    "X": {
      "pressure_gain": 1.226969064999215,
      "difficulty_bias": 0.08504309207294966,
      "escalation_bias": 0.07306205979812727,
      "patience_bias": -0.07227256600676263,
      "hardness_bias": 0.0860200220374073,
      "samples": 291
    },
    "T": {
      "pressure_gain": 1.5915155499424045,
      "difficulty_bias": 0.22023135374273703,
      "escalation_bias": 0.18900039923643702,
      "patience_bias": -0.18810194774489852,
      "hardness_bias": 0.22142310370456825,
      "samples": 291
    },
    "N": {
      "pressure_gain": 1.4685781001353841,
      "difficulty_bias": 0.1761696489279937,
      "escalation_bias": 0.15142892198886043,
      "patience_bias": -0.14988520803051705,
      "hardness_bias": 0.17843353900371714,
      "samples": 291
    },
    "B": {
      "pressure_gain": 1.6734112413328257,
      "difficulty_bias": 0.24809888234197772,
      "escalation_bias": 0.21265618519639334,
      "patience_bias": -0.2126561836828983,
      "hardness_bias": 0.24809888330084054,
      "samples": 291
    },
    "A": {
      "pressure_gain": 1.4445559708796685,
      "difficulty_bias": 0.16622003721536566,
      "escalation_bias": 0.14276550581580516,
      "patience_bias": -0.14174333317170873,
      "hardness_bias": 0.16772779360250556,
      "samples": 291
    }
  },
  "dimensions": {
    "coherence_maintenance": {
      "pressure_gain": 1.95,
      "difficulty_bias": 0.35,
      "escalation_bias": 0.3,
      "patience_bias": -0.3,
      "hardness_bias": 0.35,
      "samples": 291
    },
    "context_carryover": {
      "pressure_gain": 1.9262499999999998,
      "difficulty_bias": 0.34125,
      "escalation_bias": 0.2925,
      "patience_bias": -0.2925,
      "hardness_bias": 0.34125,
      "samples": 291
    },
    "ambiguity_handling": {
      "pressure_gain": 1.0925013880211516,
      "difficulty_bias": 0.034079458744636436,
      "escalation_bias": 0.029210964638259805,
      "patience_bias": -0.029210964638259805,
      "hardness_bias": 0.034079458744636436,
      "samples": 291
    },
    "contradiction_handling": {
      "pressure_gain": 1.95,
      "difficulty_bias": 0.35,
      "escalation_bias": 0.3,
      "patience_bias": -0.3,
      "hardness_bias": 0.35,
      "samples": 291
    },
    "implied_intent_inference": {
      "pressure_gain": 1.95,
      "difficulty_bias": 0.35,
      "escalation_bias": 0.3,
      "patience_bias": -0.3,
      "hardness_bias": 0.35,
      "samples": 291
    },
    "misunderstanding_repair": {
      "pressure_gain": 1.0,
      "difficulty_bias": 0.0,
      "escalation_bias": 0.0,
      "patience_bias": 0.0,
      "hardness_bias": 0.0,
      "samples": 291
    },
    "uncertainty_signaling": {
      "pressure_gain": 1.4651945306849905,
      "difficulty_bias": 0.1877887221428919,
      "escalation_bias": 0.16294032695371685,
      "patience_bias": -0.15601534904438366,
      "hardness_bias": 0.19817618900689182,
      "samples": 291
    },
    "boundary_calibration": {
      "pressure_gain": 1.95,
      "difficulty_bias": 0.35,
      "escalation_bias": 0.3,
      "patience_bias": -0.3,
      "hardness_bias": 0.35,
      "samples": 291
    },
    "framing_selection": {
      "pressure_gain": 1.5860398896742638,
      "difficulty_bias": 0.2218201859793405,
      "escalation_bias": 0.19084463119427666,
      "patience_bias": -0.18834897995232983,
      "hardness_bias": 0.22556366284226068,
      "samples": 291
    },
    "emotional_calibration": {
      "pressure_gain": 1.0004523085146866,
      "difficulty_bias": 0.00017839195615216221,
      "escalation_bias": 0.00015432508980706174,
      "patience_bias": -0.00011611524885331709,
      "hardness_bias": 0.00020245882249726347,
      "samples": 291
    },
    "semantic_precision": {
      "pressure_gain": 1.0067671759711116,
      "difficulty_bias": 0.002728588819428908,
      "escalation_bias": 0.0023671901358364926,
      "patience_bias": -0.0018431908029336796,
      "hardness_bias": 0.0030899875030213197,
      "samples": 291
    },
    "adaptive_strategy_selection": {
      "pressure_gain": 1.3909499506679097,
      "difficulty_bias": 0.1552095630486736,
      "escalation_bias": 0.1343849082845736,
      "patience_bias": -0.12966641843458673,
      "hardness_bias": 0.16228729782365392,
      "samples": 291
    },
    "compression_elaboration_fit": {
      "pressure_gain": 1.005965161826681,
      "difficulty_bias": 0.0026150419289652014,
      "escalation_bias": 0.00229181158269114,
      "patience_bias": -0.0019977803951897995,
      "hardness_bias": 0.002938272275239261,
      "samples": 291
    },
    "perspective_integration": {
      "pressure_gain": 1.95,
      "difficulty_bias": 0.35,
      "escalation_bias": 0.3,
      "patience_bias": -0.3,
      "hardness_bias": 0.35,
      "samples": 291
    },
    "multi_turn_stability": {
      "pressure_gain": 1.018005442160046,
      "difficulty_bias": 0.008014175722612784,
      "escalation_bias": 0.007035841054996939,
      "patience_bias": -0.00624500476906701,
      "hardness_bias": 0.008992510390228647,
      "samples": 291
    }
  },
  "last_episode_id": "episode_365c1cffb544",
  "last_update_ts": 1783979437.5710073
}