{
  "version": 1,
  "samples": 322,
  "global": {
    "pressure_gain_bias": 0.4,
    "difficulty_bias": 0.35,
    "escalation_bias": 0.3,
    "patience_bias": -0.3,
    "hardness_bias": 0.35,
    "samples": 322
  },
  "axis": {
    "X": {
      "pressure_gain": 1.2990745334335176,
      "difficulty_bias": 0.11208505806558608,
      "escalation_bias": 0.09622174648609123,
      "patience_bias": -0.09552788878932895,
      "hardness_bias": 0.11284884263522846,
      "samples": 322
    },
    "T": {
      "pressure_gain": 1.5588136781610973,
      "difficulty_bias": 0.2104795508764435,
      "escalation_bias": 0.18096425776326855,
      "patience_bias": -0.1789868676166032,
      "hardness_bias": 0.2134020227861645,
      "samples": 322
    },
    "N": {
      "pressure_gain": 1.4770712818317957,
      "difficulty_bias": 0.18414411918903595,
      "escalation_bias": 0.15884885375142552,
      "patience_bias": -0.15528691860668958,
      "hardness_bias": 0.18946370789766032,
      "samples": 322
    },
    "B": {
      "pressure_gain": 1.6516188810159342,
      "difficulty_bias": 0.24007011420943966,
      "escalation_bias": 0.20577438362075157,
      "patience_bias": -0.2057743835630087,
      "hardness_bias": 0.24007011424602226,
      "samples": 322
    },
    "A": {
      "pressure_gain": 1.4346679467414265,
      "difficulty_bias": 0.16539217069389006,
      "escalation_bias": 0.1423981103337101,
      "patience_bias": -0.1401811212596238,
      "hardness_bias": 0.16871668132954293,
      "samples": 322
    }
  },
  "dimensions": {
    "coherence_maintenance": {
      "pressure_gain": 1.95,
      "difficulty_bias": 0.35,
      "escalation_bias": 0.3,
      "patience_bias": -0.3,
      "hardness_bias": 0.35,
      "samples": 322
    },
    "context_carryover": {
      "pressure_gain": 1.6917012038806738,
      "difficulty_bias": 0.27413987603791107,
      "escalation_bias": 0.23730560306459408,
      "patience_bias": -0.22915562045224794,
      "hardness_bias": 0.2863648499564305,
      "samples": 322
    },
    "ambiguity_handling": {
      "pressure_gain": 1.0421979483485353,
      "difficulty_bias": 0.015546612549462083,
      "escalation_bias": 0.013325667899538929,
      "patience_bias": -0.013325667899538929,
      "hardness_bias": 0.015546612549462083,
      "samples": 322
    },
    "contradiction_handling": {
      "pressure_gain": 1.95,
      "difficulty_bias": 0.35,
      "escalation_bias": 0.3,
      "patience_bias": -0.3,
      "hardness_bias": 0.35,
      "samples": 322
    },
    "implied_intent_inference": {
      "pressure_gain": 1.95,
      "difficulty_bias": 0.35,
      "escalation_bias": 0.3,
      "patience_bias": -0.3,
      "hardness_bias": 0.35,
      "samples": 322
    },
    "misunderstanding_repair": {
      "pressure_gain": 1.0,
      "difficulty_bias": 0.0,
      "escalation_bias": 0.0,
      "patience_bias": 0.0,
      "hardness_bias": 0.0,
      "samples": 322
    },
    "uncertainty_signaling": {
      "pressure_gain": 1.4508661355871801,
      "difficulty_bias": 0.19172065317254486,
      "escalation_bias": 0.16742169929816908,
      "patience_bias": -0.15660771127221204,
      "hardness_bias": 0.2079416352114806,
      "samples": 322
    },
    "boundary_calibration": {
      "pressure_gain": 1.95,
      "difficulty_bias": 0.35,
      "escalation_bias": 0.3,
      "patience_bias": -0.3,
      "hardness_bias": 0.35,
      "samples": 322
    },
    "framing_selection": {
      "pressure_gain": 1.95,
      "difficulty_bias": 0.35,
      "escalation_bias": 0.3,
      "patience_bias": -0.3,
      "hardness_bias": 0.35,
      "samples": 322
    },
    "emotional_calibration": {
      "pressure_gain": 1.0002063373506989,
      "difficulty_bias": 8.138012534235987e-05,
      "escalation_bias": 7.040112919249137e-05,
      "patience_bias": -5.297028918603357e-05,
      "hardness_bias": 9.235912149222874e-05,
      "samples": 322
    },
    "semantic_precision": {
      "pressure_gain": 1.0030870989960603,
      "difficulty_bias": 0.0012447472684445641,
      "escalation_bias": 0.0010798818182096424,
      "patience_bias": -0.0008408400345399189,
      "hardness_bias": 0.0014096127186794837,
      "samples": 322
    },
    "adaptive_strategy_selection": {
      "pressure_gain": 1.3320667228403487,
      "difficulty_bias": 0.13868772941107435,
      "escalation_bias": 0.12084725885347919,
      "patience_bias": -0.113945041099525,
      "hardness_bias": 0.14904105604200588,
      "samples": 322
    },
    "compression_elaboration_fit": {
      "pressure_gain": 1.0027212304165132,
      "difficulty_bias": 0.0011929486314573115,
      "escalation_bias": 0.0010454950878020098,
      "patience_bias": -0.0009113618263616114,
      "hardness_bias": 0.0013404021751126122,
      "samples": 322
    },
    "perspective_integration": {
      "pressure_gain": 1.95,
      "difficulty_bias": 0.35,
      "escalation_bias": 0.3,
      "patience_bias": -0.3,
      "hardness_bias": 0.35,
      "samples": 322
    },
    "multi_turn_stability": {
      "pressure_gain": 1.0082138520785042,
      "difficulty_bias": 0.0036559643096554535,
      "escalation_bias": 0.003209660565951657,
      "patience_bias": -0.0028488911822728983,
      "hardness_bias": 0.004102268053359258,
      "samples": 322
    }
  },
  "last_episode_id": "episode_fde3b2239180",
  "last_update_ts": 1784158547.69306
}