{
  "version": 1,
  "samples": 225,
  "global": {
    "pressure_gain_bias": 0.4,
    "difficulty_bias": 0.35,
    "escalation_bias": 0.3,
    "patience_bias": -0.3,
    "hardness_bias": 0.35,
    "samples": 225
  },
  "axis": {
    "X": {
      "pressure_gain": 1.2261996316231527,
      "difficulty_bias": 0.08405892454864257,
      "escalation_bias": 0.07213762477648343,
      "patience_bias": -0.07077785944417583,
      "hardness_bias": 0.08504372028108058,
      "samples": 225
    },
    "T": {
      "pressure_gain": 1.6705025074915554,
      "difficulty_bias": 0.2505439184030882,
      "escalation_bias": 0.2151722518469063,
      "patience_bias": -0.213215979411793,
      "hardness_bias": 0.2529642584147013,
      "samples": 225
    },
    "N": {
      "pressure_gain": 1.6299620802152948,
      "difficulty_bias": 0.2354313067920119,
      "escalation_bias": 0.20204148717942297,
      "patience_bias": -0.2005208353116879,
      "hardness_bias": 0.23678419580475155,
      "samples": 225
    },
    "B": {
      "pressure_gain": 1.8401629384603115,
      "difficulty_bias": 0.3095378567653212,
      "escalation_bias": 0.2653185104174249,
      "patience_bias": -0.265316925614095,
      "hardness_bias": 0.3095388608049789,
      "samples": 225
    },
    "A": {
      "pressure_gain": 1.5251583469172123,
      "difficulty_bias": 0.19365497965221942,
      "escalation_bias": 0.1660085333138785,
      "patience_bias": -0.16593449533111,
      "hardness_bias": 0.19375320232604248,
      "samples": 225
    }
  },
  "dimensions": {
    "coherence_maintenance": {
      "pressure_gain": 1.95,
      "difficulty_bias": 0.35,
      "escalation_bias": 0.3,
      "patience_bias": -0.3,
      "hardness_bias": 0.35,
      "samples": 225
    },
    "context_carryover": {
      "pressure_gain": 1.95,
      "difficulty_bias": 0.35,
      "escalation_bias": 0.3,
      "patience_bias": -0.3,
      "hardness_bias": 0.35,
      "samples": 225
    },
    "ambiguity_handling": {
      "pressure_gain": 1.4918623874200163,
      "difficulty_bias": 0.18121245852316464,
      "escalation_bias": 0.15532496444842683,
      "patience_bias": -0.15532496444842683,
      "hardness_bias": 0.18121245852316464,
      "samples": 225
    },
    "contradiction_handling": {
      "pressure_gain": 1.95,
      "difficulty_bias": 0.35,
      "escalation_bias": 0.3,
      "patience_bias": -0.3,
      "hardness_bias": 0.35,
      "samples": 225
    },
    "implied_intent_inference": {
      "pressure_gain": 1.5303929935077092,
      "difficulty_bias": 0.1976401818186304,
      "escalation_bias": 0.16967515584454035,
      "patience_bias": -0.16873265584454034,
      "hardness_bias": 0.19905393181863043,
      "samples": 225
    },
    "misunderstanding_repair": {
      "pressure_gain": 1.0,
      "difficulty_bias": 0.0,
      "escalation_bias": 0.0,
      "patience_bias": 0.0,
      "hardness_bias": 0.0,
      "samples": 225
    },
    "uncertainty_signaling": {
      "pressure_gain": 1.95,
      "difficulty_bias": 0.35,
      "escalation_bias": 0.3,
      "patience_bias": -0.3,
      "hardness_bias": 0.35,
      "samples": 225
    },
    "boundary_calibration": {
      "pressure_gain": 1.95,
      "difficulty_bias": 0.35,
      "escalation_bias": 0.3,
      "patience_bias": -0.3,
      "hardness_bias": 0.35,
      "samples": 225
    },
    "framing_selection": {
      "pressure_gain": 1.5321039723458811,
      "difficulty_bias": 0.19841789947234498,
      "escalation_bias": 0.17035954737980918,
      "patience_bias": -0.16935482996751203,
      "hardness_bias": 0.19992497559079075,
      "samples": 225
    },
    "emotional_calibration": {
      "pressure_gain": 1.002405083325172,
      "difficulty_bias": 0.0009485727222759263,
      "escalation_bias": 0.0008206007362175951,
      "patience_bias": -0.0006174255839685323,
      "hardness_bias": 0.0010765447083342602,
      "samples": 225
    },
    "semantic_precision": {
      "pressure_gain": 1.035983452794052,
      "difficulty_bias": 0.014508865647561096,
      "escalation_bias": 0.012587181842323918,
      "patience_bias": -0.009800893242750386,
      "hardness_bias": 0.016430549452798277,
      "samples": 225
    },
    "adaptive_strategy_selection": {
      "pressure_gain": 1.95,
      "difficulty_bias": 0.35,
      "escalation_bias": 0.3,
      "patience_bias": -0.3,
      "hardness_bias": 0.35,
      "samples": 225
    },
    "compression_elaboration_fit": {
      "pressure_gain": 1.0317188617401936,
      "difficulty_bias": 0.013905096927735791,
      "escalation_bias": 0.012186367585332878,
      "patience_bias": -0.010622900431442428,
      "hardness_bias": 0.015623826270138705,
      "samples": 225
    },
    "perspective_integration": {
      "pressure_gain": 1.95,
      "difficulty_bias": 0.35,
      "escalation_bias": 0.3,
      "patience_bias": -0.3,
      "hardness_bias": 0.35,
      "samples": 225
    },
    "multi_turn_stability": {
      "pressure_gain": 1.0957412635296835,
      "difficulty_bias": 0.04261418869980985,
      "escalation_bias": 0.03741203946071687,
      "patience_bias": -0.033206885008689506,
      "hardness_bias": 0.04781633793890292,
      "samples": 225
    }
  },
  "last_episode_id": "episode_9eb8107eea68",
  "last_update_ts": 1783584301.580236
}