{
  "version": 1,
  "samples": 158,
  "global": {
    "pressure_gain_bias": 0.4,
    "difficulty_bias": 0.35,
    "escalation_bias": 0.3,
    "patience_bias": -0.3,
    "hardness_bias": 0.35,
    "samples": 158
  },
  "axis": {
    "X": {
      "pressure_gain": 1.3990128870783887,
      "difficulty_bias": 0.1502886867111426,
      "escalation_bias": 0.12920722514415103,
      "patience_bias": -0.12222832913958892,
      "hardness_bias": 0.15513735620864716,
      "samples": 158
    },
    "T": {
      "pressure_gain": 1.7030666903781382,
      "difficulty_bias": 0.26485110088996827,
      "escalation_bias": 0.22771131962698138,
      "patience_bias": -0.22292127764808478,
      "hardness_bias": 0.26960010407104085,
      "samples": 158
    },
    "N": {
      "pressure_gain": 1.6187091499818587,
      "difficulty_bias": 0.23903041147412465,
      "escalation_bias": 0.2057028441270583,
      "patience_bias": -0.19779872107763719,
      "hardness_bias": 0.24296448542242227,
      "samples": 158
    },
    "B": {
      "pressure_gain": 1.9336209101107673,
      "difficulty_bias": 0.34467717160815364,
      "escalation_bias": 0.2954894499481989,
      "patience_bias": -0.29523696678973255,
      "hardness_bias": 0.34495083797157544,
      "samples": 158
    },
    "A": {
      "pressure_gain": 1.521202314490719,
      "difficulty_bias": 0.20223665395942922,
      "escalation_bias": 0.17408768512749426,
      "patience_bias": -0.1658408773732242,
      "hardness_bias": 0.2075375670414337,
      "samples": 158
    }
  },
  "dimensions": {
    "coherence_maintenance": {
      "pressure_gain": 1.9262499999999998,
      "difficulty_bias": 0.34125,
      "escalation_bias": 0.2925,
      "patience_bias": -0.2925,
      "hardness_bias": 0.34125,
      "samples": 158
    },
    "context_carryover": {
      "pressure_gain": 1.9229764062499994,
      "difficulty_bias": 0.34370078125,
      "escalation_bias": 0.2950418125,
      "patience_bias": -0.2934978125,
      "hardness_bias": 0.34601678125,
      "samples": 158
    },
    "ambiguity_handling": {
      "pressure_gain": 1.95,
      "difficulty_bias": 0.35,
      "escalation_bias": 0.3,
      "patience_bias": -0.3,
      "hardness_bias": 0.35,
      "samples": 158
    },
    "contradiction_handling": {
      "pressure_gain": 1.95,
      "difficulty_bias": 0.35,
      "escalation_bias": 0.3,
      "patience_bias": -0.3,
      "hardness_bias": 0.35,
      "samples": 158
    },
    "implied_intent_inference": {
      "pressure_gain": 1.6484112795859638,
      "difficulty_bias": 0.2746452123795087,
      "escalation_bias": 0.2384768554592728,
      "patience_bias": -0.21315507122872437,
      "hardness_bias": 0.29440113142930213,
      "samples": 158
    },
    "misunderstanding_repair": {
      "pressure_gain": 1.0,
      "difficulty_bias": 0.0,
      "escalation_bias": 0.0,
      "patience_bias": 0.0,
      "hardness_bias": 0.0,
      "samples": 158
    },
    "uncertainty_signaling": {
      "pressure_gain": 1.95,
      "difficulty_bias": 0.35,
      "escalation_bias": 0.3,
      "patience_bias": -0.3,
      "hardness_bias": 0.35,
      "samples": 158
    },
    "boundary_calibration": {
      "pressure_gain": 1.777021044204385,
      "difficulty_bias": 0.31629076171875,
      "escalation_bias": 0.2711063671875,
      "patience_bias": -0.25714805886461073,
      "hardness_bias": 0.31629076171875,
      "samples": 158
    },
    "framing_selection": {
      "pressure_gain": 1.95,
      "difficulty_bias": 0.35,
      "escalation_bias": 0.3,
      "patience_bias": -0.3,
      "hardness_bias": 0.35,
      "samples": 158
    },
    "emotional_calibration": {
      "pressure_gain": 1.0131165879452821,
      "difficulty_bias": 0.005173225145256775,
      "escalation_bias": 0.004475305122238406,
      "patience_bias": -0.0033672500603298414,
      "hardness_bias": 0.005871145168275153,
      "samples": 158
    },
    "semantic_precision": {
      "pressure_gain": 1.1962427323028362,
      "difficulty_bias": 0.07912691018251945,
      "escalation_bias": 0.0686466351872262,
      "patience_bias": -0.053451070412105846,
      "hardness_bias": 0.08960718517781287,
      "samples": 158
    },
    "adaptive_strategy_selection": {
      "pressure_gain": 1.95,
      "difficulty_bias": 0.35,
      "escalation_bias": 0.3,
      "patience_bias": -0.3,
      "hardness_bias": 0.35,
      "samples": 158
    },
    "compression_elaboration_fit": {
      "pressure_gain": 1.0852406121265064,
      "difficulty_bias": 0.036088368798280895,
      "escalation_bias": 0.031497933397140895,
      "patience_bias": -0.0262723835851617,
      "hardness_bias": 0.04067880419942093,
      "samples": 158
    },
    "perspective_integration": {
      "pressure_gain": 1.95,
      "difficulty_bias": 0.35,
      "escalation_bias": 0.3,
      "patience_bias": -0.3,
      "hardness_bias": 0.35,
      "samples": 158
    },
    "multi_turn_stability": {
      "pressure_gain": 1.240397535494728,
      "difficulty_bias": 0.10503362220698534,
      "escalation_bias": 0.09201520680261978,
      "patience_bias": -0.07988309037031498,
      "hardness_bias": 0.118052037611351,
      "samples": 158
    }
  },
  "last_episode_id": "episode_6e292009685f",
  "last_update_ts": 1783114310.057681
}