{
  "version": 1,
  "samples": 172,
  "global": {
    "pressure_gain_bias": 0.4,
    "difficulty_bias": 0.35,
    "escalation_bias": 0.3,
    "patience_bias": -0.3,
    "hardness_bias": 0.35,
    "samples": 172
  },
  "axis": {
    "X": {
      "pressure_gain": 1.3783976299454246,
      "difficulty_bias": 0.14162941687220912,
      "escalation_bias": 0.12166263809127996,
      "patience_bias": -0.11672586316904464,
      "hardness_bias": 0.1450287855775832,
      "samples": 172
    },
    "T": {
      "pressure_gain": 1.6846107969960935,
      "difficulty_bias": 0.258454598250782,
      "escalation_bias": 0.22226076230547753,
      "patience_bias": -0.21808994219661848,
      "hardness_bias": 0.26301070618821265,
      "samples": 172
    },
    "N": {
      "pressure_gain": 1.5825082690484713,
      "difficulty_bias": 0.2257368597621932,
      "escalation_bias": 0.1939475638283873,
      "patience_bias": -0.18756277961571827,
      "hardness_bias": 0.22839997835500178,
      "samples": 172
    },
    "B": {
      "pressure_gain": 1.9456758646000292,
      "difficulty_bias": 0.3485696825960634,
      "escalation_bias": 0.2987858808260724,
      "patience_bias": -0.2987281207779263,
      "hardness_bias": 0.3486322886820425,
      "samples": 172
    },
    "A": {
      "pressure_gain": 1.584647342143625,
      "difficulty_bias": 0.22374968806714657,
      "escalation_bias": 0.1921284905765662,
      "patience_bias": -0.18858068016398946,
      "hardness_bias": 0.2257719045435621,
      "samples": 172
    }
  },
  "dimensions": {
    "coherence_maintenance": {
      "pressure_gain": 1.95,
      "difficulty_bias": 0.35,
      "escalation_bias": 0.3,
      "patience_bias": -0.3,
      "hardness_bias": 0.35,
      "samples": 172
    },
    "context_carryover": {
      "pressure_gain": 1.9264414062499995,
      "difficulty_bias": 0.34527578124999997,
      "escalation_bias": 0.2964278125,
      "patience_bias": -0.2947578125,
      "hardness_bias": 0.34778078125,
      "samples": 172
    },
    "ambiguity_handling": {
      "pressure_gain": 1.95,
      "difficulty_bias": 0.35,
      "escalation_bias": 0.3,
      "patience_bias": -0.3,
      "hardness_bias": 0.35,
      "samples": 172
    },
    "contradiction_handling": {
      "pressure_gain": 1.95,
      "difficulty_bias": 0.35,
      "escalation_bias": 0.3,
      "patience_bias": -0.3,
      "hardness_bias": 0.35,
      "samples": 172
    },
    "implied_intent_inference": {
      "pressure_gain": 1.95,
      "difficulty_bias": 0.35,
      "escalation_bias": 0.3,
      "patience_bias": -0.3,
      "hardness_bias": 0.35,
      "samples": 172
    },
    "misunderstanding_repair": {
      "pressure_gain": 1.0,
      "difficulty_bias": 0.0,
      "escalation_bias": 0.0,
      "patience_bias": 0.0,
      "hardness_bias": 0.0,
      "samples": 172
    },
    "uncertainty_signaling": {
      "pressure_gain": 1.95,
      "difficulty_bias": 0.35,
      "escalation_bias": 0.3,
      "patience_bias": -0.3,
      "hardness_bias": 0.35,
      "samples": 172
    },
    "boundary_calibration": {
      "pressure_gain": 1.6375063834292487,
      "difficulty_bias": 0.26254303082774205,
      "escalation_bias": 0.22570250578101433,
      "patience_bias": -0.21307161957785942,
      "hardness_bias": 0.26603754745322833,
      "samples": 172
    },
    "framing_selection": {
      "pressure_gain": 1.95,
      "difficulty_bias": 0.35,
      "escalation_bias": 0.3,
      "patience_bias": -0.3,
      "hardness_bias": 0.35,
      "samples": 172
    },
    "emotional_calibration": {
      "pressure_gain": 1.009202069208811,
      "difficulty_bias": 0.0036293261645487873,
      "escalation_bias": 0.003139693618278208,
      "patience_bias": -0.0023623268663917757,
      "hardness_bias": 0.004118958710819372,
      "samples": 172
    },
    "semantic_precision": {
      "pressure_gain": 1.137675987986382,
      "difficulty_bias": 0.055512249589335344,
      "escalation_bias": 0.048159711243510796,
      "patience_bias": -0.03749911572042481,
      "hardness_bias": 0.06286478793516,
      "samples": 172
    },
    "adaptive_strategy_selection": {
      "pressure_gain": 1.95,
      "difficulty_bias": 0.35,
      "escalation_bias": 0.3,
      "patience_bias": -0.3,
      "hardness_bias": 0.35,
      "samples": 172
    },
    "compression_elaboration_fit": {
      "pressure_gain": 1.0834471630463394,
      "difficulty_bias": 0.03601842668679265,
      "escalation_bias": 0.03150925440280423,
      "patience_bias": -0.02694513053370093,
      "hardness_bias": 0.04052759897078111,
      "samples": 172
    },
    "perspective_integration": {
      "pressure_gain": 1.95,
      "difficulty_bias": 0.35,
      "escalation_bias": 0.3,
      "patience_bias": -0.3,
      "hardness_bias": 0.35,
      "samples": 172
    },
    "multi_turn_stability": {
      "pressure_gain": 1.2227561071299977,
      "difficulty_bias": 0.09812515016952116,
      "escalation_bias": 0.08604431984886504,
      "patience_bias": -0.07544199713248098,
      "hardness_bias": 0.11020598049017737,
      "samples": 172
    }
  },
  "last_episode_id": "episode_b207e85d5d8e",
  "last_update_ts": 1783191941.7126012
}