{
  "version": 1,
  "samples": 263,
  "global": {
    "pressure_gain_bias": 0.4,
    "difficulty_bias": 0.35,
    "escalation_bias": 0.3,
    "patience_bias": -0.3,
    "hardness_bias": 0.35,
    "samples": 263
  },
  "axis": {
    "X": {
      "pressure_gain": 1.303480677440792,
      "difficulty_bias": 0.11378227320419952,
      "escalation_bias": 0.09769558856834275,
      "patience_bias": -0.09664436954447052,
      "hardness_bias": 0.11478575337214952,
      "samples": 263
    },
    "T": {
      "pressure_gain": 1.5347279519338497,
      "difficulty_bias": 0.19822666672697623,
      "escalation_bias": 0.17005587154101706,
      "patience_bias": -0.16935715277393884,
      "hardness_bias": 0.1990910485459758,
      "samples": 263
    },
    "N": {
      "pressure_gain": 1.5238938493565264,
      "difficulty_bias": 0.19342437021121756,
      "escalation_bias": 0.16583896561882724,
      "patience_bias": -0.16556470712335192,
      "hardness_bias": 0.19372004733716808,
      "samples": 263
    },
    "B": {
      "pressure_gain": 1.71465880132495,
      "difficulty_bias": 0.26329542345066287,
      "escalation_bias": 0.2256817978698778,
      "patience_bias": -0.22568176895038095,
      "hardness_bias": 0.2632954417723822,
      "samples": 263
    },
    "A": {
      "pressure_gain": 1.4929649364944542,
      "difficulty_bias": 0.18288402285545588,
      "escalation_bias": 0.15685860549252217,
      "patience_bias": -0.15644796529638622,
      "hardness_bias": 0.1833747904044179,
      "samples": 263
    }
  },
  "dimensions": {
    "coherence_maintenance": {
      "pressure_gain": 1.95,
      "difficulty_bias": 0.35,
      "escalation_bias": 0.3,
      "patience_bias": -0.3,
      "hardness_bias": 0.35,
      "samples": 263
    },
    "context_carryover": {
      "pressure_gain": 1.4795658277345158,
      "difficulty_bias": 0.17668214706008553,
      "escalation_bias": 0.15144184033721617,
      "patience_bias": -0.15144184033721617,
      "hardness_bias": 0.17668214706008553,
      "samples": 263
    },
    "ambiguity_handling": {
      "pressure_gain": 1.1879399080306619,
      "difficulty_bias": 0.06924101874813982,
      "escalation_bias": 0.0593494446412627,
      "patience_bias": -0.0593494446412627,
      "hardness_bias": 0.06924101874813982,
      "samples": 263
    },
    "contradiction_handling": {
      "pressure_gain": 1.95,
      "difficulty_bias": 0.35,
      "escalation_bias": 0.3,
      "patience_bias": -0.3,
      "hardness_bias": 0.35,
      "samples": 263
    },
    "implied_intent_inference": {
      "pressure_gain": 1.95,
      "difficulty_bias": 0.35,
      "escalation_bias": 0.3,
      "patience_bias": -0.3,
      "hardness_bias": 0.35,
      "samples": 263
    },
    "misunderstanding_repair": {
      "pressure_gain": 1.0,
      "difficulty_bias": 0.0,
      "escalation_bias": 0.0,
      "patience_bias": 0.0,
      "hardness_bias": 0.0,
      "samples": 263
    },
    "uncertainty_signaling": {
      "pressure_gain": 1.4795658277345158,
      "difficulty_bias": 0.17668214706008553,
      "escalation_bias": 0.15144184033721617,
      "patience_bias": -0.15144184033721617,
      "hardness_bias": 0.17668214706008553,
      "samples": 263
    },
    "boundary_calibration": {
      "pressure_gain": 1.95,
      "difficulty_bias": 0.35,
      "escalation_bias": 0.3,
      "patience_bias": -0.3,
      "hardness_bias": 0.35,
      "samples": 263
    },
    "framing_selection": {
      "pressure_gain": 1.95,
      "difficulty_bias": 0.35,
      "escalation_bias": 0.3,
      "patience_bias": -0.3,
      "hardness_bias": 0.35,
      "samples": 263
    },
    "emotional_calibration": {
      "pressure_gain": 1.0009189788658355,
      "difficulty_bias": 0.00036244826753280567,
      "escalation_bias": 0.0003135503564392984,
      "patience_bias": -0.00023591742413053455,
      "hardness_bias": 0.00041134617862631414,
      "samples": 263
    },
    "semantic_precision": {
      "pressure_gain": 1.0137492253559204,
      "difficulty_bias": 0.0055438166145105276,
      "escalation_bias": 0.00480954400725811,
      "patience_bias": -0.0037449071564968966,
      "hardness_bias": 0.006278089221762941,
      "samples": 263
    },
    "adaptive_strategy_selection": {
      "pressure_gain": 1.455887264990124,
      "difficulty_bias": 0.1679584660489938,
      "escalation_bias": 0.1439643994705661,
      "patience_bias": -0.1439643994705661,
      "hardness_bias": 0.1679584660489938,
      "samples": 263
    },
    "compression_elaboration_fit": {
      "pressure_gain": 1.0121197312719061,
      "difficulty_bias": 0.0053131174584499065,
      "escalation_bias": 0.004656393458399514,
      "patience_bias": -0.004058994916395899,
      "hardness_bias": 0.005969841458500294,
      "samples": 263
    },
    "perspective_integration": {
      "pressure_gain": 1.95,
      "difficulty_bias": 0.35,
      "escalation_bias": 0.3,
      "patience_bias": -0.3,
      "hardness_bias": 0.35,
      "samples": 263
    },
    "multi_turn_stability": {
      "pressure_gain": 1.036582598553407,
      "difficulty_bias": 0.016282819971360385,
      "escalation_bias": 0.014295086258511875,
      "patience_bias": -0.012688302814235445,
      "hardness_bias": 0.01827055368420894,
      "samples": 263
    }
  },
  "last_episode_id": "episode_e5024b448723",
  "last_update_ts": 1783813774.1882167
}