{
  "version": 1,
  "samples": 336,
  "global": {
    "pressure_gain_bias": 0.4,
    "difficulty_bias": 0.35,
    "escalation_bias": 0.3,
    "patience_bias": -0.3,
    "hardness_bias": 0.35,
    "samples": 336
  },
  "axis": {
    "X": {
      "pressure_gain": 1.3133168983274208,
      "difficulty_bias": 0.11589023381712876,
      "escalation_bias": 0.09937132264467442,
      "patience_bias": -0.09916004506487615,
      "hardness_bias": 0.11610098960968523,
      "samples": 336
    },
    "T": {
      "pressure_gain": 1.5305309117964603,
      "difficulty_bias": 0.20174464008396234,
      "escalation_bias": 0.1736818610040534,
      "patience_bias": -0.17100042349402092,
      "hardness_bias": 0.2057373864255228,
      "samples": 336
    },
    "N": {
      "pressure_gain": 1.4543726897248999,
      "difficulty_bias": 0.17525135458447785,
      "escalation_bias": 0.15116253694148152,
      "patience_bias": -0.1478313786990993,
      "hardness_bias": 0.1802317470909111,
      "samples": 336
    },
    "B": {
      "pressure_gain": 1.646161844979894,
      "difficulty_bias": 0.23805962713238582,
      "escalation_bias": 0.20405110897351275,
      "patience_bias": -0.20405110896030304,
      "hardness_bias": 0.23805962714075474,
      "samples": 336
    },
    "A": {
      "pressure_gain": 1.4169135322865425,
      "difficulty_bias": 0.15858720986524646,
      "escalation_bias": 0.13653353567249332,
      "patience_bias": -0.13442776410899238,
      "hardness_bias": 0.16174564462491756,
      "samples": 336
    }
  },
  "dimensions": {
    "coherence_maintenance": {
      "pressure_gain": 1.95,
      "difficulty_bias": 0.35,
      "escalation_bias": 0.3,
      "patience_bias": -0.3,
      "hardness_bias": 0.35,
      "samples": 336
    },
    "context_carryover": {
      "pressure_gain": 1.5588243648846447,
      "difficulty_bias": 0.22503503258378377,
      "escalation_bias": 0.19519761564260416,
      "patience_bias": -0.18711105864484068,
      "hardness_bias": 0.23716486808042922,
      "samples": 336
    },
    "ambiguity_handling": {
      "pressure_gain": 1.0296043790346203,
      "difficulty_bias": 0.010906876486440769,
      "escalation_bias": 0.00934875127409209,
      "patience_bias": -0.00934875127409209,
      "hardness_bias": 0.010906876486440769,
      "samples": 336
    },
    "contradiction_handling": {
      "pressure_gain": 1.95,
      "difficulty_bias": 0.35,
      "escalation_bias": 0.3,
      "patience_bias": -0.3,
      "hardness_bias": 0.35,
      "samples": 336
    },
    "implied_intent_inference": {
      "pressure_gain": 1.95,
      "difficulty_bias": 0.35,
      "escalation_bias": 0.3,
      "patience_bias": -0.3,
      "hardness_bias": 0.35,
      "samples": 336
    },
    "misunderstanding_repair": {
      "pressure_gain": 1.0,
      "difficulty_bias": 0.0,
      "escalation_bias": 0.0,
      "patience_bias": 0.0,
      "hardness_bias": 0.0,
      "samples": 336
    },
    "uncertainty_signaling": {
      "pressure_gain": 1.3557459262931681,
      "difficulty_bias": 0.15219134386908542,
      "escalation_bias": 0.13299838394785368,
      "patience_bias": -0.12407807173762218,
      "hardness_bias": 0.16557181218443287,
      "samples": 336
    },
    "boundary_calibration": {
      "pressure_gain": 1.95,
      "difficulty_bias": 0.35,
      "escalation_bias": 0.3,
      "patience_bias": -0.3,
      "hardness_bias": 0.35,
      "samples": 336
    },
    "framing_selection": {
      "pressure_gain": 1.95,
      "difficulty_bias": 0.35,
      "escalation_bias": 0.3,
      "patience_bias": -0.3,
      "hardness_bias": 0.35,
      "samples": 336
    },
    "emotional_calibration": {
      "pressure_gain": 1.0001447579652123,
      "difficulty_bias": 5.70930144902144e-05,
      "escalation_bias": 4.939059349202286e-05,
      "patience_bias": -3.716181899851277e-05,
      "hardness_bias": 6.479543548840617e-05,
      "samples": 336
    },
    "semantic_precision": {
      "pressure_gain": 1.0021657841760903,
      "difficulty_bias": 0.0008732644922207919,
      "escalation_bias": 0.0007576015401228471,
      "patience_bias": -0.0005898994634621421,
      "hardness_bias": 0.0009889274443187347,
      "samples": 336
    },
    "adaptive_strategy_selection": {
      "pressure_gain": 1.2602827006305986,
      "difficulty_bias": 0.10949463464423685,
      "escalation_bias": 0.09549330051300477,
      "patience_bias": -0.08975065265019862,
      "hardness_bias": 0.11810860643844623,
      "samples": 336
    },
    "compression_elaboration_fit": {
      "pressure_gain": 1.0019091055334155,
      "difficulty_bias": 0.0008369246571609994,
      "escalation_bias": 0.0007334771966277385,
      "patience_bias": -0.0006393747089893937,
      "hardness_bias": 0.00094037211769426,
      "samples": 336
    },
    "perspective_integration": {
      "pressure_gain": 1.95,
      "difficulty_bias": 0.35,
      "escalation_bias": 0.3,
      "patience_bias": -0.3,
      "hardness_bias": 0.35,
      "samples": 336
    },
    "multi_turn_stability": {
      "pressure_gain": 1.0057625074152394,
      "difficulty_bias": 0.0025648771420387277,
      "escalation_bias": 0.002251768431538198,
      "patience_bias": -0.001998667179072127,
      "hardness_bias": 0.0028779858525392627,
      "samples": 336
    }
  },
  "last_episode_id": "episode_0188d90752ea",
  "last_update_ts": 1784242703.8436182
}