{
  "version": 1,
  "samples": 184,
  "global": {
    "pressure_gain_bias": 0.4,
    "difficulty_bias": 0.35,
    "escalation_bias": 0.3,
    "patience_bias": -0.3,
    "hardness_bias": 0.35,
    "samples": 184
  },
  "axis": {
    "X": {
      "pressure_gain": 1.3623354633877756,
      "difficulty_bias": 0.13511165288316881,
      "escalation_bias": 0.11600486892622035,
      "patience_bias": -0.11235257370274424,
      "hardness_bias": 0.13761988267522102,
      "samples": 184
    },
    "T": {
      "pressure_gain": 1.687681812924206,
      "difficulty_bias": 0.26056106835765586,
      "escalation_bias": 0.22420061867727137,
      "patience_bias": -0.21992556874601732,
      "hardness_bias": 0.2656918162608744,
      "samples": 184
    },
    "N": {
      "pressure_gain": 1.5476667844612197,
      "difficulty_bias": 0.21244011321876022,
      "escalation_bias": 0.182586715559926,
      "patience_bias": -0.17695124009619007,
      "hardness_bias": 0.21534309153639886,
      "samples": 184
    },
    "B": {
      "pressure_gain": 1.9458277303758837,
      "difficulty_bias": 0.348572223335851,
      "escalation_bias": 0.2987871913221314,
      "patience_bias": -0.29874410929850614,
      "hardness_bias": 0.348630058463695,
      "samples": 184
    },
    "A": {
      "pressure_gain": 1.617107548353685,
      "difficulty_bias": 0.22979825094122963,
      "escalation_bias": 0.19706681504061127,
      "patience_bias": -0.19604287109026478,
      "hardness_bias": 0.2303693846033279,
      "samples": 184
    }
  },
  "dimensions": {
    "coherence_maintenance": {
      "pressure_gain": 1.95,
      "difficulty_bias": 0.35,
      "escalation_bias": 0.3,
      "patience_bias": -0.3,
      "hardness_bias": 0.35,
      "samples": 184
    },
    "context_carryover": {
      "pressure_gain": 1.9020866773463354,
      "difficulty_bias": 0.3432224330396042,
      "escalation_bias": 0.29550252664555354,
      "patience_bias": -0.29091098250492853,
      "hardness_bias": 0.35,
      "samples": 184
    },
    "ambiguity_handling": {
      "pressure_gain": 1.95,
      "difficulty_bias": 0.35,
      "escalation_bias": 0.3,
      "patience_bias": -0.3,
      "hardness_bias": 0.35,
      "samples": 184
    },
    "contradiction_handling": {
      "pressure_gain": 1.95,
      "difficulty_bias": 0.35,
      "escalation_bias": 0.3,
      "patience_bias": -0.3,
      "hardness_bias": 0.35,
      "samples": 184
    },
    "implied_intent_inference": {
      "pressure_gain": 1.95,
      "difficulty_bias": 0.35,
      "escalation_bias": 0.3,
      "patience_bias": -0.3,
      "hardness_bias": 0.35,
      "samples": 184
    },
    "misunderstanding_repair": {
      "pressure_gain": 1.0,
      "difficulty_bias": 0.0,
      "escalation_bias": 0.0,
      "patience_bias": 0.0,
      "hardness_bias": 0.0,
      "samples": 184
    },
    "uncertainty_signaling": {
      "pressure_gain": 1.95,
      "difficulty_bias": 0.35,
      "escalation_bias": 0.3,
      "patience_bias": -0.3,
      "hardness_bias": 0.35,
      "samples": 184
    },
    "boundary_calibration": {
      "pressure_gain": 1.5627060145380776,
      "difficulty_bias": 0.23463398867049687,
      "escalation_bias": 0.2023359109780791,
      "patience_bias": -0.19006505531374338,
      "hardness_bias": 0.24104457228817663,
      "samples": 184
    },
    "framing_selection": {
      "pressure_gain": 1.95,
      "difficulty_bias": 0.35,
      "escalation_bias": 0.3,
      "patience_bias": -0.3,
      "hardness_bias": 0.35,
      "samples": 184
    },
    "emotional_calibration": {
      "pressure_gain": 1.0067911118542843,
      "difficulty_bias": 0.002678436705902388,
      "escalation_bias": 0.0023170886966918103,
      "patience_bias": -0.0017433933196989869,
      "hardness_bias": 0.003039784715112971,
      "samples": 184
    },
    "semantic_precision": {
      "pressure_gain": 1.1016046513939985,
      "difficulty_bias": 0.04096794837004568,
      "escalation_bias": 0.03554178723320014,
      "patience_bias": -0.02767428537163567,
      "hardness_bias": 0.04639410950689128,
      "samples": 184
    },
    "adaptive_strategy_selection": {
      "pressure_gain": 1.95,
      "difficulty_bias": 0.35,
      "escalation_bias": 0.3,
      "patience_bias": -0.3,
      "hardness_bias": 0.35,
      "samples": 184
    },
    "compression_elaboration_fit": {
      "pressure_gain": 1.0895629418380763,
      "difficulty_bias": 0.03926311724526305,
      "escalation_bias": 0.03441002833589809,
      "patience_bias": -0.02999534539687638,
      "hardness_bias": 0.044116206154628045,
      "samples": 184
    },
    "perspective_integration": {
      "pressure_gain": 1.95,
      "difficulty_bias": 0.35,
      "escalation_bias": 0.3,
      "patience_bias": -0.3,
      "hardness_bias": 0.35,
      "samples": 184
    },
    "multi_turn_stability": {
      "pressure_gain": 1.2703397520140705,
      "difficulty_bias": 0.12032752421128541,
      "escalation_bias": 0.10563847913929801,
      "patience_bias": -0.0937645977026963,
      "hardness_bias": 0.13501656928327294,
      "samples": 184
    }
  },
  "last_episode_id": "episode_b50eafe488b5",
  "last_update_ts": 1783270852.1058161
}