{
  "version": 1,
  "samples": 408,
  "global": {
    "pressure_gain_bias": 0.4,
    "difficulty_bias": 0.35,
    "escalation_bias": 0.3,
    "patience_bias": -0.3,
    "hardness_bias": 0.35,
    "samples": 408
  },
  "axis": {
    "X": {
      "pressure_gain": 1.3231870332589275,
      "difficulty_bias": 0.11962234922842338,
      "escalation_bias": 0.10260019732934508,
      "patience_bias": -0.10235612472046576,
      "hardness_bias": 0.11997801641563315,
      "samples": 408
    },
    "T": {
      "pressure_gain": 1.7657409734167628,
      "difficulty_bias": 0.29700619858203625,
      "escalation_bias": 0.2562875182279183,
      "patience_bias": -0.2502308931051366,
      "hardness_bias": 0.3059354978072762,
      "samples": 408
    },
    "N": {
      "pressure_gain": 1.5298240926257765,
      "difficulty_bias": 0.2024359544512697,
      "escalation_bias": 0.17422825418805046,
      "patience_bias": -0.17161947018802254,
      "hardness_bias": 0.20592765923258352,
      "samples": 408
    },
    "B": {
      "pressure_gain": 1.8594875152186476,
      "difficulty_bias": 0.32631095918717856,
      "escalation_bias": 0.2803991571950909,
      "patience_bias": -0.27766881767933604,
      "hardness_bias": 0.32932845201677935,
      "samples": 408
    },
    "A": {
      "pressure_gain": 1.430980103792122,
      "difficulty_bias": 0.16826246705978823,
      "escalation_bias": 0.14536388321277954,
      "patience_bias": -0.1413776931340651,
      "hardness_bias": 0.17424175206489137,
      "samples": 408
    }
  },
  "dimensions": {
    "coherence_maintenance": {
      "pressure_gain": 1.95,
      "difficulty_bias": 0.35,
      "escalation_bias": 0.3,
      "patience_bias": -0.3,
      "hardness_bias": 0.35,
      "samples": 408
    },
    "context_carryover": {
      "pressure_gain": 1.95,
      "difficulty_bias": 0.35,
      "escalation_bias": 0.3,
      "patience_bias": -0.3,
      "hardness_bias": 0.35,
      "samples": 408
    },
    "ambiguity_handling": {
      "pressure_gain": 1.95,
      "difficulty_bias": 0.35,
      "escalation_bias": 0.3,
      "patience_bias": -0.3,
      "hardness_bias": 0.35,
      "samples": 408
    },
    "contradiction_handling": {
      "pressure_gain": 1.95,
      "difficulty_bias": 0.35,
      "escalation_bias": 0.3,
      "patience_bias": -0.3,
      "hardness_bias": 0.35,
      "samples": 408
    },
    "implied_intent_inference": {
      "pressure_gain": 1.9262499999999998,
      "difficulty_bias": 0.34125,
      "escalation_bias": 0.2925,
      "patience_bias": -0.2925,
      "hardness_bias": 0.34125,
      "samples": 408
    },
    "misunderstanding_repair": {
      "pressure_gain": 1.0,
      "difficulty_bias": 0.0,
      "escalation_bias": 0.0,
      "patience_bias": 0.0,
      "hardness_bias": 0.0,
      "samples": 408
    },
    "uncertainty_signaling": {
      "pressure_gain": 1.95,
      "difficulty_bias": 0.35,
      "escalation_bias": 0.3,
      "patience_bias": -0.3,
      "hardness_bias": 0.35,
      "samples": 408
    },
    "boundary_calibration": {
      "pressure_gain": 1.6559716136014349,
      "difficulty_bias": 0.25360733321896345,
      "escalation_bias": 0.21881732076514482,
      "patience_bias": -0.2137786977440282,
      "hardness_bias": 0.26116526775063825,
      "samples": 408
    },
    "framing_selection": {
      "pressure_gain": 1.95,
      "difficulty_bias": 0.35,
      "escalation_bias": 0.3,
      "patience_bias": -0.3,
      "hardness_bias": 0.35,
      "samples": 408
    },
    "emotional_calibration": {
      "pressure_gain": 1.000023387015317,
      "difficulty_bias": 9.223915261046534e-06,
      "escalation_bias": 7.979516463284656e-06,
      "patience_bias": -6.003842544474196e-06,
      "hardness_bias": 1.0468314058808452e-05,
      "samples": 408
    },
    "semantic_precision": {
      "pressure_gain": 1.0449492522796,
      "difficulty_bias": 0.020412582697789325,
      "escalation_bias": 0.017961225203189435,
      "patience_bias": -0.01631159044957976,
      "hardness_bias": 0.022863940192389215,
      "samples": 408
    },
    "adaptive_strategy_selection": {
      "pressure_gain": 1.3713102725785347,
      "difficulty_bias": 0.16653090267591147,
      "escalation_bias": 0.14632753716851163,
      "patience_bias": -0.13377386510645517,
      "hardness_bias": 0.1853614107689963,
      "samples": 408
    },
    "compression_elaboration_fit": {
      "pressure_gain": 1.0003084340145945,
      "difficulty_bias": 0.00013521307617863878,
      "escalation_bias": 0.00011850016272592892,
      "patience_bias": -0.00010329701783018103,
      "hardness_bias": 0.00015192598963134843,
      "samples": 408
    },
    "perspective_integration": {
      "pressure_gain": 1.8805164062499995,
      "difficulty_bias": 0.32440078125,
      "escalation_bias": 0.2780578125,
      "patience_bias": -0.2780578125,
      "hardness_bias": 0.32440078125,
      "samples": 408
    },
    "multi_turn_stability": {
      "pressure_gain": 1.6354158740030411,
      "difficulty_bias": 0.28880752596406767,
      "escalation_bias": 0.2541488754313976,
      "patience_bias": -0.23102854660143407,
      "hardness_bias": 0.323466176496738,
      "samples": 408
    }
  },
  "last_episode_id": "episode_b683d5743f17",
  "last_update_ts": 1784847559.816365
}