{
  "version": 1,
  "samples": 356,
  "global": {
    "pressure_gain_bias": 0.4,
    "difficulty_bias": 0.35,
    "escalation_bias": 0.3,
    "patience_bias": -0.3,
    "hardness_bias": 0.35,
    "samples": 356
  },
  "axis": {
    "X": {
      "pressure_gain": 1.3167411182013837,
      "difficulty_bias": 0.11676623283514942,
      "escalation_bias": 0.10009181039598966,
      "patience_bias": -0.1000286117309,
      "hardness_bias": 0.1168175752105209,
      "samples": 356
    },
    "T": {
      "pressure_gain": 1.4951133540268342,
      "difficulty_bias": 0.1899974817145471,
      "escalation_bias": 0.16377022725951898,
      "patience_bias": -0.1605494971918768,
      "hardness_bias": 0.19481112824007749,
      "samples": 356
    },
    "N": {
      "pressure_gain": 1.4263877795343691,
      "difficulty_bias": 0.16397978905998833,
      "escalation_bias": 0.14138522560640526,
      "patience_bias": -0.1384664552152556,
      "hardness_bias": 0.16834809643583534,
      "samples": 356
    },
    "B": {
      "pressure_gain": 1.6410649445655565,
      "difficulty_bias": 0.23618182168624557,
      "escalation_bias": 0.20244156144570552,
      "patience_bias": -0.20244156144409947,
      "hardness_bias": 0.23618182168726304,
      "samples": 356
    },
    "A": {
      "pressure_gain": 1.3953691546061113,
      "difficulty_bias": 0.15012112569596958,
      "escalation_bias": 0.12921313537831638,
      "patience_bias": -0.12733053544398137,
      "hardness_bias": 0.15294499853626187,
      "samples": 356
    }
  },
  "dimensions": {
    "coherence_maintenance": {
      "pressure_gain": 1.95,
      "difficulty_bias": 0.35,
      "escalation_bias": 0.3,
      "patience_bias": -0.3,
      "hardness_bias": 0.35,
      "samples": 356
    },
    "context_carryover": {
      "pressure_gain": 1.4622912161718098,
      "difficulty_bias": 0.1917618213444171,
      "escalation_bias": 0.1669541712624606,
      "patience_bias": -0.1579000358770999,
      "hardness_bias": 0.2053430244224583,
      "samples": 356
    },
    "ambiguity_handling": {
      "pressure_gain": 1.0178421945247007,
      "difficulty_bias": 0.006573440088049238,
      "escalation_bias": 0.005634377218327918,
      "patience_bias": -0.005634377218327918,
      "hardness_bias": 0.006573440088049238,
      "samples": 356
    },
    "contradiction_handling": {
      "pressure_gain": 1.95,
      "difficulty_bias": 0.35,
      "escalation_bias": 0.3,
      "patience_bias": -0.3,
      "hardness_bias": 0.35,
      "samples": 356
    },
    "implied_intent_inference": {
      "pressure_gain": 1.95,
      "difficulty_bias": 0.35,
      "escalation_bias": 0.3,
      "patience_bias": -0.3,
      "hardness_bias": 0.35,
      "samples": 356
    },
    "misunderstanding_repair": {
      "pressure_gain": 1.0,
      "difficulty_bias": 0.0,
      "escalation_bias": 0.0,
      "patience_bias": 0.0,
      "hardness_bias": 0.0,
      "samples": 356
    },
    "uncertainty_signaling": {
      "pressure_gain": 1.2809012919196994,
      "difficulty_bias": 0.12165229532488979,
      "escalation_bias": 0.1064644091212388,
      "patience_bias": -0.09879586317157253,
      "hardness_bias": 0.13315511424938933,
      "samples": 356
    },
    "boundary_calibration": {
      "pressure_gain": 1.95,
      "difficulty_bias": 0.35,
      "escalation_bias": 0.3,
      "patience_bias": -0.3,
      "hardness_bias": 0.35,
      "samples": 356
    },
    "framing_selection": {
      "pressure_gain": 1.95,
      "difficulty_bias": 0.35,
      "escalation_bias": 0.3,
      "patience_bias": -0.3,
      "hardness_bias": 0.35,
      "samples": 356
    },
    "emotional_calibration": {
      "pressure_gain": 1.0000872438422461,
      "difficulty_bias": 3.440925645982279e-05,
      "escalation_bias": 2.9767102216351836e-05,
      "patience_bias": -2.239697048493574e-05,
      "hardness_bias": 3.9051410703293866e-05,
      "samples": 356
    },
    "semantic_precision": {
      "pressure_gain": 1.0013052914409422,
      "difficulty_bias": 0.0005263057510342595,
      "escalation_bias": 0.0004565971147470563,
      "patience_bias": -0.00035552513919649025,
      "hardness_bias": 0.0005960143873214615,
      "samples": 356
    },
    "adaptive_strategy_selection": {
      "pressure_gain": 1.2027387477934475,
      "difficulty_bias": 0.08656491219762606,
      "escalation_bias": 0.07563063646908096,
      "patience_bias": -0.0706181454201758,
      "hardness_bias": 0.09408364877098387,
      "samples": 356
    },
    "compression_elaboration_fit": {
      "pressure_gain": 1.0011505943852268,
      "difficulty_bias": 0.0005044041801425286,
      "escalation_bias": 0.00044205767012918043,
      "patience_bias": -0.00038534326015158,
      "hardness_bias": 0.000566750690155876,
      "samples": 356
    },
    "perspective_integration": {
      "pressure_gain": 1.95,
      "difficulty_bias": 0.35,
      "escalation_bias": 0.3,
      "patience_bias": -0.3,
      "hardness_bias": 0.35,
      "samples": 356
    },
    "multi_turn_stability": {
      "pressure_gain": 1.0034729922263355,
      "difficulty_bias": 0.0015458198547823167,
      "escalation_bias": 0.0013571130923943579,
      "patience_bias": -0.001204572085685033,
      "hardness_bias": 0.0017345266171702775,
      "samples": 356
    }
  },
  "last_episode_id": "episode_f041321e91ef",
  "last_update_ts": 1784363146.3441963
}