{
  "version": 1,
  "samples": 352,
  "global": {
    "pressure_gain_bias": 0.4,
    "difficulty_bias": 0.35,
    "escalation_bias": 0.3,
    "patience_bias": -0.3,
    "hardness_bias": 0.35,
    "samples": 352
  },
  "axis": {
    "X": {
      "pressure_gain": 1.3165281607438353,
      "difficulty_bias": 0.11671695881846192,
      "escalation_bias": 0.1000519250420008,
      "patience_bias": -0.09997522309570187,
      "hardness_bias": 0.11678175879348779,
      "samples": 352
    },
    "T": {
      "pressure_gain": 1.5043667062215396,
      "difficulty_bias": 0.19345503512008214,
      "escalation_bias": 0.16673965971476662,
      "patience_bias": -0.16349672353706118,
      "hardness_bias": 0.1983001020295121,
      "samples": 352
    },
    "N": {
      "pressure_gain": 1.4328611609341289,
      "difficulty_bias": 0.16667485686633263,
      "escalation_bias": 0.14373269709223732,
      "patience_bias": -0.1406819301890646,
      "hardness_bias": 0.1712401091421462,
      "samples": 352
    },
    "B": {
      "pressure_gain": 1.6418889518152668,
      "difficulty_bias": 0.23648540330676032,
      "escalation_bias": 0.20270177426347422,
      "patience_bias": -0.20270177426102637,
      "hardness_bias": 0.23648540330831114,
      "samples": 352
    },
    "A": {
      "pressure_gain": 1.3999357367438456,
      "difficulty_bias": 0.15199246488048423,
      "escalation_bias": 0.13083992853441367,
      "patience_bias": -0.1288775684309537,
      "hardness_bias": 0.15493596379011682,
      "samples": 352
    }
  },
  "dimensions": {
    "coherence_maintenance": {
      "pressure_gain": 1.95,
      "difficulty_bias": 0.35,
      "escalation_bias": 0.3,
      "patience_bias": -0.3,
      "hardness_bias": 0.35,
      "samples": 352
    },
    "context_carryover": {
      "pressure_gain": 1.5115607069295627,
      "difficulty_bias": 0.21219917112288916,
      "escalation_bias": 0.18474760256773315,
      "patience_bias": -0.17472850694933464,
      "hardness_bias": 0.22722781455048705,
      "samples": 352
    },
    "ambiguity_handling": {
      "pressure_gain": 1.01974375745188,
      "difficulty_bias": 0.007274015903325846,
      "escalation_bias": 0.006234870774279297,
      "patience_bias": -0.006234870774279297,
      "hardness_bias": 0.007274015903325846,
      "samples": 352
    },
    "contradiction_handling": {
      "pressure_gain": 1.95,
      "difficulty_bias": 0.35,
      "escalation_bias": 0.3,
      "patience_bias": -0.3,
      "hardness_bias": 0.35,
      "samples": 352
    },
    "implied_intent_inference": {
      "pressure_gain": 1.95,
      "difficulty_bias": 0.35,
      "escalation_bias": 0.3,
      "patience_bias": -0.3,
      "hardness_bias": 0.35,
      "samples": 352
    },
    "misunderstanding_repair": {
      "pressure_gain": 1.0,
      "difficulty_bias": 0.0,
      "escalation_bias": 0.0,
      "patience_bias": 0.0,
      "hardness_bias": 0.0,
      "samples": 352
    },
    "uncertainty_signaling": {
      "pressure_gain": 1.3108388358788627,
      "difficulty_bias": 0.13461760037611417,
      "escalation_bias": 0.11781103877313982,
      "patience_bias": -0.10932520419549308,
      "hardness_bias": 0.14734635224258444,
      "samples": 352
    },
    "boundary_calibration": {
      "pressure_gain": 1.95,
      "difficulty_bias": 0.35,
      "escalation_bias": 0.3,
      "patience_bias": -0.3,
      "hardness_bias": 0.35,
      "samples": 352
    },
    "framing_selection": {
      "pressure_gain": 1.95,
      "difficulty_bias": 0.35,
      "escalation_bias": 0.3,
      "patience_bias": -0.3,
      "hardness_bias": 0.35,
      "samples": 352
    },
    "emotional_calibration": {
      "pressure_gain": 1.0000965420065395,
      "difficulty_bias": 3.8076482839694794e-05,
      "escalation_bias": 3.293958293030197e-05,
      "patience_bias": -2.478396658546101e-05,
      "hardness_bias": 4.321338274908775e-05,
      "samples": 352
    },
    "semantic_precision": {
      "pressure_gain": 1.0014444051474891,
      "difficulty_bias": 0.0005823977022313102,
      "escalation_bias": 0.0005052597467376363,
      "patience_bias": -0.000393415849525886,
      "hardness_bias": 0.0006595356577249827,
      "samples": 352
    },
    "adaptive_strategy_selection": {
      "pressure_gain": 1.2243459826082561,
      "difficulty_bias": 0.09579071833944447,
      "escalation_bias": 0.0836911031493119,
      "patience_bias": -0.07814439714505365,
      "hardness_bias": 0.10411077734583192,
      "samples": 352
    },
    "compression_elaboration_fit": {
      "pressure_gain": 1.0012732209838855,
      "difficulty_bias": 0.0005581619333127031,
      "escalation_bias": 0.00048917073551074,
      "patience_bias": -0.00042641188860578023,
      "hardness_bias": 0.0006271531311146654,
      "samples": 352
    },
    "perspective_integration": {
      "pressure_gain": 1.95,
      "difficulty_bias": 0.35,
      "escalation_bias": 0.3,
      "patience_bias": -0.3,
      "hardness_bias": 0.35,
      "samples": 352
    },
    "multi_turn_stability": {
      "pressure_gain": 1.0038431324159203,
      "difficulty_bias": 0.0017105682955574535,
      "escalation_bias": 0.0015017497816151599,
      "patience_bias": -0.0013329514516919536,
      "hardness_bias": 0.00191938680949975,
      "samples": 352
    }
  },
  "last_episode_id": "episode_ab0ad13a85d9",
  "last_update_ts": 1784332315.1613538
}