{
  "version": 1,
  "samples": 282,
  "global": {
    "pressure_gain_bias": 0.4,
    "difficulty_bias": 0.35,
    "escalation_bias": 0.3,
    "patience_bias": -0.3,
    "hardness_bias": 0.35,
    "samples": 282
  },
  "axis": {
    "X": {
      "pressure_gain": 1.261439337352594,
      "difficulty_bias": 0.09740371040835956,
      "escalation_bias": 0.08361017988863859,
      "patience_bias": -0.08292835181261243,
      "hardness_bias": 0.09815428106145141,
      "samples": 282
    },
    "T": {
      "pressure_gain": 1.5172253734601278,
      "difficulty_bias": 0.1956652838082108,
      "escalation_bias": 0.16821284824155786,
      "patience_bias": -0.16634795053638984,
      "hardness_bias": 0.1981795592823496,
      "samples": 282
    },
    "N": {
      "pressure_gain": 1.4705893965144479,
      "difficulty_bias": 0.1752248219646413,
      "escalation_bias": 0.15041545908115755,
      "patience_bias": -0.14957071840845304,
      "hardness_bias": 0.1764261954332181,
      "samples": 282
    },
    "B": {
      "pressure_gain": 1.6836595847248343,
      "difficulty_bias": 0.25187459405763424,
      "escalation_bias": 0.21589251004879761,
      "patience_bias": -0.2158925061422024,
      "hardness_bias": 0.2518745965326268,
      "samples": 282
    },
    "A": {
      "pressure_gain": 1.4469403952101532,
      "difficulty_bias": 0.16615613096269038,
      "escalation_bias": 0.14259276086570605,
      "patience_bias": -0.14197871123108194,
      "hardness_bias": 0.16701137880057582,
      "samples": 282
    }
  },
  "dimensions": {
    "coherence_maintenance": {
      "pressure_gain": 1.95,
      "difficulty_bias": 0.35,
      "escalation_bias": 0.3,
      "patience_bias": -0.3,
      "hardness_bias": 0.35,
      "samples": 282
    },
    "context_carryover": {
      "pressure_gain": 1.8713529634072366,
      "difficulty_bias": 0.35,
      "escalation_bias": 0.3,
      "patience_bias": -0.2999217097756914,
      "hardness_bias": 0.35,
      "samples": 282
    },
    "ambiguity_handling": {
      "pressure_gain": 1.1161734022477834,
      "difficulty_bias": 0.04280072714392165,
      "escalation_bias": 0.03668633755193284,
      "patience_bias": -0.03668633755193284,
      "hardness_bias": 0.04280072714392165,
      "samples": 282
    },
    "contradiction_handling": {
      "pressure_gain": 1.95,
      "difficulty_bias": 0.35,
      "escalation_bias": 0.3,
      "patience_bias": -0.3,
      "hardness_bias": 0.35,
      "samples": 282
    },
    "implied_intent_inference": {
      "pressure_gain": 1.9336830729166663,
      "difficulty_bias": 0.34856744791666666,
      "escalation_bias": 0.29932447916666666,
      "patience_bias": -0.2973911458333333,
      "hardness_bias": 0.35,
      "samples": 282
    },
    "misunderstanding_repair": {
      "pressure_gain": 1.0,
      "difficulty_bias": 0.0,
      "escalation_bias": 0.0,
      "patience_bias": 0.0,
      "hardness_bias": 0.0,
      "samples": 282
    },
    "uncertainty_signaling": {
      "pressure_gain": 1.4693576118849931,
      "difficulty_bias": 0.18509272773394558,
      "escalation_bias": 0.1601192177005248,
      "patience_bias": -0.15498013895052482,
      "hardness_bias": 0.19280134585894565,
      "samples": 282
    },
    "boundary_calibration": {
      "pressure_gain": 1.95,
      "difficulty_bias": 0.35,
      "escalation_bias": 0.3,
      "patience_bias": -0.3,
      "hardness_bias": 0.35,
      "samples": 282
    },
    "framing_selection": {
      "pressure_gain": 1.685968803747075,
      "difficulty_bias": 0.25723780610482183,
      "escalation_bias": 0.22103390802484463,
      "patience_bias": -0.21912864825235392,
      "hardness_bias": 0.2600956957635578,
      "samples": 282
    },
    "emotional_calibration": {
      "pressure_gain": 1.0005680587085333,
      "difficulty_bias": 0.0002240442108295163,
      "escalation_bias": 0.00019381839687617714,
      "patience_bias": -0.0001458302821256384,
      "hardness_bias": 0.0002542700247828564,
      "samples": 282
    },
    "semantic_precision": {
      "pressure_gain": 1.0084989628046857,
      "difficulty_bias": 0.00342686151277893,
      "escalation_bias": 0.002972977354508785,
      "patience_bias": -0.0023148814428564325,
      "hardness_bias": 0.0038807456710490706,
      "samples": 282
    },
    "adaptive_strategy_selection": {
      "pressure_gain": 1.4081310671946552,
      "difficulty_bias": 0.1586574049368477,
      "escalation_bias": 0.13699252628515515,
      "patience_bias": -0.13349089909765513,
      "hardness_bias": 0.16390984571809772,
      "samples": 282
    },
    "compression_elaboration_fit": {
      "pressure_gain": 1.007491705359121,
      "difficulty_bias": 0.0032842568571946414,
      "escalation_bias": 0.002878308688851483,
      "patience_bias": -0.0025090320309577078,
      "hardness_bias": 0.003690205025537798,
      "samples": 282
    },
    "perspective_integration": {
      "pressure_gain": 1.95,
      "difficulty_bias": 0.35,
      "escalation_bias": 0.3,
      "patience_bias": -0.3,
      "hardness_bias": 0.35,
      "samples": 282
    },
    "multi_turn_stability": {
      "pressure_gain": 1.022613211752346,
      "difficulty_bias": 0.010065082047143003,
      "escalation_bias": 0.008836381923768679,
      "patience_bias": -0.007843162860542607,
      "hardness_bias": 0.011293782170517354,
      "samples": 282
    }
  },
  "last_episode_id": "episode_2c8e64e9d8ec",
  "last_update_ts": 1783902092.1198363
}