{
  "version": 1,
  "samples": 236,
  "global": {
    "pressure_gain_bias": 0.4,
    "difficulty_bias": 0.35,
    "escalation_bias": 0.3,
    "patience_bias": -0.3,
    "hardness_bias": 0.35,
    "samples": 236
  },
  "axis": {
    "X": {
      "pressure_gain": 1.1922154297430503,
      "difficulty_bias": 0.07247251436243184,
      "escalation_bias": 0.06231910394900209,
      "patience_bias": -0.06082129202710238,
      "hardness_bias": 0.07392074105587379,
      "samples": 236
    },
    "T": {
      "pressure_gain": 1.6633811414579054,
      "difficulty_bias": 0.24691674680885067,
      "escalation_bias": 0.21194487392588446,
      "patience_bias": -0.21052352354915968,
      "hardness_bias": 0.2486751641365763,
      "samples": 236
    },
    "N": {
      "pressure_gain": 1.6383658852532494,
      "difficulty_bias": 0.2366616822769982,
      "escalation_bias": 0.2029806016977467,
      "patience_bias": -0.2022031963941166,
      "hardness_bias": 0.2374162544374837,
      "samples": 236
    },
    "B": {
      "pressure_gain": 1.7926834505737594,
      "difficulty_bias": 0.29204257125445304,
      "escalation_bias": 0.2503223129739514,
      "patience_bias": -0.25032181564587375,
      "hardness_bias": 0.2920428863327365,
      "samples": 236
    },
    "A": {
      "pressure_gain": 1.492524737965818,
      "difficulty_bias": 0.1826159794147899,
      "escalation_bias": 0.15666703243246255,
      "patience_bias": -0.15617749824171998,
      "hardness_bias": 0.18334625316146705,
      "samples": 236
    }
  },
  "dimensions": {
    "coherence_maintenance": {
      "pressure_gain": 1.95,
      "difficulty_bias": 0.35,
      "escalation_bias": 0.3,
      "patience_bias": -0.3,
      "hardness_bias": 0.35,
      "samples": 236
    },
    "context_carryover": {
      "pressure_gain": 1.95,
      "difficulty_bias": 0.35,
      "escalation_bias": 0.3,
      "patience_bias": -0.3,
      "hardness_bias": 0.35,
      "samples": 236
    },
    "ambiguity_handling": {
      "pressure_gain": 1.3723011572208397,
      "difficulty_bias": 0.13716358423925756,
      "escalation_bias": 0.11756878649079215,
      "patience_bias": -0.11756878649079215,
      "hardness_bias": 0.13716358423925756,
      "samples": 236
    },
    "contradiction_handling": {
      "pressure_gain": 1.95,
      "difficulty_bias": 0.35,
      "escalation_bias": 0.3,
      "patience_bias": -0.3,
      "hardness_bias": 0.35,
      "samples": 236
    },
    "implied_intent_inference": {
      "pressure_gain": 1.5085790379917647,
      "difficulty_bias": 0.19569077604644394,
      "escalation_bias": 0.1687385793346666,
      "patience_bias": -0.16522587980266515,
      "hardness_bias": 0.20095982534444615,
      "samples": 236
    },
    "misunderstanding_repair": {
      "pressure_gain": 1.0,
      "difficulty_bias": 0.0,
      "escalation_bias": 0.0,
      "patience_bias": 0.0,
      "hardness_bias": 0.0,
      "samples": 236
    },
    "uncertainty_signaling": {
      "pressure_gain": 1.95,
      "difficulty_bias": 0.35,
      "escalation_bias": 0.3,
      "patience_bias": -0.3,
      "hardness_bias": 0.35,
      "samples": 236
    },
    "boundary_calibration": {
      "pressure_gain": 1.95,
      "difficulty_bias": 0.35,
      "escalation_bias": 0.3,
      "patience_bias": -0.3,
      "hardness_bias": 0.35,
      "samples": 236
    },
    "framing_selection": {
      "pressure_gain": 1.5149558598104504,
      "difficulty_bias": 0.1985893314185738,
      "escalation_bias": 0.171289308062141,
      "patience_bias": -0.16754472410036914,
      "hardness_bias": 0.20420620736123163,
      "samples": 236
    },
    "emotional_calibration": {
      "pressure_gain": 1.0018204589903097,
      "difficulty_bias": 0.0007179949742932479,
      "escalation_bias": 0.0006211302419617613,
      "patience_bias": -0.00046734262527162147,
      "hardness_bias": 0.0008148597066247369,
      "samples": 236
    },
    "semantic_precision": {
      "pressure_gain": 1.027236644758093,
      "difficulty_bias": 0.010982070613047396,
      "escalation_bias": 0.009527507054619803,
      "patience_bias": -0.007418505641818858,
      "hardness_bias": 0.012436634171474989,
      "samples": 236
    },
    "adaptive_strategy_selection": {
      "pressure_gain": 1.9030937499999996,
      "difficulty_bias": 0.33271875,
      "escalation_bias": 0.2851875,
      "patience_bias": -0.2851875,
      "hardness_bias": 0.33271875,
      "samples": 236
    },
    "compression_elaboration_fit": {
      "pressure_gain": 1.024008684611042,
      "difficulty_bias": 0.010525065160234118,
      "escalation_bias": 0.009224122173960188,
      "patience_bias": -0.008040700457728953,
      "hardness_bias": 0.011826008146508039,
      "samples": 236
    },
    "perspective_integration": {
      "pressure_gain": 1.95,
      "difficulty_bias": 0.35,
      "escalation_bias": 0.3,
      "patience_bias": -0.3,
      "hardness_bias": 0.35,
      "samples": 236
    },
    "multi_turn_stability": {
      "pressure_gain": 1.0724686093459064,
      "difficulty_bias": 0.032255590532517364,
      "escalation_bias": 0.028317972549754298,
      "patience_bias": -0.02513500123740377,
      "hardness_bias": 0.0361932085152805,
      "samples": 236
    }
  },
  "last_episode_id": "episode_61517e279319",
  "last_update_ts": 1783673620.1823516
}