{
  "version": 1,
  "samples": 261,
  "global": {
    "pressure_gain_bias": 0.4,
    "difficulty_bias": 0.35,
    "escalation_bias": 0.3,
    "patience_bias": -0.3,
    "hardness_bias": 0.35,
    "samples": 261
  },
  "axis": {
    "X": {
      "pressure_gain": 1.2992268410774452,
      "difficulty_bias": 0.11263827137570982,
      "escalation_bias": 0.0967496112141856,
      "patience_bias": -0.09554220800198739,
      "hardness_bias": 0.11381515647397461,
      "samples": 261
    },
    "T": {
      "pressure_gain": 1.5450306761538566,
      "difficulty_bias": 0.2020869764094162,
      "escalation_bias": 0.17337248096265737,
      "patience_bias": -0.17263702438445663,
      "hardness_bias": 0.2029968072628148,
      "samples": 261
    },
    "N": {
      "pressure_gain": 1.533591206944871,
      "difficulty_bias": 0.19702634621529425,
      "escalation_bias": 0.16892922046993425,
      "patience_bias": -0.16863790723889505,
      "hardness_bias": 0.197339407244479,
      "samples": 261
    },
    "B": {
      "pressure_gain": 1.7188617752958657,
      "difficulty_bias": 0.26484390527716056,
      "escalation_bias": 0.2270090694942095,
      "patience_bias": -0.2270090337911269,
      "hardness_bias": 0.26484392789656713,
      "samples": 261
    },
    "A": {
      "pressure_gain": 1.4982404039508834,
      "difficulty_bias": 0.18512442944730279,
      "escalation_bias": 0.1588026152431766,
      "patience_bias": -0.1582956520380705,
      "hardness_bias": 0.18573031531021883,
      "samples": 261
    }
  },
  "dimensions": {
    "coherence_maintenance": {
      "pressure_gain": 1.95,
      "difficulty_bias": 0.35,
      "escalation_bias": 0.3,
      "patience_bias": -0.3,
      "hardness_bias": 0.35,
      "samples": 261
    },
    "context_carryover": {
      "pressure_gain": 1.5044742435077092,
      "difficulty_bias": 0.18585893181863042,
      "escalation_bias": 0.15930765584454035,
      "patience_bias": -0.15930765584454035,
      "hardness_bias": 0.18585893181863042,
      "samples": 261
    },
    "ambiguity_handling": {
      "pressure_gain": 1.19770141541687,
      "difficulty_bias": 0.07283736357463755,
      "escalation_bias": 0.0624320259211179,
      "patience_bias": -0.0624320259211179,
      "hardness_bias": 0.07283736357463755,
      "samples": 261
    },
    "contradiction_handling": {
      "pressure_gain": 1.95,
      "difficulty_bias": 0.35,
      "escalation_bias": 0.3,
      "patience_bias": -0.3,
      "hardness_bias": 0.35,
      "samples": 261
    },
    "implied_intent_inference": {
      "pressure_gain": 1.95,
      "difficulty_bias": 0.35,
      "escalation_bias": 0.3,
      "patience_bias": -0.3,
      "hardness_bias": 0.35,
      "samples": 261
    },
    "misunderstanding_repair": {
      "pressure_gain": 1.0,
      "difficulty_bias": 0.0,
      "escalation_bias": 0.0,
      "patience_bias": 0.0,
      "hardness_bias": 0.0,
      "samples": 261
    },
    "uncertainty_signaling": {
      "pressure_gain": 1.5044742435077092,
      "difficulty_bias": 0.18585893181863042,
      "escalation_bias": 0.15930765584454035,
      "patience_bias": -0.15930765584454035,
      "hardness_bias": 0.18585893181863042,
      "samples": 261
    },
    "boundary_calibration": {
      "pressure_gain": 1.95,
      "difficulty_bias": 0.35,
      "escalation_bias": 0.3,
      "patience_bias": -0.3,
      "hardness_bias": 0.35,
      "samples": 261
    },
    "framing_selection": {
      "pressure_gain": 1.95,
      "difficulty_bias": 0.35,
      "escalation_bias": 0.3,
      "patience_bias": -0.3,
      "hardness_bias": 0.35,
      "samples": 261
    },
    "emotional_calibration": {
      "pressure_gain": 1.0009667101810236,
      "difficulty_bias": 0.00038127365420939456,
      "escalation_bias": 0.0003298360094036012,
      "patience_bias": -0.0002481708603608516,
      "hardness_bias": 0.0004327112990151891,
      "samples": 261
    },
    "semantic_precision": {
      "pressure_gain": 1.014463353431606,
      "difficulty_bias": 0.005831759752279319,
      "escalation_bias": 0.005059349383046007,
      "patience_bias": -0.003939415812225532,
      "hardness_bias": 0.006604170121512627,
      "samples": 261
    },
    "adaptive_strategy_selection": {
      "pressure_gain": 1.4795658277345158,
      "difficulty_bias": 0.17668214706008553,
      "escalation_bias": 0.15144184033721617,
      "patience_bias": -0.15144184033721617,
      "hardness_bias": 0.17668214706008553,
      "samples": 261
    },
    "compression_elaboration_fit": {
      "pressure_gain": 1.0127492242176528,
      "difficulty_bias": 0.00558907819429313,
      "escalation_bias": 0.004898244269190811,
      "patience_bias": -0.004269817137563076,
      "hardness_bias": 0.006279912119395444,
      "samples": 261
    },
    "perspective_integration": {
      "pressure_gain": 1.95,
      "difficulty_bias": 0.35,
      "escalation_bias": 0.3,
      "patience_bias": -0.3,
      "hardness_bias": 0.35,
      "samples": 261
    },
    "multi_turn_stability": {
      "pressure_gain": 1.0384826809240313,
      "difficulty_bias": 0.017128541718722298,
      "escalation_bias": 0.015037566083904668,
      "patience_bias": -0.013347327089268056,
      "hardness_bias": 0.01921951735353998,
      "samples": 261
    }
  },
  "last_episode_id": "episode_21c08c1bd740",
  "last_update_ts": 1783811847.979261
}