{
  "version": 1,
  "samples": 274,
  "global": {
    "pressure_gain_bias": 0.4,
    "difficulty_bias": 0.35,
    "escalation_bias": 0.3,
    "patience_bias": -0.3,
    "hardness_bias": 0.35,
    "samples": 274
  },
  "axis": {
    "X": {
      "pressure_gain": 1.2908985417611039,
      "difficulty_bias": 0.1081912299884236,
      "escalation_bias": 0.0928361395392232,
      "patience_bias": -0.09215927799914933,
      "hardness_bias": 0.1088479808979613,
      "samples": 274
    },
    "T": {
      "pressure_gain": 1.4842046799628663,
      "difficulty_bias": 0.1793131639810448,
      "escalation_bias": 0.15380819660084155,
      "patience_bias": -0.1532804052501332,
      "hardness_bias": 0.17996609019414164,
      "samples": 274
    },
    "N": {
      "pressure_gain": 1.4761075943090487,
      "difficulty_bias": 0.17569980860601378,
      "escalation_bias": 0.1506341163919167,
      "patience_bias": -0.1504333418841721,
      "hardness_bias": 0.17591869586539288,
      "samples": 274
    },
    "B": {
      "pressure_gain": 1.694941346937723,
      "difficulty_bias": 0.25603104627823375,
      "escalation_bias": 0.21945518451399118,
      "patience_bias": -0.21945517543874662,
      "hardness_bias": 0.2560310520277833,
      "samples": 274
    },
    "A": {
      "pressure_gain": 1.4595279760017013,
      "difficulty_bias": 0.1696968646487844,
      "escalation_bias": 0.1454861099953202,
      "patience_bias": -0.14535724675059222,
      "hardness_bias": 0.1698508727058658,
      "samples": 274
    }
  },
  "dimensions": {
    "coherence_maintenance": {
      "pressure_gain": 1.95,
      "difficulty_bias": 0.35,
      "escalation_bias": 0.3,
      "patience_bias": -0.3,
      "hardness_bias": 0.35,
      "samples": 274
    },
    "context_carryover": {
      "pressure_gain": 1.3629936282903186,
      "difficulty_bias": 0.1337344946332761,
      "escalation_bias": 0.11462956682852235,
      "patience_bias": -0.11462956682852235,
      "hardness_bias": 0.1337344946332761,
      "samples": 274
    },
    "ambiguity_handling": {
      "pressure_gain": 1.1422557346066056,
      "difficulty_bias": 0.052410007486645434,
      "escalation_bias": 0.04492286355998182,
      "patience_bias": -0.04492286355998182,
      "hardness_bias": 0.052410007486645434,
      "samples": 274
    },
    "contradiction_handling": {
      "pressure_gain": 1.95,
      "difficulty_bias": 0.35,
      "escalation_bias": 0.3,
      "patience_bias": -0.3,
      "hardness_bias": 0.35,
      "samples": 274
    },
    "implied_intent_inference": {
      "pressure_gain": 1.95,
      "difficulty_bias": 0.35,
      "escalation_bias": 0.3,
      "patience_bias": -0.3,
      "hardness_bias": 0.35,
      "samples": 274
    },
    "misunderstanding_repair": {
      "pressure_gain": 1.0,
      "difficulty_bias": 0.0,
      "escalation_bias": 0.0,
      "patience_bias": 0.0,
      "hardness_bias": 0.0,
      "samples": 274
    },
    "uncertainty_signaling": {
      "pressure_gain": 1.3629936282903186,
      "difficulty_bias": 0.1337344946332761,
      "escalation_bias": 0.11462956682852235,
      "patience_bias": -0.11462956682852235,
      "hardness_bias": 0.1337344946332761,
      "samples": 274
    },
    "boundary_calibration": {
      "pressure_gain": 1.95,
      "difficulty_bias": 0.35,
      "escalation_bias": 0.3,
      "patience_bias": -0.3,
      "hardness_bias": 0.35,
      "samples": 274
    },
    "framing_selection": {
      "pressure_gain": 1.785990547204669,
      "difficulty_bias": 0.2921218889372469,
      "escalation_bias": 0.2506973781962116,
      "patience_bias": -0.24962222132121156,
      "hardness_bias": 0.2937346242497469,
      "samples": 274
    },
    "emotional_calibration": {
      "pressure_gain": 1.0006955947516265,
      "difficulty_bias": 0.0002743448429609703,
      "escalation_bias": 0.00023733296860057332,
      "patience_bias": -0.00017857094231796814,
      "hardness_bias": 0.0003113567173213682,
      "samples": 274
    },
    "semantic_precision": {
      "pressure_gain": 1.0104070826349398,
      "difficulty_bias": 0.004196233324179564,
      "escalation_bias": 0.003640446688755864,
      "patience_bias": -0.0028346002941221507,
      "hardness_bias": 0.004752019959603259,
      "samples": 274
    },
    "adaptive_strategy_selection": {
      "pressure_gain": 1.3450708178934838,
      "difficulty_bias": 0.1271313539607581,
      "escalation_bias": 0.10896973196636406,
      "patience_bias": -0.10896973196636406,
      "hardness_bias": 0.1271313539607581,
      "samples": 274
    },
    "compression_elaboration_fit": {
      "pressure_gain": 1.00917368372362,
      "difficulty_bias": 0.004021612200532032,
      "escalation_bias": 0.003524523763914748,
      "patience_bias": -0.0030723400348912403,
      "hardness_bias": 0.004518700637149312,
      "samples": 274
    },
    "perspective_integration": {
      "pressure_gain": 1.95,
      "difficulty_bias": 0.35,
      "escalation_bias": 0.3,
      "patience_bias": -0.3,
      "hardness_bias": 0.35,
      "samples": 274
    },
    "multi_turn_stability": {
      "pressure_gain": 1.0276901509932856,
      "difficulty_bias": 0.012324814568468843,
      "escalation_bias": 0.010820256422801083,
      "patience_bias": -0.009604047680259896,
      "hardness_bias": 0.013829372714136638,
      "samples": 274
    }
  },
  "last_episode_id": "episode_4100f54491cf",
  "last_update_ts": 1783870631.9329128
}