{
  "version": 1,
  "samples": 268,
  "global": {
    "pressure_gain_bias": 0.4,
    "difficulty_bias": 0.35,
    "escalation_bias": 0.3,
    "patience_bias": -0.3,
    "hardness_bias": 0.35,
    "samples": 268
  },
  "axis": {
    "X": {
      "pressure_gain": 1.3037496411145255,
      "difficulty_bias": 0.11313639540299726,
      "escalation_bias": 0.09708084071051076,
      "patience_bias": -0.09631626134476903,
      "hardness_bias": 0.11382756439235449,
      "samples": 268
    },
    "T": {
      "pressure_gain": 1.5104277992331112,
      "difficulty_bias": 0.18912694225218388,
      "escalation_bias": 0.16223839918931665,
      "patience_bias": -0.16162347189722032,
      "hardness_bias": 0.18988766465714724,
      "samples": 268
    },
    "N": {
      "pressure_gain": 1.5009497823154718,
      "difficulty_bias": 0.184909829047219,
      "escalation_bias": 0.15853456617614578,
      "patience_bias": -0.15829738939623117,
      "hardness_bias": 0.18516712411778635,
      "samples": 268
    },
    "B": {
      "pressure_gain": 1.7050223187504008,
      "difficulty_bias": 0.25974510944034074,
      "escalation_bias": 0.2226386689787203,
      "patience_bias": -0.22263865190204657,
      "hardness_bias": 0.25974512025913277,
      "samples": 268
    },
    "A": {
      "pressure_gain": 1.478178520402948,
      "difficulty_bias": 0.17691821746467426,
      "escalation_bias": 0.15170375007907036,
      "patience_bias": -0.15146127114965405,
      "hardness_bias": 0.17720801079466084,
      "samples": 268
    }
  },
  "dimensions": {
    "coherence_maintenance": {
      "pressure_gain": 1.95,
      "difficulty_bias": 0.35,
      "escalation_bias": 0.3,
      "patience_bias": -0.3,
      "hardness_bias": 0.35,
      "samples": 268
    },
    "context_carryover": {
      "pressure_gain": 1.4225433854992053,
      "difficulty_bias": 0.1556738788681291,
      "escalation_bias": 0.1334347533155392,
      "patience_bias": -0.1334347533155392,
      "hardness_bias": 0.1556738788681291,
      "samples": 268
    },
    "ambiguity_handling": {
      "pressure_gain": 1.1655930435761725,
      "difficulty_bias": 0.061007963422801716,
      "escalation_bias": 0.0522925400766872,
      "patience_bias": -0.0522925400766872,
      "hardness_bias": 0.061007963422801716,
      "samples": 268
    },
    "contradiction_handling": {
      "pressure_gain": 1.95,
      "difficulty_bias": 0.35,
      "escalation_bias": 0.3,
      "patience_bias": -0.3,
      "hardness_bias": 0.35,
      "samples": 268
    },
    "implied_intent_inference": {
      "pressure_gain": 1.95,
      "difficulty_bias": 0.35,
      "escalation_bias": 0.3,
      "patience_bias": -0.3,
      "hardness_bias": 0.35,
      "samples": 268
    },
    "misunderstanding_repair": {
      "pressure_gain": 1.0,
      "difficulty_bias": 0.0,
      "escalation_bias": 0.0,
      "patience_bias": 0.0,
      "hardness_bias": 0.0,
      "samples": 268
    },
    "uncertainty_signaling": {
      "pressure_gain": 1.4225433854992053,
      "difficulty_bias": 0.1556738788681291,
      "escalation_bias": 0.1334347533155392,
      "patience_bias": -0.1334347533155392,
      "hardness_bias": 0.1556738788681291,
      "samples": 268
    },
    "boundary_calibration": {
      "pressure_gain": 1.95,
      "difficulty_bias": 0.35,
      "escalation_bias": 0.3,
      "patience_bias": -0.3,
      "hardness_bias": 0.35,
      "samples": 268
    },
    "framing_selection": {
      "pressure_gain": 1.8585034960937494,
      "difficulty_bias": 0.31629076171875,
      "escalation_bias": 0.2711063671875,
      "patience_bias": -0.2711063671875,
      "hardness_bias": 0.31629076171875,
      "samples": 268
    },
    "emotional_calibration": {
      "pressure_gain": 1.0008097083209757,
      "difficulty_bias": 0.0003193516075887217,
      "escalation_bias": 0.0002762678687099627,
      "patience_bias": -0.00020786582638985108,
      "hardness_bias": 0.00036243534646748153,
      "samples": 268
    },
    "semantic_precision": {
      "pressure_gain": 1.0121143832481285,
      "difficulty_bias": 0.004884632943819376,
      "escalation_bias": 0.004237668511817511,
      "patience_bias": -0.003299621567620118,
      "hardness_bias": 0.005531597375821238,
      "samples": 268
    },
    "adaptive_strategy_selection": {
      "pressure_gain": 1.4016803058401819,
      "difficulty_bias": 0.14798748109901524,
      "escalation_bias": 0.12684641237058444,
      "patience_bias": -0.12684641237058444,
      "hardness_bias": 0.14798748109901524,
      "samples": 268
    },
    "compression_elaboration_fit": {
      "pressure_gain": 1.0106786430283492,
      "difficulty_bias": 0.004681364910952722,
      "escalation_bias": 0.004102728222782577,
      "patience_bias": -0.0035763629402040227,
      "hardness_bias": 0.005260001599122859,
      "samples": 268
    },
    "perspective_integration": {
      "pressure_gain": 1.95,
      "difficulty_bias": 0.35,
      "escalation_bias": 0.3,
      "patience_bias": -0.3,
      "hardness_bias": 0.35,
      "samples": 268
    },
    "multi_turn_stability": {
      "pressure_gain": 1.032232770037301,
      "difficulty_bias": 0.014346722552511655,
      "escalation_bias": 0.012595338938575595,
      "patience_bias": -0.011179608965662488,
      "hardness_bias": 0.01609810616644776,
      "samples": 268
    }
  },
  "last_episode_id": "episode_de005c2b4f11",
  "last_update_ts": 1783842329.7405136
}