{
  "version": 1,
  "samples": 205,
  "global": {
    "pressure_gain_bias": 0.4,
    "difficulty_bias": 0.35,
    "escalation_bias": 0.3,
    "patience_bias": -0.3,
    "hardness_bias": 0.35,
    "samples": 205
  },
  "axis": {
    "X": {
      "pressure_gain": 1.3306217629686357,
      "difficulty_bias": 0.12275425467009979,
      "escalation_bias": 0.10533202657579328,
      "patience_bias": -0.10318320574923616,
      "hardness_bias": 0.12422799404328035,
      "samples": 205
    },
    "T": {
      "pressure_gain": 1.6666489434597844,
      "difficulty_bias": 0.25364565869425704,
      "escalation_bias": 0.21834806538351792,
      "patience_bias": -0.21422204836342873,
      "hardness_bias": 0.25875202510690615,
      "samples": 205
    },
    "N": {
      "pressure_gain": 1.5397559287873888,
      "difficulty_bias": 0.21182846095254873,
      "escalation_bias": 0.1825612553369751,
      "patience_bias": -0.17642272758857414,
      "hardness_bias": 0.21726343640861714,
      "samples": 205
    },
    "B": {
      "pressure_gain": 1.9350754317192602,
      "difficulty_bias": 0.3445355487847493,
      "escalation_bias": 0.29531904275195164,
      "patience_bias": -0.2953060073272213,
      "hardness_bias": 0.3445438072753377,
      "samples": 205
    },
    "A": {
      "pressure_gain": 1.6176246052696082,
      "difficulty_bias": 0.2278132001118238,
      "escalation_bias": 0.1952790583699488,
      "patience_bias": -0.19516701945797457,
      "hardness_bias": 0.22787569297978957,
      "samples": 205
    }
  },
  "dimensions": {
    "coherence_maintenance": {
      "pressure_gain": 1.95,
      "difficulty_bias": 0.35,
      "escalation_bias": 0.3,
      "patience_bias": -0.3,
      "hardness_bias": 0.35,
      "samples": 205
    },
    "context_carryover": {
      "pressure_gain": 1.95,
      "difficulty_bias": 0.35,
      "escalation_bias": 0.3,
      "patience_bias": -0.3,
      "hardness_bias": 0.35,
      "samples": 205
    },
    "ambiguity_handling": {
      "pressure_gain": 1.8161148859741203,
      "difficulty_bias": 0.3006739053588867,
      "escalation_bias": 0.2577204903076172,
      "patience_bias": -0.2577204903076172,
      "hardness_bias": 0.3006739053588867,
      "samples": 205
    },
    "contradiction_handling": {
      "pressure_gain": 1.95,
      "difficulty_bias": 0.35,
      "escalation_bias": 0.3,
      "patience_bias": -0.3,
      "hardness_bias": 0.35,
      "samples": 205
    },
    "implied_intent_inference": {
      "pressure_gain": 1.8161148859741203,
      "difficulty_bias": 0.3006739053588867,
      "escalation_bias": 0.2577204903076172,
      "patience_bias": -0.2577204903076172,
      "hardness_bias": 0.3006739053588867,
      "samples": 205
    },
    "misunderstanding_repair": {
      "pressure_gain": 1.0,
      "difficulty_bias": 0.0,
      "escalation_bias": 0.0,
      "patience_bias": 0.0,
      "hardness_bias": 0.0,
      "samples": 205
    },
    "uncertainty_signaling": {
      "pressure_gain": 1.95,
      "difficulty_bias": 0.35,
      "escalation_bias": 0.3,
      "patience_bias": -0.3,
      "hardness_bias": 0.35,
      "samples": 205
    },
    "boundary_calibration": {
      "pressure_gain": 1.7246575922041858,
      "difficulty_bias": 0.313787442917344,
      "escalation_bias": 0.27307616131850204,
      "patience_bias": -0.25277005434404,
      "hardness_bias": 0.335393796711432,
      "samples": 205
    },
    "framing_selection": {
      "pressure_gain": 1.8161148859741203,
      "difficulty_bias": 0.3006739053588867,
      "escalation_bias": 0.2577204903076172,
      "patience_bias": -0.2577204903076172,
      "hardness_bias": 0.3006739053588867,
      "samples": 205
    },
    "emotional_calibration": {
      "pressure_gain": 1.0039905964633271,
      "difficulty_bias": 0.0015739042847716473,
      "escalation_bias": 0.0013615687911843082,
      "patience_bias": -0.0010244536336698872,
      "hardness_bias": 0.0017862397783589919,
      "samples": 205
    },
    "semantic_precision": {
      "pressure_gain": 1.0597049748569147,
      "difficulty_bias": 0.024073605822316733,
      "escalation_bias": 0.020885082365957763,
      "patience_bias": -0.01626197708104367,
      "hardness_bias": 0.027262129278675724,
      "samples": 205
    },
    "adaptive_strategy_selection": {
      "pressure_gain": 1.95,
      "difficulty_bias": 0.35,
      "escalation_bias": 0.3,
      "patience_bias": -0.3,
      "hardness_bias": 0.35,
      "samples": 205
    },
    "compression_elaboration_fit": {
      "pressure_gain": 1.0526290196087371,
      "difficulty_bias": 0.023071812124450187,
      "escalation_bias": 0.020220037650185024,
      "patience_bias": -0.017625879506248734,
      "hardness_bias": 0.025923586598715354,
      "samples": 205
    },
    "perspective_integration": {
      "pressure_gain": 1.95,
      "difficulty_bias": 0.35,
      "escalation_bias": 0.3,
      "patience_bias": -0.3,
      "hardness_bias": 0.35,
      "samples": 205
    },
    "multi_turn_stability": {
      "pressure_gain": 1.158857177062056,
      "difficulty_bias": 0.07070691852257203,
      "escalation_bias": 0.06207533468597891,
      "patience_bias": -0.05509799867921231,
      "hardness_bias": 0.07933850235916526,
      "samples": 205
    }
  },
  "last_episode_id": "episode_e1c53f807f0b",
  "last_update_ts": 1783439190.5178137
}