{
  "version": 1,
  "samples": 351,
  "global": {
    "pressure_gain_bias": 0.4,
    "difficulty_bias": 0.35,
    "escalation_bias": 0.3,
    "patience_bias": -0.3,
    "hardness_bias": 0.35,
    "samples": 351
  },
  "axis": {
    "X": {
      "pressure_gain": 1.316455699080038,
      "difficulty_bias": 0.11669956630995505,
      "escalation_bias": 0.10003776118260578,
      "patience_bias": -0.09995698122425721,
      "hardness_bias": 0.11676851906533924,
      "samples": 351
    },
    "T": {
      "pressure_gain": 1.506133235085211,
      "difficulty_bias": 0.1940644931179266,
      "escalation_bias": 0.1672570532997648,
      "patience_bias": -0.1640311202855855,
      "hardness_bias": 0.1988835503527917,
      "samples": 351
    },
    "N": {
      "pressure_gain": 1.4342119544874488,
      "difficulty_bias": 0.16722481272890932,
      "escalation_bias": 0.14421039641698033,
      "patience_bias": -0.14113726998473478,
      "hardness_bias": 0.17182332477372916,
      "samples": 351
    },
    "B": {
      "pressure_gain": 1.6421083258150417,
      "difficulty_bias": 0.2365662253073883,
      "escalation_bias": 0.2027710502640721,
      "patience_bias": -0.20277105026135228,
      "hardness_bias": 0.23656622530911142,
      "samples": 351
    },
    "A": {
      "pressure_gain": 1.4008787451743374,
      "difficulty_bias": 0.15236974918796603,
      "escalation_bias": 0.13116691677344808,
      "patience_bias": -0.12919195021420582,
      "hardness_bias": 0.1553321531984323,
      "samples": 351
    }
  },
  "dimensions": {
    "coherence_maintenance": {
      "pressure_gain": 1.95,
      "difficulty_bias": 0.35,
      "escalation_bias": 0.3,
      "patience_bias": -0.3,
      "hardness_bias": 0.35,
      "samples": 351
    },
    "context_carryover": {
      "pressure_gain": 1.524677648132885,
      "difficulty_bias": 0.21764017551065556,
      "escalation_bias": 0.1894847205822904,
      "patience_bias": -0.17920872507624067,
      "hardness_bias": 0.2330541687697303,
      "samples": 351
    },
    "ambiguity_handling": {
      "pressure_gain": 1.020250007642954,
      "difficulty_bias": 0.007460529131616253,
      "escalation_bias": 0.006394739255671074,
      "patience_bias": -0.006394739255671074,
      "hardness_bias": 0.007460529131616253,
      "samples": 351
    },
    "contradiction_handling": {
      "pressure_gain": 1.95,
      "difficulty_bias": 0.35,
      "escalation_bias": 0.3,
      "patience_bias": -0.3,
      "hardness_bias": 0.35,
      "samples": 351
    },
    "implied_intent_inference": {
      "pressure_gain": 1.95,
      "difficulty_bias": 0.35,
      "escalation_bias": 0.3,
      "patience_bias": -0.3,
      "hardness_bias": 0.35,
      "samples": 351
    },
    "misunderstanding_repair": {
      "pressure_gain": 1.0,
      "difficulty_bias": 0.0,
      "escalation_bias": 0.0,
      "patience_bias": 0.0,
      "hardness_bias": 0.0,
      "samples": 351
    },
    "uncertainty_signaling": {
      "pressure_gain": 1.3188090624398594,
      "difficulty_bias": 0.13806933371909147,
      "escalation_bias": 0.12083183463911777,
      "patience_bias": -0.11212841455948008,
      "hardness_bias": 0.15112446383854813,
      "samples": 351
    },
    "boundary_calibration": {
      "pressure_gain": 1.95,
      "difficulty_bias": 0.35,
      "escalation_bias": 0.3,
      "patience_bias": -0.3,
      "hardness_bias": 0.35,
      "samples": 351
    },
    "framing_selection": {
      "pressure_gain": 1.95,
      "difficulty_bias": 0.35,
      "escalation_bias": 0.3,
      "patience_bias": -0.3,
      "hardness_bias": 0.35,
      "samples": 351
    },
    "emotional_calibration": {
      "pressure_gain": 1.0000990174426048,
      "difficulty_bias": 3.905280291250748e-05,
      "escalation_bias": 3.378418762082253e-05,
      "patience_bias": -2.541945290816514e-05,
      "hardness_bias": 4.432141820419256e-05,
      "samples": 351
    },
    "semantic_precision": {
      "pressure_gain": 1.001481441176912,
      "difficulty_bias": 0.0005973309766474977,
      "escalation_bias": 0.0005182151248591142,
      "patience_bias": -0.0004035034354111651,
      "hardness_bias": 0.0006764468284358797,
      "samples": 351
    },
    "adaptive_strategy_selection": {
      "pressure_gain": 1.2300984437007756,
      "difficulty_bias": 0.09824689060455843,
      "escalation_bias": 0.08583702887108913,
      "patience_bias": -0.08014809963595247,
      "hardness_bias": 0.10678028445726351,
      "samples": 351
    },
    "compression_elaboration_fit": {
      "pressure_gain": 1.00130586767578,
      "difficulty_bias": 0.0005724737777566185,
      "escalation_bias": 0.0005017135748828103,
      "patience_bias": -0.0004373455267751592,
      "hardness_bias": 0.0006432339806304261,
      "samples": 351
    },
    "perspective_integration": {
      "pressure_gain": 1.95,
      "difficulty_bias": 0.35,
      "escalation_bias": 0.3,
      "patience_bias": -0.3,
      "hardness_bias": 0.35,
      "samples": 351
    },
    "multi_turn_stability": {
      "pressure_gain": 1.0039416742727387,
      "difficulty_bias": 0.0017544290210845677,
      "escalation_bias": 0.0015402561862719588,
      "patience_bias": -0.0013671296940430293,
      "hardness_bias": 0.0019686018558971795,
      "samples": 351
    }
  },
  "last_episode_id": "episode_7548d75d41ef",
  "last_update_ts": 1784328491.7466557
}