{
  "version": 1,
  "samples": 229,
  "global": {
    "pressure_gain_bias": 0.4,
    "difficulty_bias": 0.35,
    "escalation_bias": 0.3,
    "patience_bias": -0.3,
    "hardness_bias": 0.35,
    "samples": 229
  },
  "axis": {
    "X": {
      "pressure_gain": 1.2132491689812186,
      "difficulty_bias": 0.07965536241470929,
      "escalation_bias": 0.06840749800386495,
      "patience_bias": -0.06699405654713299,
      "hardness_bias": 0.08082223890887921,
      "samples": 229
    },
    "T": {
      "pressure_gain": 1.6679919254078803,
      "difficulty_bias": 0.24919719293698156,
      "escalation_bias": 0.2139683805415138,
      "patience_bias": -0.21223370722460633,
      "hardness_bias": 0.25134330665322446,
      "samples": 229
    },
    "N": {
      "pressure_gain": 1.63452451012681,
      "difficulty_bias": 0.23620166495372452,
      "escalation_bias": 0.20264687179118063,
      "patience_bias": -0.20148143070239255,
      "hardness_bias": 0.23727369461637404,
      "samples": 229
    },
    "B": {
      "pressure_gain": 1.8218052113480865,
      "difficulty_bias": 0.3027730589800395,
      "escalation_bias": 0.2595199928188544,
      "patience_bias": -0.25951895302938965,
      "hardness_bias": 0.30277371773045897,
      "samples": 229
    },
    "A": {
      "pressure_gain": 1.513196213972651,
      "difficulty_bias": 0.1896331008506847,
      "escalation_bias": 0.16260858487873478,
      "patience_bias": -0.16237186306058404,
      "hardness_bias": 0.18997976299346436,
      "samples": 229
    }
  },
  "dimensions": {
    "coherence_maintenance": {
      "pressure_gain": 1.95,
      "difficulty_bias": 0.35,
      "escalation_bias": 0.3,
      "patience_bias": -0.3,
      "hardness_bias": 0.35,
      "samples": 229
    },
    "context_carryover": {
      "pressure_gain": 1.95,
      "difficulty_bias": 0.35,
      "escalation_bias": 0.3,
      "patience_bias": -0.3,
      "hardness_bias": 0.35,
      "samples": 229
    },
    "ambiguity_handling": {
      "pressure_gain": 1.4444900833653709,
      "difficulty_bias": 0.16375950439776896,
      "escalation_bias": 0.14036528948380195,
      "patience_bias": -0.14036528948380195,
      "hardness_bias": 0.16375950439776896,
      "samples": 229
    },
    "contradiction_handling": {
      "pressure_gain": 1.95,
      "difficulty_bias": 0.35,
      "escalation_bias": 0.3,
      "patience_bias": -0.3,
      "hardness_bias": 0.35,
      "samples": 229
    },
    "implied_intent_inference": {
      "pressure_gain": 1.516870499716934,
      "difficulty_bias": 0.19467137414530214,
      "escalation_bias": 0.16737332139909825,
      "patience_bias": -0.16558081893816073,
      "hardness_bias": 0.19736012783670842,
      "samples": 229
    },
    "misunderstanding_repair": {
      "pressure_gain": 1.0,
      "difficulty_bias": 0.0,
      "escalation_bias": 0.0,
      "patience_bias": 0.0,
      "hardness_bias": 0.0,
      "samples": 229
    },
    "uncertainty_signaling": {
      "pressure_gain": 1.95,
      "difficulty_bias": 0.35,
      "escalation_bias": 0.3,
      "patience_bias": -0.3,
      "hardness_bias": 0.35,
      "samples": 229
    },
    "boundary_calibration": {
      "pressure_gain": 1.95,
      "difficulty_bias": 0.35,
      "escalation_bias": 0.3,
      "patience_bias": -0.3,
      "hardness_bias": 0.35,
      "samples": 229
    },
    "framing_selection": {
      "pressure_gain": 1.520124540860738,
      "difficulty_bias": 0.19615048375612218,
      "escalation_bias": 0.16867493785661994,
      "patience_bias": -0.16676410662681682,
      "hardness_bias": 0.1990167306008269,
      "samples": 229
    },
    "emotional_calibration": {
      "pressure_gain": 1.002173444676902,
      "difficulty_bias": 0.0008572136824979456,
      "escalation_bias": 0.0007415669483578005,
      "patience_bias": -0.0005579600235944318,
      "hardness_bias": 0.0009728604166380934,
      "samples": 229
    },
    "semantic_precision": {
      "pressure_gain": 1.0325178105528607,
      "difficulty_bias": 0.013111486192406012,
      "escalation_bias": 0.011374883808003004,
      "patience_bias": -0.00885694854078191,
      "hardness_bias": 0.014848088576809023,
      "samples": 229
    },
    "adaptive_strategy_selection": {
      "pressure_gain": 1.95,
      "difficulty_bias": 0.35,
      "escalation_bias": 0.3,
      "patience_bias": -0.3,
      "hardness_bias": 0.35,
      "samples": 229
    },
    "compression_elaboration_fit": {
      "pressure_gain": 1.028663951259021,
      "difficulty_bias": 0.012565867711561726,
      "escalation_bias": 0.011012672817570342,
      "patience_bias": -0.009599786483209609,
      "hardness_bias": 0.014119062605553106,
      "samples": 229
    },
    "perspective_integration": {
      "pressure_gain": 1.95,
      "difficulty_bias": 0.35,
      "escalation_bias": 0.3,
      "patience_bias": -0.3,
      "hardness_bias": 0.35,
      "samples": 229
    },
    "multi_turn_stability": {
      "pressure_gain": 1.0865202204849116,
      "difficulty_bias": 0.03850992629682687,
      "escalation_bias": 0.033808807024234486,
      "patience_bias": -0.030008659867729555,
      "hardness_bias": 0.04321104556941934,
      "samples": 229
    }
  },
  "last_episode_id": "episode_5b106d25a865",
  "last_update_ts": 1783619039.0168078
}