{
  "version": 1,
  "samples": 409,
  "global": {
    "pressure_gain_bias": 0.4,
    "difficulty_bias": 0.35,
    "escalation_bias": 0.3,
    "patience_bias": -0.3,
    "hardness_bias": 0.35,
    "samples": 409
  },
  "axis": {
    "X": {
      "pressure_gain": 1.3239966073767861,
      "difficulty_bias": 0.11999048968717185,
      "escalation_bias": 0.1029241767497993,
      "patience_bias": -0.10265083406291323,
      "hardness_bias": 0.12039029971719606,
      "samples": 409
    },
    "T": {
      "pressure_gain": 1.7731512253135187,
      "difficulty_bias": 0.30002515665099816,
      "escalation_bias": 0.2589186048566469,
      "patience_bias": -0.25271623155916956,
      "hardness_bias": 0.3091879320960259,
      "samples": 409
    },
    "N": {
      "pressure_gain": 1.5316307612553877,
      "difficulty_bias": 0.2028836645384173,
      "escalation_bias": 0.17460185738337217,
      "patience_bias": -0.17204017024710072,
      "hardness_bias": 0.20634667316234281,
      "samples": 409
    },
    "B": {
      "pressure_gain": 1.8674693105717828,
      "difficulty_bias": 0.3283932226434607,
      "escalation_bias": 0.28212650189224847,
      "patience_bias": -0.2796238629947358,
      "hardness_bias": 0.3311769661901014,
      "samples": 409
    },
    "A": {
      "pressure_gain": 1.431173477498861,
      "difficulty_bias": 0.16844662544300645,
      "escalation_bias": 0.1455358294637853,
      "patience_bias": -0.1415003026575404,
      "hardness_bias": 0.1744999155507021,
      "samples": 409
    }
  },
  "dimensions": {
    "coherence_maintenance": {
      "pressure_gain": 1.95,
      "difficulty_bias": 0.35,
      "escalation_bias": 0.3,
      "patience_bias": -0.3,
      "hardness_bias": 0.35,
      "samples": 409
    },
    "context_carryover": {
      "pressure_gain": 1.95,
      "difficulty_bias": 0.35,
      "escalation_bias": 0.3,
      "patience_bias": -0.3,
      "hardness_bias": 0.35,
      "samples": 409
    },
    "ambiguity_handling": {
      "pressure_gain": 1.95,
      "difficulty_bias": 0.35,
      "escalation_bias": 0.3,
      "patience_bias": -0.3,
      "hardness_bias": 0.35,
      "samples": 409
    },
    "contradiction_handling": {
      "pressure_gain": 1.95,
      "difficulty_bias": 0.35,
      "escalation_bias": 0.3,
      "patience_bias": -0.3,
      "hardness_bias": 0.35,
      "samples": 409
    },
    "implied_intent_inference": {
      "pressure_gain": 1.9030937499999996,
      "difficulty_bias": 0.33271875,
      "escalation_bias": 0.2851875,
      "patience_bias": -0.2851875,
      "hardness_bias": 0.33271875,
      "samples": 409
    },
    "misunderstanding_repair": {
      "pressure_gain": 1.0,
      "difficulty_bias": 0.0,
      "escalation_bias": 0.0,
      "patience_bias": 0.0,
      "hardness_bias": 0.0,
      "samples": 409
    },
    "uncertainty_signaling": {
      "pressure_gain": 1.95,
      "difficulty_bias": 0.35,
      "escalation_bias": 0.3,
      "patience_bias": -0.3,
      "hardness_bias": 0.35,
      "samples": 409
    },
    "boundary_calibration": {
      "pressure_gain": 1.693371613601435,
      "difficulty_bias": 0.27060733321896346,
      "escalation_bias": 0.23377732076514482,
      "patience_bias": -0.2273786977440282,
      "hardness_bias": 0.28020526775063825,
      "samples": 409
    },
    "framing_selection": {
      "pressure_gain": 1.95,
      "difficulty_bias": 0.35,
      "escalation_bias": 0.3,
      "patience_bias": -0.3,
      "hardness_bias": 0.35,
      "samples": 409
    },
    "emotional_calibration": {
      "pressure_gain": 1.000022802339934,
      "difficulty_bias": 8.99331737952037e-06,
      "escalation_bias": 7.78002855170254e-06,
      "patience_bias": -5.853746480862341e-06,
      "hardness_bias": 1.020660620733824e-05,
      "samples": 409
    },
    "semantic_precision": {
      "pressure_gain": 1.04382552097261,
      "difficulty_bias": 0.01990226813034459,
      "escalation_bias": 0.017512194573109697,
      "patience_bias": -0.015903800688340266,
      "hardness_bias": 0.022292341687579483,
      "samples": 409
    },
    "adaptive_strategy_selection": {
      "pressure_gain": 1.3956477725785346,
      "difficulty_bias": 0.17759340267591148,
      "escalation_bias": 0.15606253716851162,
      "patience_bias": -0.14262386510645517,
      "hardness_bias": 0.1977514107689963,
      "samples": 409
    },
    "compression_elaboration_fit": {
      "pressure_gain": 1.0003007231642296,
      "difficulty_bias": 0.0001318327492741728,
      "escalation_bias": 0.00011553765865778069,
      "patience_bias": -0.0001007145923844265,
      "hardness_bias": 0.00014812783989056472,
      "samples": 409
    },
    "perspective_integration": {
      "pressure_gain": 1.9179164062499996,
      "difficulty_bias": 0.34140078125,
      "escalation_bias": 0.29301781250000003,
      "patience_bias": -0.2916578125,
      "hardness_bias": 0.34344078125,
      "samples": 409
    },
    "multi_turn_stability": {
      "pressure_gain": 1.619530477152965,
      "difficulty_bias": 0.281587337814966,
      "escalation_bias": 0.24779515354561263,
      "patience_bias": -0.22525283293639822,
      "hardness_bias": 0.3153795220843195,
      "samples": 409
    }
  },
  "last_episode_id": "episode_0b494f9397e1",
  "last_update_ts": 1784851469.6066499
}