{
  "version": 1,
  "samples": 332,
  "global": {
    "pressure_gain_bias": 0.4,
    "difficulty_bias": 0.35,
    "escalation_bias": 0.3,
    "patience_bias": -0.3,
    "hardness_bias": 0.35,
    "samples": 332
  },
  "axis": {
    "X": {
      "pressure_gain": 1.311142993934624,
      "difficulty_bias": 0.11531491050300063,
      "escalation_bias": 0.09889576973142088,
      "patience_bias": -0.0986063081565788,
      "hardness_bias": 0.11561381241887053,
      "samples": 332
    },
    "T": {
      "pressure_gain": 1.5404665142036573,
      "difficulty_bias": 0.2051543103925345,
      "escalation_bias": 0.17657396193936514,
      "patience_bias": -0.17399610424959783,
      "hardness_bias": 0.2089883126684191,
      "samples": 332
    },
    "N": {
      "pressure_gain": 1.4618340548796545,
      "difficulty_bias": 0.17826823540566908,
      "escalation_bias": 0.1537807590398272,
      "patience_bias": -0.15033472278011806,
      "hardness_bias": 0.1834192006710505,
      "samples": 332
    },
    "B": {
      "pressure_gain": 1.647529043964935,
      "difficulty_bias": 0.23856333203971042,
      "escalation_bias": 0.20448285603845193,
      "patience_bias": -0.20448285601831825,
      "hardness_bias": 0.23856333205246594,
      "samples": 332
    },
    "A": {
      "pressure_gain": 1.4223600862605286,
      "difficulty_bias": 0.160746938569574,
      "escalation_bias": 0.13840318894393694,
      "patience_bias": -0.1362328032551231,
      "hardness_bias": 0.16400217784722335,
      "samples": 332
    }
  },
  "dimensions": {
    "coherence_maintenance": {
      "pressure_gain": 1.95,
      "difficulty_bias": 0.35,
      "escalation_bias": 0.3,
      "patience_bias": -0.3,
      "hardness_bias": 0.35,
      "samples": 332
    },
    "context_carryover": {
      "pressure_gain": 1.618382043935718,
      "difficulty_bias": 0.2490185327460205,
      "escalation_bias": 0.21600114117674352,
      "patience_bias": -0.20705274529620254,
      "hardness_bias": 0.2624411265668322,
      "samples": 332
    },
    "ambiguity_handling": {
      "pressure_gain": 1.032759517242337,
      "difficulty_bias": 0.012069295826125833,
      "escalation_bias": 0.010345110708107858,
      "patience_bias": -0.010345110708107858,
      "hardness_bias": 0.012069295826125833,
      "samples": 332
    },
    "contradiction_handling": {
      "pressure_gain": 1.95,
      "difficulty_bias": 0.35,
      "escalation_bias": 0.3,
      "patience_bias": -0.3,
      "hardness_bias": 0.35,
      "samples": 332
    },
    "implied_intent_inference": {
      "pressure_gain": 1.95,
      "difficulty_bias": 0.35,
      "escalation_bias": 0.3,
      "patience_bias": -0.3,
      "hardness_bias": 0.35,
      "samples": 332
    },
    "misunderstanding_repair": {
      "pressure_gain": 1.0,
      "difficulty_bias": 0.0,
      "escalation_bias": 0.0,
      "patience_bias": 0.0,
      "hardness_bias": 0.0,
      "samples": 332
    },
    "uncertainty_signaling": {
      "pressure_gain": 1.393660167391566,
      "difficulty_bias": 0.16841140115734904,
      "escalation_bias": 0.1471729181364493,
      "patience_bias": -0.13730190813092397,
      "hardness_bias": 0.18321791616563732,
      "samples": 332
    },
    "boundary_calibration": {
      "pressure_gain": 1.95,
      "difficulty_bias": 0.35,
      "escalation_bias": 0.3,
      "patience_bias": -0.3,
      "hardness_bias": 0.35,
      "samples": 332
    },
    "framing_selection": {
      "pressure_gain": 1.95,
      "difficulty_bias": 0.35,
      "escalation_bias": 0.3,
      "patience_bias": -0.3,
      "hardness_bias": 0.35,
      "samples": 332
    },
    "emotional_calibration": {
      "pressure_gain": 1.0001601857972362,
      "difficulty_bias": 6.317780185228362e-05,
      "escalation_bias": 5.46544819338719e-05,
      "patience_bias": -4.1122404520449286e-05,
      "hardness_bias": 7.17011217706956e-05,
      "samples": 332
    },
    "semantic_precision": {
      "pressure_gain": 1.0023966063931573,
      "difficulty_bias": 0.000966334174973655,
      "escalation_bias": 0.0008383442425004522,
      "patience_bias": -0.0006527690252152893,
      "hardness_bias": 0.0010943241074468557,
      "samples": 332
    },
    "adaptive_strategy_selection": {
      "pressure_gain": 1.2880227823464414,
      "difficulty_bias": 0.12116421585389313,
      "escalation_bias": 0.10567066517507566,
      "patience_bias": -0.09931598462399019,
      "hardness_bias": 0.13069623668052152,
      "samples": 332
    },
    "compression_elaboration_fit": {
      "pressure_gain": 1.0021125717775141,
      "difficulty_bias": 0.0009261213587604607,
      "escalation_bias": 0.0008116488051206021,
      "patience_bias": -0.0007075171811223404,
      "hardness_bias": 0.0010405939124003187,
      "samples": 332
    },
    "perspective_integration": {
      "pressure_gain": 1.95,
      "difficulty_bias": 0.35,
      "escalation_bias": 0.3,
      "patience_bias": -0.3,
      "hardness_bias": 0.35,
      "samples": 332
    },
    "multi_turn_stability": {
      "pressure_gain": 1.0063766566698755,
      "difficulty_bias": 0.0028382333863794856,
      "escalation_bias": 0.0024917545702431085,
      "patience_bias": -0.0022116786113951666,
      "hardness_bias": 0.0031847122025158684,
      "samples": 332
    }
  },
  "last_episode_id": "episode_9953e375d67e",
  "last_update_ts": 1784228640.2255418
}