{
  "version": 1,
  "samples": 197,
  "global": {
    "pressure_gain_bias": 0.4,
    "difficulty_bias": 0.35,
    "escalation_bias": 0.3,
    "patience_bias": -0.3,
    "hardness_bias": 0.35,
    "samples": 197
  },
  "axis": {
    "X": {
      "pressure_gain": 1.3501338028338226,
      "difficulty_bias": 0.13015672423873226,
      "escalation_bias": 0.1117027220268185,
      "patience_bias": -0.10907213291408921,
      "hardness_bias": 0.13196137306805258,
      "samples": 197
    },
    "T": {
      "pressure_gain": 1.6634719681628451,
      "difficulty_bias": 0.25373213038164644,
      "escalation_bias": 0.21860432617345207,
      "patience_bias": -0.21373676705926842,
      "hardness_bias": 0.2600553636775308,
      "samples": 197
    },
    "N": {
      "pressure_gain": 1.5371280777296799,
      "difficulty_bias": 0.20967552476790888,
      "escalation_bias": 0.18049456802609667,
      "patience_bias": -0.17471520868376833,
      "hardness_bias": 0.21398758164966963,
      "samples": 197
    },
    "B": {
      "pressure_gain": 1.9466994221553078,
      "difficulty_bias": 0.3488631533535351,
      "escalation_bias": 0.299032199499355,
      "patience_bias": -0.2990019174606132,
      "hardness_bias": 0.348882338300487,
      "samples": 197
    },
    "A": {
      "pressure_gain": 1.6282111073705752,
      "difficulty_bias": 0.2320671341950517,
      "escalation_bias": 0.19893931348835608,
      "patience_bias": -0.1986790406746051,
      "hardness_bias": 0.23221230870896137,
      "samples": 197
    }
  },
  "dimensions": {
    "coherence_maintenance": {
      "pressure_gain": 1.95,
      "difficulty_bias": 0.35,
      "escalation_bias": 0.3,
      "patience_bias": -0.3,
      "hardness_bias": 0.35,
      "samples": 197
    },
    "context_carryover": {
      "pressure_gain": 1.761987401245058,
      "difficulty_bias": 0.29578271970838943,
      "escalation_bias": 0.2553436636595337,
      "patience_bias": -0.24898899997633406,
      "hardness_bias": 0.30523164367897815,
      "samples": 197
    },
    "ambiguity_handling": {
      "pressure_gain": 1.95,
      "difficulty_bias": 0.35,
      "escalation_bias": 0.3,
      "patience_bias": -0.3,
      "hardness_bias": 0.35,
      "samples": 197
    },
    "contradiction_handling": {
      "pressure_gain": 1.95,
      "difficulty_bias": 0.35,
      "escalation_bias": 0.3,
      "patience_bias": -0.3,
      "hardness_bias": 0.35,
      "samples": 197
    },
    "implied_intent_inference": {
      "pressure_gain": 1.95,
      "difficulty_bias": 0.35,
      "escalation_bias": 0.3,
      "patience_bias": -0.3,
      "hardness_bias": 0.35,
      "samples": 197
    },
    "misunderstanding_repair": {
      "pressure_gain": 1.0,
      "difficulty_bias": 0.0,
      "escalation_bias": 0.0,
      "patience_bias": 0.0,
      "hardness_bias": 0.0,
      "samples": 197
    },
    "uncertainty_signaling": {
      "pressure_gain": 1.95,
      "difficulty_bias": 0.35,
      "escalation_bias": 0.3,
      "patience_bias": -0.3,
      "hardness_bias": 0.35,
      "samples": 197
    },
    "boundary_calibration": {
      "pressure_gain": 1.5262407281569341,
      "difficulty_bias": 0.22278757966321522,
      "escalation_bias": 0.19283751355003503,
      "patience_bias": -0.180060543688668,
      "hardness_bias": 0.2326404173164308,
      "samples": 197
    },
    "framing_selection": {
      "pressure_gain": 1.95,
      "difficulty_bias": 0.35,
      "escalation_bias": 0.3,
      "patience_bias": -0.3,
      "hardness_bias": 0.35,
      "samples": 197
    },
    "emotional_calibration": {
      "pressure_gain": 1.0048865335819155,
      "difficulty_bias": 0.0019272648118984117,
      "escalation_bias": 0.001667257434659882,
      "patience_bias": -0.0012544558514115092,
      "hardness_bias": 0.0021872721891369475,
      "samples": 197
    },
    "semantic_precision": {
      "pressure_gain": 1.0731094630406368,
      "difficulty_bias": 0.029478421175780225,
      "escalation_bias": 0.02557403568117887,
      "patience_bias": -0.019912987405546763,
      "hardness_bias": 0.033382806670381605,
      "samples": 197
    },
    "adaptive_strategy_selection": {
      "pressure_gain": 1.95,
      "difficulty_bias": 0.35,
      "escalation_bias": 0.3,
      "patience_bias": -0.3,
      "hardness_bias": 0.35,
      "samples": 197
    },
    "compression_elaboration_fit": {
      "pressure_gain": 1.064444870350771,
      "difficulty_bias": 0.02825171268952694,
      "escalation_bias": 0.024759680391947453,
      "patience_bias": -0.021583102403258968,
      "hardness_bias": 0.031743744987106436,
      "samples": 197
    },
    "perspective_integration": {
      "pressure_gain": 1.95,
      "difficulty_bias": 0.35,
      "escalation_bias": 0.3,
      "patience_bias": -0.3,
      "hardness_bias": 0.35,
      "samples": 197
    },
    "multi_turn_stability": {
      "pressure_gain": 1.1945225325526303,
      "difficulty_bias": 0.0865814759797113,
      "escalation_bias": 0.07601199728893399,
      "patience_bias": -0.06746816505164897,
      "hardness_bias": 0.09715095467048875,
      "samples": 197
    }
  },
  "last_episode_id": "episode_f2ed4b5269ed",
  "last_update_ts": 1783373210.4359553
}