{
  "version": 1,
  "samples": 258,
  "global": {
    "pressure_gain_bias": 0.4,
    "difficulty_bias": 0.35,
    "escalation_bias": 0.3,
    "patience_bias": -0.3,
    "hardness_bias": 0.35,
    "samples": 258
  },
  "axis": {
    "X": {
      "pressure_gain": 1.2907857578072484,
      "difficulty_bias": 0.1103523573150666,
      "escalation_bias": 0.09485745540670994,
      "patience_bias": -0.09335368393130819,
      "hardness_bias": 0.1118621996944894,
      "samples": 258
    },
    "T": {
      "pressure_gain": 1.5610258116253295,
      "difficulty_bias": 0.20808363170935343,
      "escalation_bias": 0.17852494958001747,
      "patience_bias": -0.1777305721634399,
      "hardness_bias": 0.2090663550243702,
      "samples": 258
    },
    "N": {
      "pressure_gain": 1.5485992031577935,
      "difficulty_bias": 0.20260602825612367,
      "escalation_bias": 0.1737165500900227,
      "patience_bias": -0.17339668641017286,
      "hardness_bias": 0.20294780532695195,
      "samples": 258
    },
    "B": {
      "pressure_gain": 1.7255693911898786,
      "difficulty_bias": 0.2673151668787047,
      "escalation_bias": 0.22912729663412845,
      "patience_bias": -0.22912724765870648,
      "hardness_bias": 0.2673151979066973,
      "samples": 258
    },
    "A": {
      "pressure_gain": 1.5048855054811487,
      "difficulty_bias": 0.1881533511163722,
      "escalation_bias": 0.1614451279250306,
      "patience_bias": -0.1607497051471073,
      "hardness_bias": 0.18898447026989212,
      "samples": 258
    }
  },
  "dimensions": {
    "coherence_maintenance": {
      "pressure_gain": 1.95,
      "difficulty_bias": 0.35,
      "escalation_bias": 0.3,
      "patience_bias": -0.3,
      "hardness_bias": 0.35,
      "samples": 258
    },
    "context_carryover": {
      "pressure_gain": 1.544283477207866,
      "difficulty_bias": 0.2005254916028987,
      "escalation_bias": 0.1718789928024846,
      "patience_bias": -0.1718789928024846,
      "hardness_bias": 0.2005254916028987,
      "samples": 258
    },
    "ambiguity_handling": {
      "pressure_gain": 1.2133024930743894,
      "difficulty_bias": 0.07858512902740782,
      "escalation_bias": 0.0673586820234924,
      "patience_bias": -0.0673586820234924,
      "hardness_bias": 0.07858512902740782,
      "samples": 258
    },
    "contradiction_handling": {
      "pressure_gain": 1.95,
      "difficulty_bias": 0.35,
      "escalation_bias": 0.3,
      "patience_bias": -0.3,
      "hardness_bias": 0.35,
      "samples": 258
    },
    "implied_intent_inference": {
      "pressure_gain": 1.95,
      "difficulty_bias": 0.35,
      "escalation_bias": 0.3,
      "patience_bias": -0.3,
      "hardness_bias": 0.35,
      "samples": 258
    },
    "misunderstanding_repair": {
      "pressure_gain": 1.0,
      "difficulty_bias": 0.0,
      "escalation_bias": 0.0,
      "patience_bias": 0.0,
      "hardness_bias": 0.0,
      "samples": 258
    },
    "uncertainty_signaling": {
      "pressure_gain": 1.544283477207866,
      "difficulty_bias": 0.2005254916028987,
      "escalation_bias": 0.1718789928024846,
      "patience_bias": -0.1718789928024846,
      "hardness_bias": 0.2005254916028987,
      "samples": 258
    },
    "boundary_calibration": {
      "pressure_gain": 1.95,
      "difficulty_bias": 0.35,
      "escalation_bias": 0.3,
      "patience_bias": -0.3,
      "hardness_bias": 0.35,
      "samples": 258
    },
    "framing_selection": {
      "pressure_gain": 1.95,
      "difficulty_bias": 0.35,
      "escalation_bias": 0.3,
      "patience_bias": -0.3,
      "hardness_bias": 0.35,
      "samples": 258
    },
    "emotional_calibration": {
      "pressure_gain": 1.0010429955256412,
      "difficulty_bias": 0.00041136084339589765,
      "escalation_bias": 0.0003558641346251703,
      "patience_bias": -0.00026775459908451766,
      "hardness_bias": 0.0004668575521666263,
      "samples": 258
    },
    "semantic_precision": {
      "pressure_gain": 1.0156046902277989,
      "difficulty_bias": 0.006291957452854506,
      "escalation_bias": 0.005458594388222062,
      "patience_bias": -0.004250284259384583,
      "hardness_bias": 0.007125320517486945,
      "samples": 258
    },
    "adaptive_strategy_selection": {
      "pressure_gain": 1.5174094805207274,
      "difficulty_bias": 0.19062454545500557,
      "escalation_bias": 0.1633924675328619,
      "patience_bias": -0.1633924675328619,
      "hardness_bias": 0.19062454545500557,
      "samples": 258
    },
    "compression_elaboration_fit": {
      "pressure_gain": 1.0137552950981943,
      "difficulty_bias": 0.0060301253297385385,
      "escalation_bias": 0.005284776095824473,
      "patience_bias": -0.004606758320336433,
      "hardness_bias": 0.006775474563652598,
      "samples": 258
    },
    "perspective_integration": {
      "pressure_gain": 1.95,
      "difficulty_bias": 0.35,
      "escalation_bias": 0.3,
      "patience_bias": -0.3,
      "hardness_bias": 0.35,
      "samples": 258
    },
    "multi_turn_stability": {
      "pressure_gain": 1.0415194386139015,
      "difficulty_bias": 0.01848019470992814,
      "escalation_bias": 0.016224215333533923,
      "patience_bias": -0.014400595655913881,
      "hardness_bias": 0.020736174086322404,
      "samples": 258
    }
  },
  "last_episode_id": "episode_aaa0d2bde394",
  "last_update_ts": 1783802671.2893057
}