{
  "version": 1,
  "samples": 230,
  "global": {
    "pressure_gain_bias": 0.4,
    "difficulty_bias": 0.35,
    "escalation_bias": 0.3,
    "patience_bias": -0.3,
    "hardness_bias": 0.35,
    "samples": 230
  },
  "axis": {
    "X": {
      "pressure_gain": 1.209955765456038,
      "difficulty_bias": 0.07851869964124672,
      "escalation_bias": 0.06744246833340033,
      "patience_bias": -0.06602046888613347,
      "hardness_bias": 0.0797222396048052,
      "samples": 230
    },
    "T": {
      "pressure_gain": 1.6673379733661853,
      "difficulty_bias": 0.24886237958126362,
      "escalation_bias": 0.21367032871565003,
      "patience_bias": -0.2119856179478469,
      "hardness_bias": 0.2509466683022415,
      "samples": 230
    },
    "N": {
      "pressure_gain": 1.6353369708633805,
      "difficulty_bias": 0.2363232224923112,
      "escalation_bias": 0.2027400964786336,
      "patience_bias": -0.20164528069285761,
      "hardness_bias": 0.23733852802275046,
      "samples": 230
    },
    "B": {
      "pressure_gain": 1.8174039512559856,
      "difficulty_bias": 0.30115127030829636,
      "escalation_bias": 0.25812986544519256,
      "patience_bias": -0.25812892963467426,
      "hardness_bias": 0.3011518631836739,
      "samples": 230
    },
    "A": {
      "pressure_gain": 1.510341550482853,
      "difficulty_bias": 0.1886632770920052,
      "escalation_bias": 0.16178735933633198,
      "patience_bias": -0.16151605337001587,
      "hardness_bias": 0.18906265751547763,
      "samples": 230
    }
  },
  "dimensions": {
    "coherence_maintenance": {
      "pressure_gain": 1.95,
      "difficulty_bias": 0.35,
      "escalation_bias": 0.3,
      "patience_bias": -0.3,
      "hardness_bias": 0.35,
      "samples": 230
    },
    "context_carryover": {
      "pressure_gain": 1.95,
      "difficulty_bias": 0.35,
      "escalation_bias": 0.3,
      "patience_bias": -0.3,
      "hardness_bias": 0.35,
      "samples": 230
    },
    "ambiguity_handling": {
      "pressure_gain": 1.4333778312812364,
      "difficulty_bias": 0.15966551678782473,
      "escalation_bias": 0.13685615724670688,
      "patience_bias": -0.13685615724670688,
      "hardness_bias": 0.15966551678782473,
      "samples": 230
    },
    "contradiction_handling": {
      "pressure_gain": 1.95,
      "difficulty_bias": 0.35,
      "escalation_bias": 0.3,
      "patience_bias": -0.3,
      "hardness_bias": 0.35,
      "samples": 230
    },
    "implied_intent_inference": {
      "pressure_gain": 1.5039487372240106,
      "difficulty_bias": 0.1898045897916696,
      "escalation_bias": 0.1631889883641208,
      "patience_bias": -0.1614412984647067,
      "hardness_bias": 0.1924261246407907,
      "samples": 230
    },
    "misunderstanding_repair": {
      "pressure_gain": 1.0,
      "difficulty_bias": 0.0,
      "escalation_bias": 0.0,
      "patience_bias": 0.0,
      "hardness_bias": 0.0,
      "samples": 230
    },
    "uncertainty_signaling": {
      "pressure_gain": 1.95,
      "difficulty_bias": 0.35,
      "escalation_bias": 0.3,
      "patience_bias": -0.3,
      "hardness_bias": 0.35,
      "samples": 230
    },
    "boundary_calibration": {
      "pressure_gain": 1.95,
      "difficulty_bias": 0.35,
      "escalation_bias": 0.3,
      "patience_bias": -0.3,
      "hardness_bias": 0.35,
      "samples": 230
    },
    "framing_selection": {
      "pressure_gain": 1.5071214273392195,
      "difficulty_bias": 0.19124672166221912,
      "escalation_bias": 0.16445806441020444,
      "patience_bias": -0.1625950039611464,
      "hardness_bias": 0.1940413123358062,
      "samples": 230
    },
    "emotional_calibration": {
      "pressure_gain": 1.0021191085599794,
      "difficulty_bias": 0.000835783340435497,
      "escalation_bias": 0.0007230277746488555,
      "patience_bias": -0.000544011023004571,
      "hardness_bias": 0.000948538906222141,
      "samples": 230
    },
    "semantic_precision": {
      "pressure_gain": 1.031704865289039,
      "difficulty_bias": 0.012783699037595861,
      "escalation_bias": 0.011090511712802929,
      "patience_bias": -0.008635524827262363,
      "hardness_bias": 0.014476886362388797,
      "samples": 230
    },
    "adaptive_strategy_selection": {
      "pressure_gain": 1.95,
      "difficulty_bias": 0.35,
      "escalation_bias": 0.3,
      "patience_bias": -0.3,
      "hardness_bias": 0.35,
      "samples": 230
    },
    "compression_elaboration_fit": {
      "pressure_gain": 1.0279473524775453,
      "difficulty_bias": 0.012251721018772683,
      "escalation_bias": 0.010737355997131083,
      "patience_bias": -0.009359791821129369,
      "hardness_bias": 0.013766086040414278,
      "samples": 230
    },
    "perspective_integration": {
      "pressure_gain": 1.95,
      "difficulty_bias": 0.35,
      "escalation_bias": 0.3,
      "patience_bias": -0.3,
      "hardness_bias": 0.35,
      "samples": 230
    },
    "multi_turn_stability": {
      "pressure_gain": 1.0843572149727887,
      "difficulty_bias": 0.037547178139406195,
      "escalation_bias": 0.03296358684862862,
      "patience_bias": -0.029258443371036315,
      "hardness_bias": 0.04213076943018386,
      "samples": 230
    }
  },
  "last_episode_id": "episode_737375e80037",
  "last_update_ts": 1783619943.5913963
}