{
  "version": 1,
  "samples": 148,
  "global": {
    "pressure_gain_bias": 0.4,
    "difficulty_bias": 0.35,
    "escalation_bias": 0.3,
    "patience_bias": -0.3,
    "hardness_bias": 0.35,
    "samples": 148
  },
  "axis": {
    "X": {
      "pressure_gain": 1.4255253290072243,
      "difficulty_bias": 0.16076512073158605,
      "escalation_bias": 0.13827966958243193,
      "patience_bias": -0.12956880824464992,
      "hardness_bias": 0.16680401445839296,
      "samples": 148
    },
    "T": {
      "pressure_gain": 1.700603183001204,
      "difficulty_bias": 0.2638542018945397,
      "escalation_bias": 0.2268333744328755,
      "patience_bias": -0.22123028173189727,
      "hardness_bias": 0.26877382194980587,
      "samples": 148
    },
    "N": {
      "pressure_gain": 1.626830183635701,
      "difficulty_bias": 0.24060032324597905,
      "escalation_bias": 0.2073945089731172,
      "patience_bias": -0.19856461442862516,
      "hardness_bias": 0.24603522186302892,
      "samples": 148
    },
    "B": {
      "pressure_gain": 1.917879433690065,
      "difficulty_bias": 0.339810174221566,
      "escalation_bias": 0.2913735255612563,
      "patience_bias": -0.29081016410984284,
      "hardness_bias": 0.3404242137071245,
      "samples": 148
    },
    "A": {
      "pressure_gain": 1.5246524456205284,
      "difficulty_bias": 0.20302705979970892,
      "escalation_bias": 0.17460642134477716,
      "patience_bias": -0.16589773338082353,
      "hardness_bias": 0.20773015559873928,
      "samples": 148
    }
  },
  "dimensions": {
    "coherence_maintenance": {
      "pressure_gain": 1.921700787760416,
      "difficulty_bias": 0.3450168033854166,
      "escalation_bias": 0.2963852838541667,
      "patience_bias": -0.2940872005208333,
      "hardness_bias": 0.3484639283854166,
      "samples": 148
    },
    "context_carryover": {
      "pressure_gain": 1.95,
      "difficulty_bias": 0.35,
      "escalation_bias": 0.3,
      "patience_bias": -0.3,
      "hardness_bias": 0.35,
      "samples": 148
    },
    "ambiguity_handling": {
      "pressure_gain": 1.95,
      "difficulty_bias": 0.35,
      "escalation_bias": 0.3,
      "patience_bias": -0.3,
      "hardness_bias": 0.35,
      "samples": 148
    },
    "contradiction_handling": {
      "pressure_gain": 1.95,
      "difficulty_bias": 0.35,
      "escalation_bias": 0.3,
      "patience_bias": -0.3,
      "hardness_bias": 0.35,
      "samples": 148
    },
    "implied_intent_inference": {
      "pressure_gain": 1.639689776908107,
      "difficulty_bias": 0.2667860018100502,
      "escalation_bias": 0.23093815286641747,
      "patience_bias": -0.2055955104673273,
      "hardness_bias": 0.28303905300521776,
      "samples": 148
    },
    "misunderstanding_repair": {
      "pressure_gain": 1.0,
      "difficulty_bias": 0.0,
      "escalation_bias": 0.0,
      "patience_bias": 0.0,
      "hardness_bias": 0.0,
      "samples": 148
    },
    "uncertainty_signaling": {
      "pressure_gain": 1.95,
      "difficulty_bias": 0.35,
      "escalation_bias": 0.3,
      "patience_bias": -0.3,
      "hardness_bias": 0.35,
      "samples": 148
    },
    "boundary_calibration": {
      "pressure_gain": 1.723531774555056,
      "difficulty_bias": 0.28963400186583044,
      "escalation_bias": 0.2510407229552534,
      "patience_bias": -0.23352967154582346,
      "hardness_bias": 0.2976358040203062,
      "samples": 148
    },
    "framing_selection": {
      "pressure_gain": 1.95,
      "difficulty_bias": 0.35,
      "escalation_bias": 0.3,
      "patience_bias": -0.3,
      "hardness_bias": 0.35,
      "samples": 148
    },
    "emotional_calibration": {
      "pressure_gain": 1.0168956427693854,
      "difficulty_bias": 0.006663696716286229,
      "escalation_bias": 0.00576469711061817,
      "patience_bias": -0.004337397375891869,
      "hardness_bias": 0.0075626963219542955,
      "samples": 148
    },
    "semantic_precision": {
      "pressure_gain": 1.252782744636672,
      "difficulty_bias": 0.10192437343203213,
      "escalation_bias": 0.08842459870524592,
      "patience_bias": -0.06885099959620149,
      "hardness_bias": 0.11542414815881852,
      "samples": 148
    },
    "adaptive_strategy_selection": {
      "pressure_gain": 1.95,
      "difficulty_bias": 0.35,
      "escalation_bias": 0.3,
      "patience_bias": -0.3,
      "hardness_bias": 0.35,
      "samples": 148
    },
    "compression_elaboration_fit": {
      "pressure_gain": 1.109799510203502,
      "difficulty_bias": 0.046485884125442266,
      "escalation_bias": 0.04057288624694333,
      "patience_bias": -0.03384178946589508,
      "hardness_bias": 0.052398882003941265,
      "samples": 148
    },
    "perspective_integration": {
      "pressure_gain": 1.95,
      "difficulty_bias": 0.35,
      "escalation_bias": 0.3,
      "patience_bias": -0.3,
      "hardness_bias": 0.35,
      "samples": 148
    },
    "multi_turn_stability": {
      "pressure_gain": 1.2727872310357615,
      "difficulty_bias": 0.11867166912208818,
      "escalation_bias": 0.10391064398445217,
      "patience_bias": -0.08973308686781631,
      "hardness_bias": 0.13343269425972426,
      "samples": 148
    }
  },
  "last_episode_id": "episode_b175fcc9865b",
  "last_update_ts": 1781512858.604971
}