{
  "version": 1,
  "samples": 296,
  "global": {
    "pressure_gain_bias": 0.4,
    "difficulty_bias": 0.35,
    "escalation_bias": 0.3,
    "patience_bias": -0.3,
    "hardness_bias": 0.35,
    "samples": 296
  },
  "axis": {
    "X": {
      "pressure_gain": 1.2099004953578372,
      "difficulty_bias": 0.07901454978150471,
      "escalation_bias": 0.06792759184073922,
      "patience_bias": -0.06704799372642276,
      "hardness_bias": 0.08015387561579876,
      "samples": 296
    },
    "T": {
      "pressure_gain": 1.6010733210828896,
      "difficulty_bias": 0.2231984334277448,
      "escalation_bias": 0.19149614200463097,
      "patience_bias": -0.19077495938826963,
      "hardness_bias": 0.22416195069995523,
      "samples": 296
    },
    "N": {
      "pressure_gain": 1.4865995446902183,
      "difficulty_bias": 0.18502881731015436,
      "escalation_bias": 0.15929032932659415,
      "patience_bias": -0.15681542095884743,
      "hardness_bias": 0.18869582630809226,
      "samples": 296
    },
    "B": {
      "pressure_gain": 1.6686475568957435,
      "difficulty_bias": 0.24634383908715993,
      "escalation_bias": 0.21115186227065733,
      "patience_bias": -0.21115186137695363,
      "hardness_bias": 0.24634383965335882,
      "samples": 296
    },
    "A": {
      "pressure_gain": 1.4554549955518512,
      "difficulty_bias": 0.17163507869411482,
      "escalation_bias": 0.14757692156947624,
      "patience_bias": -0.1459611524602494,
      "hardness_bias": 0.17404367334007864,
      "samples": 296
    }
  },
  "dimensions": {
    "coherence_maintenance": {
      "pressure_gain": 1.95,
      "difficulty_bias": 0.35,
      "escalation_bias": 0.3,
      "patience_bias": -0.3,
      "hardness_bias": 0.35,
      "samples": 296
    },
    "context_carryover": {
      "pressure_gain": 1.9121709086914054,
      "difficulty_bias": 0.34253349267578126,
      "escalation_bias": 0.2943807080078125,
      "patience_bias": -0.2916487080078125,
      "hardness_bias": 0.34663149267578125,
      "samples": 296
    },
    "ambiguity_handling": {
      "pressure_gain": 1.0815025746152005,
      "difficulty_bias": 0.03002726433191765,
      "escalation_bias": 0.025737655141643702,
      "patience_bias": -0.025737655141643702,
      "hardness_bias": 0.03002726433191765,
      "samples": 296
    },
    "contradiction_handling": {
      "pressure_gain": 1.95,
      "difficulty_bias": 0.35,
      "escalation_bias": 0.3,
      "patience_bias": -0.3,
      "hardness_bias": 0.35,
      "samples": 296
    },
    "implied_intent_inference": {
      "pressure_gain": 1.95,
      "difficulty_bias": 0.35,
      "escalation_bias": 0.3,
      "patience_bias": -0.3,
      "hardness_bias": 0.35,
      "samples": 296
    },
    "misunderstanding_repair": {
      "pressure_gain": 1.0,
      "difficulty_bias": 0.0,
      "escalation_bias": 0.0,
      "patience_bias": 0.0,
      "hardness_bias": 0.0,
      "samples": 296
    },
    "uncertainty_signaling": {
      "pressure_gain": 1.6399723084627686,
      "difficulty_bias": 0.2672331665873363,
      "escalation_bias": 0.23285143806482797,
      "patience_bias": -0.21957090459993922,
      "hardness_bias": 0.2871539667846696,
      "samples": 296
    },
    "boundary_calibration": {
      "pressure_gain": 1.95,
      "difficulty_bias": 0.35,
      "escalation_bias": 0.3,
      "patience_bias": -0.3,
      "hardness_bias": 0.35,
      "samples": 296
    },
    "framing_selection": {
      "pressure_gain": 1.5514240149157856,
      "difficulty_bias": 0.21037751741750768,
      "escalation_bias": 0.18119472747863916,
      "patience_bias": -0.17814573355592517,
      "hardness_bias": 0.21495100830157857,
      "samples": 296
    },
    "emotional_calibration": {
      "pressure_gain": 1.0003985270843598,
      "difficulty_bias": 0.00015718038429562455,
      "escalation_bias": 0.00013597517200630087,
      "patience_bias": -0.00010230864569800979,
      "hardness_bias": 0.00017838559658494896,
      "samples": 296
    },
    "semantic_precision": {
      "pressure_gain": 1.0059625296043513,
      "difficulty_bias": 0.002404147857747352,
      "escalation_bias": 0.002085721034048327,
      "patience_bias": -0.0016240274785044734,
      "hardness_bias": 0.0027225746814463735,
      "samples": 296
    },
    "adaptive_strategy_selection": {
      "pressure_gain": 1.4805612019012118,
      "difficulty_bias": 0.19650432397245673,
      "escalation_bias": 0.17077928557745925,
      "patience_bias": -0.16256475797372208,
      "hardness_bias": 0.2088261153780626,
      "samples": 296
    },
    "compression_elaboration_fit": {
      "pressure_gain": 1.0052558783956802,
      "difficulty_bias": 0.0023041021815654312,
      "escalation_bias": 0.0020193053155002963,
      "patience_bias": -0.0017602357024795222,
      "hardness_bias": 0.002588899047630565,
      "samples": 296
    },
    "perspective_integration": {
      "pressure_gain": 1.95,
      "difficulty_bias": 0.35,
      "escalation_bias": 0.3,
      "patience_bias": -0.3,
      "hardness_bias": 0.35,
      "samples": 296
    },
    "multi_turn_stability": {
      "pressure_gain": 1.0158645175442473,
      "difficulty_bias": 0.00706125571501938,
      "escalation_bias": 0.006199249252718883,
      "patience_bias": -0.0055024468070337005,
      "hardness_bias": 0.007923262177319894,
      "samples": 296
    }
  },
  "last_episode_id": "episode_b64a7bd323f1",
  "last_update_ts": 1784011145.7771266
}