{
  "version": 1,
  "samples": 233,
  "global": {
    "pressure_gain_bias": 0.4,
    "difficulty_bias": 0.35,
    "escalation_bias": 0.3,
    "patience_bias": -0.3,
    "hardness_bias": 0.35,
    "samples": 233
  },
  "axis": {
    "X": {
      "pressure_gain": 1.1994379045790178,
      "difficulty_bias": 0.07480516831081364,
      "escalation_bias": 0.06427892147860523,
      "patience_bias": -0.06285670982279082,
      "hardness_bias": 0.07607699437903924,
      "samples": 233
    },
    "T": {
      "pressure_gain": 1.6653554244441604,
      "difficulty_bias": 0.24787326790126768,
      "escalation_bias": 0.21279193666674764,
      "patience_bias": -0.2112461069888224,
      "hardness_bias": 0.249785707199015,
      "samples": 233
    },
    "N": {
      "pressure_gain": 1.6371901648935197,
      "difficulty_bias": 0.2365634136043893,
      "escalation_bias": 0.2029181411698467,
      "patience_bias": -0.202001909401032,
      "hardness_bias": 0.23743341157331788,
      "samples": 233
    },
    "B": {
      "pressure_gain": 1.8046782227612834,
      "difficulty_bias": 0.29646218111104755,
      "escalation_bias": 0.25411059052923063,
      "patience_bias": -0.2541099083233628,
      "hardness_bias": 0.2964626133171977,
      "samples": 233
    },
    "A": {
      "pressure_gain": 1.5010637492463124,
      "difficulty_bias": 0.18542586325367327,
      "escalation_bias": 0.15903465582884913,
      "patience_bias": -0.15868702848588825,
      "hardness_bias": 0.18594177952265944,
      "samples": 233
    }
  },
  "dimensions": {
    "coherence_maintenance": {
      "pressure_gain": 1.95,
      "difficulty_bias": 0.35,
      "escalation_bias": 0.3,
      "patience_bias": -0.3,
      "hardness_bias": 0.35,
      "samples": 233
    },
    "context_carryover": {
      "pressure_gain": 1.95,
      "difficulty_bias": 0.35,
      "escalation_bias": 0.3,
      "patience_bias": -0.3,
      "hardness_bias": 0.35,
      "samples": 233
    },
    "ambiguity_handling": {
      "pressure_gain": 1.4016803058401819,
      "difficulty_bias": 0.14798748109901524,
      "escalation_bias": 0.12684641237058444,
      "patience_bias": -0.12684641237058444,
      "hardness_bias": 0.14798748109901524,
      "samples": 233
    },
    "contradiction_handling": {
      "pressure_gain": 1.95,
      "difficulty_bias": 0.35,
      "escalation_bias": 0.3,
      "patience_bias": -0.3,
      "hardness_bias": 0.35,
      "samples": 233
    },
    "implied_intent_inference": {
      "pressure_gain": 1.4670896116154852,
      "difficulty_bias": 0.17592216346643824,
      "escalation_bias": 0.15125324376205124,
      "patience_bias": -0.1496333809941865,
      "hardness_bias": 0.17835195761823536,
      "samples": 233
    },
    "misunderstanding_repair": {
      "pressure_gain": 1.0,
      "difficulty_bias": 0.0,
      "escalation_bias": 0.0,
      "patience_bias": 0.0,
      "hardness_bias": 0.0,
      "samples": 233
    },
    "uncertainty_signaling": {
      "pressure_gain": 1.95,
      "difficulty_bias": 0.35,
      "escalation_bias": 0.3,
      "patience_bias": -0.3,
      "hardness_bias": 0.35,
      "samples": 233
    },
    "boundary_calibration": {
      "pressure_gain": 1.95,
      "difficulty_bias": 0.35,
      "escalation_bias": 0.3,
      "patience_bias": -0.3,
      "hardness_bias": 0.35,
      "samples": 233
    },
    "framing_selection": {
      "pressure_gain": 1.4700302491927366,
      "difficulty_bias": 0.17725881691064335,
      "escalation_bias": 0.1524294987929518,
      "patience_bias": -0.15070270374955066,
      "hardness_bias": 0.17984900947574511,
      "samples": 233
    },
    "emotional_calibration": {
      "pressure_gain": 1.0019641156354595,
      "difficulty_bias": 0.0007746536245514569,
      "escalation_bias": 0.0006701450713186791,
      "patience_bias": -0.0005042217167751273,
      "hardness_bias": 0.0008791621777842372,
      "samples": 233
    },
    "semantic_precision": {
      "pressure_gain": 1.0293859516262576,
      "difficulty_bias": 0.0118486913001742,
      "escalation_bias": 0.0102793447545587,
      "patience_bias": -0.008003917144193377,
      "hardness_bias": 0.013418037845789703,
      "samples": 233
    },
    "adaptive_strategy_selection": {
      "pressure_gain": 1.95,
      "difficulty_bias": 0.35,
      "escalation_bias": 0.3,
      "patience_bias": -0.3,
      "hardness_bias": 0.35,
      "samples": 233
    },
    "compression_elaboration_fit": {
      "pressure_gain": 1.025903265650242,
      "difficulty_bias": 0.011355622486134012,
      "escalation_bias": 0.009952019068653416,
      "patience_bias": -0.008675210797462078,
      "hardness_bias": 0.012759225903614602,
      "samples": 233
    },
    "perspective_integration": {
      "pressure_gain": 1.95,
      "difficulty_bias": 0.35,
      "escalation_bias": 0.3,
      "patience_bias": -0.3,
      "hardness_bias": 0.35,
      "samples": 233
    },
    "multi_turn_stability": {
      "pressure_gain": 1.0781872755464192,
      "difficulty_bias": 0.034800954063303684,
      "escalation_bias": 0.03055260950427814,
      "patience_bias": -0.027118462536351612,
      "hardness_bias": 0.03904929862232931,
      "samples": 233
    }
  },
  "last_episode_id": "episode_192cd6241442",
  "last_update_ts": 1783638529.1808512
}