{
  "version": 1,
  "samples": 110,
  "global": {
    "pressure_gain_bias": 0.36168206119040003,
    "difficulty_bias": 0.3159095461312,
    "escalation_bias": 0.269617427088,
    "patience_bias": -0.26271843996808325,
    "hardness_bias": 0.3170056253344,
    "samples": 110
  },
  "axis": {
    "X": {
      "pressure_gain": 1.4871987916541007,
      "difficulty_bias": 0.18801669880164873,
      "escalation_bias": 0.1621845518410459,
      "patience_bias": -0.15037842507410415,
      "hardness_bias": 0.1975145951505062,
      "samples": 110
    },
    "T": {
      "pressure_gain": 1.6844005435746081,
      "difficulty_bias": 0.257486808211971,
      "escalation_bias": 0.22133143910522013,
      "patience_bias": -0.21723939642625517,
      "hardness_bias": 0.26166339655248805,
      "samples": 110
    },
    "N": {
      "pressure_gain": 1.6435036717948732,
      "difficulty_bias": 0.24108936279277415,
      "escalation_bias": 0.2071304991617273,
      "patience_bias": -0.20103052653738046,
      "hardness_bias": 0.2458174434285685,
      "samples": 110
    },
    "B": {
      "pressure_gain": 1.874129821363624,
      "difficulty_bias": 0.3341613839121086,
      "escalation_bias": 0.28741063958582524,
      "patience_bias": -0.2804808644335134,
      "hardness_bias": 0.3394762326216028,
      "samples": 110
    },
    "A": {
      "pressure_gain": 1.5703313234965441,
      "difficulty_bias": 0.21922131133442824,
      "escalation_bias": 0.1880319040635931,
      "patience_bias": -0.17880721451995338,
      "hardness_bias": 0.22117712092734354,
      "samples": 110
    }
  },
  "dimensions": {
    "coherence_maintenance": {
      "pressure_gain": 1.9264011052762269,
      "difficulty_bias": 0.34663849680524556,
      "escalation_bias": 0.297762036641741,
      "patience_bias": -0.2926219613113839,
      "hardness_bias": 0.35,
      "samples": 110
    },
    "context_carryover": {
      "pressure_gain": 1.95,
      "difficulty_bias": 0.35,
      "escalation_bias": 0.3,
      "patience_bias": -0.3,
      "hardness_bias": 0.35,
      "samples": 110
    },
    "ambiguity_handling": {
      "pressure_gain": 1.860709244648614,
      "difficulty_bias": 0.33383999999999997,
      "escalation_bias": 0.28583099999999995,
      "patience_bias": -0.28509,
      "hardness_bias": 0.333099,
      "samples": 110
    },
    "contradiction_handling": {
      "pressure_gain": 1.95,
      "difficulty_bias": 0.35,
      "escalation_bias": 0.3,
      "patience_bias": -0.3,
      "hardness_bias": 0.35,
      "samples": 110
    },
    "implied_intent_inference": {
      "pressure_gain": 1.7775575497952747,
      "difficulty_bias": 0.3148880088251706,
      "escalation_bias": 0.2705991840713836,
      "patience_bias": -0.2428915689609467,
      "hardness_bias": 0.3231994142199083,
      "samples": 110
    },
    "misunderstanding_repair": {
      "pressure_gain": 1.0,
      "difficulty_bias": 0.0,
      "escalation_bias": 0.0,
      "patience_bias": 0.0,
      "hardness_bias": 0.0,
      "samples": 110
    },
    "uncertainty_signaling": {
      "pressure_gain": 1.9262499999999998,
      "difficulty_bias": 0.34125,
      "escalation_bias": 0.2925,
      "patience_bias": -0.2925,
      "hardness_bias": 0.34125,
      "samples": 110
    },
    "boundary_calibration": {
      "pressure_gain": 1.7130745903039029,
      "difficulty_bias": 0.2652337998765614,
      "escalation_bias": 0.22764751142135317,
      "patience_bias": -0.22129673204352313,
      "hardness_bias": 0.2694740799105283,
      "samples": 110
    },
    "framing_selection": {
      "pressure_gain": 1.9378638611415568,
      "difficulty_bias": 0.3430650635094611,
      "escalation_bias": 0.29375855715851495,
      "patience_bias": -0.2930650635094611,
      "hardness_bias": 0.3423715698604072,
      "samples": 110
    },
    "emotional_calibration": {
      "pressure_gain": 1.014842598073905,
      "difficulty_bias": 0.00649123174573507,
      "escalation_bias": 0.005687311125878413,
      "patience_bias": -0.004943257292903583,
      "hardness_bias": 0.007295152365591726,
      "samples": 110
    },
    "semantic_precision": {
      "pressure_gain": 1.4454666467916408,
      "difficulty_bias": 0.1831736682482578,
      "escalation_bias": 0.15930462465200138,
      "patience_bias": -0.12765690053395037,
      "hardness_bias": 0.20704271184451456,
      "samples": 110
    },
    "adaptive_strategy_selection": {
      "pressure_gain": 1.9129499999999997,
      "difficulty_bias": 0.33365,
      "escalation_bias": 0.28565999999999997,
      "patience_bias": -0.2849,
      "hardness_bias": 0.33289,
      "samples": 110
    },
    "compression_elaboration_fit": {
      "pressure_gain": 1.1850265241300209,
      "difficulty_bias": 0.07729840246043834,
      "escalation_bias": 0.0673572591110942,
      "patience_bias": -0.055185371427435466,
      "hardness_bias": 0.08723954580978248,
      "samples": 110
    },
    "perspective_integration": {
      "pressure_gain": 1.95,
      "difficulty_bias": 0.35,
      "escalation_bias": 0.3,
      "patience_bias": -0.3,
      "hardness_bias": 0.35,
      "samples": 110
    },
    "multi_turn_stability": {
      "pressure_gain": 1.2479301314248128,
      "difficulty_bias": 0.10753419841214548,
      "escalation_bias": 0.09412543260632822,
      "patience_bias": -0.0809807387661179,
      "hardness_bias": 0.12094296421796286,
      "samples": 110
    }
  },
  "last_episode_id": "episode_88d844ac5b80",
  "last_update_ts": 1780493819.3164055
}