{
  "version": 1,
  "samples": 364,
  "global": {
    "pressure_gain_bias": 0.4,
    "difficulty_bias": 0.35,
    "escalation_bias": 0.3,
    "patience_bias": -0.3,
    "hardness_bias": 0.35,
    "samples": 364
  },
  "axis": {
    "X": {
      "pressure_gain": 1.316931751735846,
      "difficulty_bias": 0.11680336041959993,
      "escalation_bias": 0.10012091279092729,
      "patience_bias": -0.10007556041373125,
      "hardness_bias": 0.11683790398494032,
      "samples": 364
    },
    "T": {
      "pressure_gain": 1.4714261976521608,
      "difficulty_bias": 0.18058256560362718,
      "escalation_bias": 0.15561732262432412,
      "patience_bias": -0.15269019741931408,
      "hardness_bias": 0.18495903097587835,
      "samples": 364
    },
    "N": {
      "pressure_gain": 1.4110984483461368,
      "difficulty_bias": 0.15747592978301375,
      "escalation_bias": 0.13570542245834327,
      "patience_bias": -0.13315619101383397,
      "hardness_bias": 0.1612917346475682,
      "samples": 364
    },
    "B": {
      "pressure_gain": 1.6396473700610519,
      "difficulty_bias": 0.23565955739272115,
      "escalation_bias": 0.20199390633676975,
      "patience_bias": -0.20199390633607842,
      "hardness_bias": 0.2356595573931591,
      "samples": 364
    },
    "A": {
      "pressure_gain": 1.3844731588090418,
      "difficulty_bias": 0.14555406299879814,
      "escalation_bias": 0.1252318310807226,
      "patience_bias": -0.12358260991789514,
      "hardness_bias": 0.14802788309407572,
      "samples": 364
    }
  },
  "dimensions": {
    "coherence_maintenance": {
      "pressure_gain": 1.95,
      "difficulty_bias": 0.35,
      "escalation_bias": 0.3,
      "patience_bias": -0.3,
      "hardness_bias": 0.35,
      "samples": 364
    },
    "context_carryover": {
      "pressure_gain": 1.3775309555039281,
      "difficulty_bias": 0.15660263727447865,
      "escalation_bias": 0.13634342509042657,
      "patience_bias": -0.12894934909736946,
      "hardness_bias": 0.16769375126406447,
      "samples": 364
    },
    "ambiguity_handling": {
      "pressure_gain": 1.0145708603398895,
      "difficulty_bias": 0.005368211704171227,
      "escalation_bias": 0.004601324317861051,
      "patience_bias": -0.004601324317861051,
      "hardness_bias": 0.005368211704171227,
      "samples": 364
    },
    "contradiction_handling": {
      "pressure_gain": 1.95,
      "difficulty_bias": 0.35,
      "escalation_bias": 0.3,
      "patience_bias": -0.3,
      "hardness_bias": 0.35,
      "samples": 364
    },
    "implied_intent_inference": {
      "pressure_gain": 1.95,
      "difficulty_bias": 0.35,
      "escalation_bias": 0.3,
      "patience_bias": -0.3,
      "hardness_bias": 0.35,
      "samples": 364
    },
    "misunderstanding_repair": {
      "pressure_gain": 1.0,
      "difficulty_bias": 0.0,
      "escalation_bias": 0.0,
      "patience_bias": 0.0,
      "hardness_bias": 0.0,
      "samples": 364
    },
    "uncertainty_signaling": {
      "pressure_gain": 1.2293985466972814,
      "difficulty_bias": 0.09934756639672539,
      "escalation_bias": 0.08694435173469663,
      "patience_bias": -0.08068181985343473,
      "hardness_bias": 0.10874136421861835,
      "samples": 364
    },
    "boundary_calibration": {
      "pressure_gain": 1.95,
      "difficulty_bias": 0.35,
      "escalation_bias": 0.3,
      "patience_bias": -0.3,
      "hardness_bias": 0.35,
      "samples": 364
    },
    "framing_selection": {
      "pressure_gain": 1.95,
      "difficulty_bias": 0.35,
      "escalation_bias": 0.3,
      "patience_bias": -0.3,
      "hardness_bias": 0.35,
      "samples": 364
    },
    "emotional_calibration": {
      "pressure_gain": 1.0000712478411284,
      "difficulty_bias": 2.810038135059161e-05,
      "escalation_bias": 2.4309357714782644e-05,
      "patience_bias": -1.8290526343093218e-05,
      "hardness_bias": 3.1891404986400694e-05,
      "samples": 364
    },
    "semantic_precision": {
      "pressure_gain": 1.0010659686095498,
      "difficulty_bias": 0.0004298085408599494,
      "escalation_bias": 0.00037288085730516823,
      "patience_bias": -0.00029034024617209046,
      "hardness_bias": 0.0004867362244147295,
      "samples": 364
    },
    "adaptive_strategy_selection": {
      "pressure_gain": 1.1655669640577464,
      "difficulty_bias": 0.07069339168005663,
      "escalation_bias": 0.0617638956845998,
      "patience_bias": -0.05767043582867046,
      "hardness_bias": 0.07683358146395072,
      "samples": 364
    },
    "compression_elaboration_fit": {
      "pressure_gain": 1.0009396349799786,
      "difficulty_bias": 0.00041192258348818036,
      "escalation_bias": 0.0003610071936337323,
      "patience_bias": -0.00031469126843188395,
      "hardness_bias": 0.00046283797334262787,
      "samples": 364
    },
    "perspective_integration": {
      "pressure_gain": 1.95,
      "difficulty_bias": 0.35,
      "escalation_bias": 0.3,
      "patience_bias": -0.3,
      "hardness_bias": 0.35,
      "samples": 364
    },
    "multi_turn_stability": {
      "pressure_gain": 1.0028362253657412,
      "difficulty_bias": 0.0012623965725449145,
      "escalation_bias": 0.0011082888546775224,
      "patience_bias": -0.0009837159664158948,
      "hardness_bias": 0.0014165042904123086,
      "samples": 364
    }
  },
  "last_episode_id": "episode_0c8eeeb97511",
  "last_update_ts": 1784396252.0441644
}