{
  "version": 1,
  "samples": 180,
  "global": {
    "pressure_gain_bias": 0.4,
    "difficulty_bias": 0.35,
    "escalation_bias": 0.3,
    "patience_bias": -0.3,
    "hardness_bias": 0.35,
    "samples": 180
  },
  "axis": {
    "X": {
      "pressure_gain": 1.3666587115954119,
      "difficulty_bias": 0.13688184460869926,
      "escalation_bias": 0.11754331430311489,
      "patience_bias": -0.11350408982343235,
      "hardness_bias": 0.13965752245546703,
      "samples": 180
    },
    "T": {
      "pressure_gain": 1.6834418074294244,
      "difficulty_bias": 0.2579128580940043,
      "escalation_bias": 0.22179625976666253,
      "patience_bias": -0.21788818000713092,
      "hardness_bias": 0.2623815809141871,
      "samples": 180
    },
    "N": {
      "pressure_gain": 1.5584903572655402,
      "difficulty_bias": 0.2165624924751072,
      "escalation_bias": 0.18609255790297466,
      "patience_bias": -0.18025313368124798,
      "hardness_bias": 0.2193222091211009,
      "samples": 180
    },
    "B": {
      "pressure_gain": 1.9436408022799623,
      "difficulty_bias": 0.3478238429139629,
      "escalation_bias": 0.298151488069092,
      "patience_bias": -0.298085824262317,
      "hardness_bias": 0.3479119927811234,
      "samples": 180
    },
    "A": {
      "pressure_gain": 1.6106858796606482,
      "difficulty_bias": 0.2285853558648015,
      "escalation_bias": 0.19607797407500577,
      "patience_bias": -0.19455075802509492,
      "hardness_bias": 0.22945585374942015,
      "samples": 180
    }
  },
  "dimensions": {
    "coherence_maintenance": {
      "pressure_gain": 1.95,
      "difficulty_bias": 0.35,
      "escalation_bias": 0.3,
      "patience_bias": -0.3,
      "hardness_bias": 0.35,
      "samples": 180
    },
    "context_carryover": {
      "pressure_gain": 1.8584820734741203,
      "difficulty_bias": 0.31993171785888674,
      "escalation_bias": 0.27466736530761715,
      "patience_bias": -0.2731267403076172,
      "hardness_bias": 0.32224265535888674,
      "samples": 180
    },
    "ambiguity_handling": {
      "pressure_gain": 1.95,
      "difficulty_bias": 0.35,
      "escalation_bias": 0.3,
      "patience_bias": -0.3,
      "hardness_bias": 0.35,
      "samples": 180
    },
    "contradiction_handling": {
      "pressure_gain": 1.95,
      "difficulty_bias": 0.35,
      "escalation_bias": 0.3,
      "patience_bias": -0.3,
      "hardness_bias": 0.35,
      "samples": 180
    },
    "implied_intent_inference": {
      "pressure_gain": 1.9262499999999998,
      "difficulty_bias": 0.34125,
      "escalation_bias": 0.2925,
      "patience_bias": -0.2925,
      "hardness_bias": 0.34125,
      "samples": 180
    },
    "misunderstanding_repair": {
      "pressure_gain": 1.0,
      "difficulty_bias": 0.0,
      "escalation_bias": 0.0,
      "patience_bias": 0.0,
      "hardness_bias": 0.0,
      "samples": 180
    },
    "uncertainty_signaling": {
      "pressure_gain": 1.95,
      "difficulty_bias": 0.35,
      "escalation_bias": 0.3,
      "patience_bias": -0.3,
      "hardness_bias": 0.35,
      "samples": 180
    },
    "boundary_calibration": {
      "pressure_gain": 1.567767914672145,
      "difficulty_bias": 0.23526652969388898,
      "escalation_bias": 0.20256569231775762,
      "patience_bias": -0.19075715268429302,
      "hardness_bias": 0.2400370307396164,
      "samples": 180
    },
    "framing_selection": {
      "pressure_gain": 1.95,
      "difficulty_bias": 0.35,
      "escalation_bias": 0.3,
      "patience_bias": -0.3,
      "hardness_bias": 0.35,
      "samples": 180
    },
    "emotional_calibration": {
      "pressure_gain": 1.0075148864168002,
      "difficulty_bias": 0.0029638957583574058,
      "escalation_bias": 0.0025640364563137914,
      "patience_bias": -0.0019291984962786632,
      "hardness_bias": 0.003363755060401024,
      "samples": 180
    },
    "semantic_precision": {
      "pressure_gain": 1.112433343910062,
      "difficulty_bias": 0.04533417875248037,
      "escalation_bias": 0.039329715050866805,
      "patience_bias": -0.030623720488824797,
      "hardness_bias": 0.051338642454094,
      "samples": 180
    },
    "adaptive_strategy_selection": {
      "pressure_gain": 1.95,
      "difficulty_bias": 0.35,
      "escalation_bias": 0.3,
      "patience_bias": -0.3,
      "hardness_bias": 0.35,
      "samples": 180
    },
    "compression_elaboration_fit": {
      "pressure_gain": 1.0681472762122912,
      "difficulty_bias": 0.029414513118846162,
      "escalation_bias": 0.025732089440103134,
      "patience_bias": -0.022004789450261946,
      "hardness_bias": 0.033096936797589224,
      "samples": 180
    },
    "perspective_integration": {
      "pressure_gain": 1.95,
      "difficulty_bias": 0.35,
      "escalation_bias": 0.3,
      "patience_bias": -0.3,
      "hardness_bias": 0.35,
      "samples": 180
    },
    "multi_turn_stability": {
      "pressure_gain": 1.2655075798462638,
      "difficulty_bias": 0.11792952594484511,
      "escalation_bias": 0.1035085329306811,
      "patience_bias": -0.09164912174804976,
      "hardness_bias": 0.13235051895900923,
      "samples": 180
    }
  },
  "last_episode_id": "episode_ee7878db074a",
  "last_update_ts": 1783248059.5853813
}