{
  "version": 1,
  "samples": 164,
  "global": {
    "pressure_gain_bias": 0.4,
    "difficulty_bias": 0.35,
    "escalation_bias": 0.3,
    "patience_bias": -0.3,
    "hardness_bias": 0.35,
    "samples": 164
  },
  "axis": {
    "X": {
      "pressure_gain": 1.3901519503047,
      "difficulty_bias": 0.14650303114031266,
      "escalation_bias": 0.12590317264920892,
      "patience_bias": -0.11987964642651687,
      "hardness_bias": 0.15066680171454944,
      "samples": 164
    },
    "T": {
      "pressure_gain": 1.687181809668656,
      "difficulty_bias": 0.2591255952168677,
      "escalation_bias": 0.22282222493060425,
      "patience_bias": -0.21833497694803325,
      "hardness_bias": 0.2638264652401717,
      "samples": 164
    },
    "N": {
      "pressure_gain": 1.6078757778232884,
      "difficulty_bias": 0.2353504883329783,
      "escalation_bias": 0.20230137857679123,
      "patience_bias": -0.19512839108646443,
      "hardness_bias": 0.23838997779550158,
      "samples": 164
    },
    "B": {
      "pressure_gain": 1.9412954800901767,
      "difficulty_bias": 0.34717123075660866,
      "escalation_bias": 0.2976029087699208,
      "patience_bias": -0.29746872886770237,
      "hardness_bias": 0.34731666828245195,
      "samples": 164
    },
    "A": {
      "pressure_gain": 1.548431444965769,
      "difficulty_bias": 0.2139780173552609,
      "escalation_bias": 0.18418405913180053,
      "patience_bias": -0.17620723938539026,
      "hardness_bias": 0.21855719651368172,
      "samples": 164
    }
  },
  "dimensions": {
    "coherence_maintenance": {
      "pressure_gain": 1.95,
      "difficulty_bias": 0.35,
      "escalation_bias": 0.3,
      "patience_bias": -0.3,
      "hardness_bias": 0.35,
      "samples": 164
    },
    "context_carryover": {
      "pressure_gain": 1.7928997732037069,
      "difficulty_bias": 0.2952624462095369,
      "escalation_bias": 0.2534610685958268,
      "patience_bias": -0.2521346671390436,
      "hardness_bias": 0.2972520483947117,
      "samples": 164
    },
    "ambiguity_handling": {
      "pressure_gain": 1.95,
      "difficulty_bias": 0.35,
      "escalation_bias": 0.3,
      "patience_bias": -0.3,
      "hardness_bias": 0.35,
      "samples": 164
    },
    "contradiction_handling": {
      "pressure_gain": 1.95,
      "difficulty_bias": 0.35,
      "escalation_bias": 0.3,
      "patience_bias": -0.3,
      "hardness_bias": 0.35,
      "samples": 164
    },
    "implied_intent_inference": {
      "pressure_gain": 1.8618112795859638,
      "difficulty_bias": 0.35,
      "escalation_bias": 0.3,
      "patience_bias": -0.29075507122872435,
      "hardness_bias": 0.35,
      "samples": 164
    },
    "misunderstanding_repair": {
      "pressure_gain": 1.0,
      "difficulty_bias": 0.0,
      "escalation_bias": 0.0,
      "patience_bias": 0.0,
      "hardness_bias": 0.0,
      "samples": 164
    },
    "uncertainty_signaling": {
      "pressure_gain": 1.95,
      "difficulty_bias": 0.35,
      "escalation_bias": 0.3,
      "patience_bias": -0.3,
      "hardness_bias": 0.35,
      "samples": 164
    },
    "boundary_calibration": {
      "pressure_gain": 1.7175828746297281,
      "difficulty_bias": 0.2936610547868562,
      "escalation_bias": 0.25205184414386783,
      "patience_bias": -0.23855494865101903,
      "hardness_bias": 0.29545849000130936,
      "samples": 164
    },
    "framing_selection": {
      "pressure_gain": 1.95,
      "difficulty_bias": 0.35,
      "escalation_bias": 0.3,
      "patience_bias": -0.3,
      "hardness_bias": 0.35,
      "samples": 164
    },
    "emotional_calibration": {
      "pressure_gain": 1.0112680449214033,
      "difficulty_bias": 0.004444153736357567,
      "escalation_bias": 0.003844592767931575,
      "patience_bias": -0.002892697788455201,
      "hardness_bias": 0.005043714704783567,
      "samples": 164
    },
    "semantic_precision": {
      "pressure_gain": 1.1685859106279775,
      "difficulty_bias": 0.06797542029588566,
      "escalation_bias": 0.0589721482614002,
      "patience_bias": -0.0459181202469163,
      "hardness_bias": 0.07697869233037123,
      "samples": 164
    },
    "adaptive_strategy_selection": {
      "pressure_gain": 1.95,
      "difficulty_bias": 0.35,
      "escalation_bias": 0.3,
      "patience_bias": -0.3,
      "hardness_bias": 0.35,
      "samples": 164
    },
    "compression_elaboration_fit": {
      "pressure_gain": 1.0732275078378812,
      "difficulty_bias": 0.031002373670316878,
      "escalation_bias": 0.02705887612929274,
      "patience_bias": -0.022569771930392217,
      "hardness_bias": 0.03494587121134106,
      "samples": 164
    },
    "perspective_integration": {
      "pressure_gain": 1.95,
      "difficulty_bias": 0.35,
      "escalation_bias": 0.3,
      "patience_bias": -0.3,
      "hardness_bias": 0.35,
      "samples": 164
    },
    "multi_turn_stability": {
      "pressure_gain": 1.2065179023881463,
      "difficulty_bias": 0.09023105537989763,
      "escalation_bias": 0.07904734737642653,
      "patience_bias": -0.06862503072508422,
      "hardness_bias": 0.10141476338336881,
      "samples": 164
    }
  },
  "last_episode_id": "episode_850df53c4f4b",
  "last_update_ts": 1783145004.8337991
}