{
  "version": 1,
  "samples": 404,
  "global": {
    "pressure_gain_bias": 0.4,
    "difficulty_bias": 0.35,
    "escalation_bias": 0.3,
    "patience_bias": -0.3,
    "hardness_bias": 0.35,
    "samples": 404
  },
  "axis": {
    "X": {
      "pressure_gain": 1.3184668532335186,
      "difficulty_bias": 0.11747623017587674,
      "escalation_bias": 0.10071155070141793,
      "patience_bias": -0.10063840744692835,
      "hardness_bias": 0.11757452031151244,
      "samples": 404
    },
    "T": {
      "pressure_gain": 1.7297159619276485,
      "difficulty_bias": 0.28246235545419723,
      "escalation_bias": 0.24362310983870156,
      "patience_bias": -0.23822808285216737,
      "hardness_bias": 0.290321494690262,
      "samples": 404
    },
    "N": {
      "pressure_gain": 1.5227971616477447,
      "difficulty_bias": 0.20147742453258977,
      "escalation_bias": 0.17351874120545316,
      "patience_bias": -0.17045704158479086,
      "hardness_bias": 0.20542868759787952,
      "samples": 404
    },
    "B": {
      "pressure_gain": 1.8228389655855877,
      "difficulty_bias": 0.3166690732797519,
      "escalation_bias": 0.2725037165753556,
      "patience_bias": -0.2683422480252035,
      "hardness_bias": 0.3212682088225057,
      "samples": 404
    },
    "A": {
      "pressure_gain": 1.4258931105244272,
      "difficulty_bias": 0.16597736915665492,
      "escalation_bias": 0.14335316586768498,
      "patience_bias": -0.13954919278040367,
      "hardness_bias": 0.17168332861539495,
      "samples": 404
    }
  },
  "dimensions": {
    "coherence_maintenance": {
      "pressure_gain": 1.95,
      "difficulty_bias": 0.35,
      "escalation_bias": 0.3,
      "patience_bias": -0.3,
      "hardness_bias": 0.35,
      "samples": 404
    },
    "context_carryover": {
      "pressure_gain": 1.95,
      "difficulty_bias": 0.35,
      "escalation_bias": 0.3,
      "patience_bias": -0.3,
      "hardness_bias": 0.35,
      "samples": 404
    },
    "ambiguity_handling": {
      "pressure_gain": 1.8998376006319757,
      "difficulty_bias": 0.35,
      "escalation_bias": 0.3,
      "patience_bias": -0.3,
      "hardness_bias": 0.35,
      "samples": 404
    },
    "contradiction_handling": {
      "pressure_gain": 1.95,
      "difficulty_bias": 0.35,
      "escalation_bias": 0.3,
      "patience_bias": -0.3,
      "hardness_bias": 0.35,
      "samples": 404
    },
    "implied_intent_inference": {
      "pressure_gain": 1.95,
      "difficulty_bias": 0.35,
      "escalation_bias": 0.3,
      "patience_bias": -0.3,
      "hardness_bias": 0.35,
      "samples": 404
    },
    "misunderstanding_repair": {
      "pressure_gain": 1.0,
      "difficulty_bias": 0.0,
      "escalation_bias": 0.0,
      "patience_bias": 0.0,
      "hardness_bias": 0.0,
      "samples": 404
    },
    "uncertainty_signaling": {
      "pressure_gain": 1.95,
      "difficulty_bias": 0.35,
      "escalation_bias": 0.3,
      "patience_bias": -0.3,
      "hardness_bias": 0.35,
      "samples": 404
    },
    "boundary_calibration": {
      "pressure_gain": 1.7258829297222942,
      "difficulty_bias": 0.28063597603766266,
      "escalation_bias": 0.24213815747139036,
      "patience_bias": -0.23656253443451217,
      "hardness_bias": 0.28899941059297996,
      "samples": 404
    },
    "framing_selection": {
      "pressure_gain": 1.95,
      "difficulty_bias": 0.35,
      "escalation_bias": 0.3,
      "patience_bias": -0.3,
      "hardness_bias": 0.35,
      "samples": 404
    },
    "emotional_calibration": {
      "pressure_gain": 1.0000258795271686,
      "difficulty_bias": 1.0206970079755278e-05,
      "escalation_bias": 8.829947314847764e-06,
      "patience_bias": -6.643712510435297e-06,
      "hardness_bias": 1.1583992844662838e-05,
      "samples": 404
    },
    "semantic_precision": {
      "pressure_gain": 1.025730230698815,
      "difficulty_bias": 0.011675172700892314,
      "escalation_bias": 0.01027215860981393,
      "patience_bias": -0.009320204491000794,
      "hardness_bias": 0.013078186791970698,
      "samples": 404
    },
    "adaptive_strategy_selection": {
      "pressure_gain": 1.3762737281903983,
      "difficulty_bias": 0.16860974281020139,
      "escalation_bias": 0.14813958282817893,
      "patience_bias": -0.13548027136015664,
      "hardness_bias": 0.18759871001223494,
      "samples": 404
    },
    "compression_elaboration_fit": {
      "pressure_gain": 1.0003413059063804,
      "difficulty_bias": 0.00014962364504533088,
      "escalation_bias": 0.000131129523760657,
      "patience_bias": -0.00011430607724392515,
      "hardness_bias": 0.00016811776633000452,
      "samples": 404
    },
    "perspective_integration": {
      "pressure_gain": 1.9361929493164054,
      "difficulty_bias": 0.35,
      "escalation_bias": 0.3,
      "patience_bias": -0.3,
      "hardness_bias": 0.35,
      "samples": 404
    },
    "multi_turn_stability": {
      "pressure_gain": 1.5447594917279088,
      "difficulty_bias": 0.24760007947537122,
      "escalation_bias": 0.21788632252134466,
      "patience_bias": -0.19806258941047689,
      "hardness_bias": 0.2773138364293979,
      "samples": 404
    }
  },
  "last_episode_id": "episode_feb3a3c375c6",
  "last_update_ts": 1784829960.7292328
}