{
  "version": 1,
  "samples": 367,
  "global": {
    "pressure_gain_bias": 0.4,
    "difficulty_bias": 0.35,
    "escalation_bias": 0.3,
    "patience_bias": -0.3,
    "hardness_bias": 0.35,
    "samples": 367
  },
  "axis": {
    "X": {
      "pressure_gain": 1.3169574175544394,
      "difficulty_bias": 0.11680557709425574,
      "escalation_bias": 0.10012220014125599,
      "patience_bias": -0.10008154525470417,
      "hardness_bias": 0.11683596531841961,
      "samples": 367
    },
    "T": {
      "pressure_gain": 1.467233924349365,
      "difficulty_bias": 0.17910789918265116,
      "escalation_bias": 0.1543617556867506,
      "patience_bias": -0.15140615366473026,
      "hardness_bias": 0.1835281259676496,
      "samples": 367
    },
    "N": {
      "pressure_gain": 1.4079433896144475,
      "difficulty_bias": 0.1561837543473088,
      "escalation_bias": 0.13458218688371912,
      "patience_bias": -0.1320883418883776,
      "hardness_bias": 0.15991706781379486,
      "samples": 367
    },
    "B": {
      "pressure_gain": 1.6391855580132006,
      "difficulty_bias": 0.23548941611144422,
      "escalation_bias": 0.201848070952777,
      "patience_bias": -0.20184807095227303,
      "hardness_bias": 0.2354894161117635,
      "samples": 367
    },
    "A": {
      "pressure_gain": 1.3814255949728809,
      "difficulty_bias": 0.1443559190176048,
      "escalation_bias": 0.12419576013835752,
      "patience_bias": -0.12257835570331158,
      "hardness_bias": 0.14678201717807926,
      "samples": 367
    }
  },
  "dimensions": {
    "coherence_maintenance": {
      "pressure_gain": 1.95,
      "difficulty_bias": 0.35,
      "escalation_bias": 0.3,
      "patience_bias": -0.3,
      "hardness_bias": 0.35,
      "samples": 367
    },
    "context_carryover": {
      "pressure_gain": 1.4300277574330644,
      "difficulty_bias": 0.18120556063047982,
      "escalation_bias": 0.15806642561944387,
      "patience_bias": -0.1484506178428297,
      "hardness_bias": 0.1956292722954013,
      "samples": 367
    },
    "ambiguity_handling": {
      "pressure_gain": 1.0135051385078422,
      "difficulty_bias": 0.004975577344995828,
      "escalation_bias": 0.004264780581424995,
      "patience_bias": -0.004264780581424995,
      "hardness_bias": 0.004975577344995828,
      "samples": 367
    },
    "contradiction_handling": {
      "pressure_gain": 1.95,
      "difficulty_bias": 0.35,
      "escalation_bias": 0.3,
      "patience_bias": -0.3,
      "hardness_bias": 0.35,
      "samples": 367
    },
    "implied_intent_inference": {
      "pressure_gain": 1.95,
      "difficulty_bias": 0.35,
      "escalation_bias": 0.3,
      "patience_bias": -0.3,
      "hardness_bias": 0.35,
      "samples": 367
    },
    "misunderstanding_repair": {
      "pressure_gain": 1.0,
      "difficulty_bias": 0.0,
      "escalation_bias": 0.0,
      "patience_bias": 0.0,
      "hardness_bias": 0.0,
      "samples": 367
    },
    "uncertainty_signaling": {
      "pressure_gain": 1.254536993454103,
      "difficulty_bias": 0.11101728030588708,
      "escalation_bias": 0.09723747436779598,
      "patience_bias": -0.08995815499817139,
      "hardness_bias": 0.12193625936032407,
      "samples": 367
    },
    "boundary_calibration": {
      "pressure_gain": 1.95,
      "difficulty_bias": 0.35,
      "escalation_bias": 0.3,
      "patience_bias": -0.3,
      "hardness_bias": 0.35,
      "samples": 367
    },
    "framing_selection": {
      "pressure_gain": 1.95,
      "difficulty_bias": 0.35,
      "escalation_bias": 0.3,
      "patience_bias": -0.3,
      "hardness_bias": 0.35,
      "samples": 367
    },
    "emotional_calibration": {
      "pressure_gain": 1.0000660367294982,
      "difficulty_bias": 2.6045101895870992e-05,
      "escalation_bias": 2.2531356098174868e-05,
      "patience_bias": -1.6952745814780414e-05,
      "hardness_bias": 2.9558847693567227e-05,
      "samples": 367
    },
    "semantic_precision": {
      "pressure_gain": 1.0009880029992166,
      "difficulty_bias": 0.00039837207555111465,
      "escalation_bias": 0.0003456081183513324,
      "patience_bias": -0.00026910457910440987,
      "hardness_bias": 0.00045113603275089584,
      "samples": 367
    },
    "adaptive_strategy_selection": {
      "pressure_gain": 1.1822383452073948,
      "difficulty_bias": 0.07849665546585383,
      "escalation_bias": 0.06865280333517268,
      "patience_bias": -0.06385795805962984,
      "hardness_bias": 0.08568892337916816,
      "samples": 367
    },
    "compression_elaboration_fit": {
      "pressure_gain": 1.0008709094902708,
      "difficulty_bias": 0.0003817943082802401,
      "escalation_bias": 0.0003346029018618651,
      "patience_bias": -0.0002916745523767332,
      "hardness_bias": 0.0004289857146986147,
      "samples": 367
    },
    "perspective_integration": {
      "pressure_gain": 1.95,
      "difficulty_bias": 0.35,
      "escalation_bias": 0.3,
      "patience_bias": -0.3,
      "hardness_bias": 0.35,
      "samples": 367
    },
    "multi_turn_stability": {
      "pressure_gain": 1.0026287820698498,
      "difficulty_bias": 0.0011700640982311215,
      "escalation_bias": 0.0010272279151658742,
      "patience_bias": -0.0009117663658097571,
      "hardness_bias": 0.0013129002812963708,
      "samples": 367
    }
  },
  "last_episode_id": "episode_00f88cf27be9",
  "last_update_ts": 1784407653.2292252
}