{
  "version": 1,
  "samples": 315,
  "global": {
    "pressure_gain_bias": 0.4,
    "difficulty_bias": 0.35,
    "escalation_bias": 0.3,
    "patience_bias": -0.3,
    "hardness_bias": 0.35,
    "samples": 315
  },
  "axis": {
    "X": {
      "pressure_gain": 1.2786059383716133,
      "difficulty_bias": 0.10657228039670116,
      "escalation_bias": 0.09165356913068926,
      "patience_bias": -0.09030255954791298,
      "hardness_bias": 0.10810082471162935,
      "samples": 315
    },
    "T": {
      "pressure_gain": 1.5729863631807026,
      "difficulty_bias": 0.2146167791448796,
      "escalation_bias": 0.18437768030385882,
      "patience_bias": -0.18285698414427332,
      "hardness_bias": 0.21684350104014288,
      "samples": 315
    },
    "N": {
      "pressure_gain": 1.4876747735577942,
      "difficulty_bias": 0.18810716629466845,
      "escalation_bias": 0.16225256049795012,
      "patience_bias": -0.1586622613135263,
      "hardness_bias": 0.19346475903696975,
      "samples": 315
    },
    "B": {
      "pressure_gain": 1.6551642293191489,
      "difficulty_bias": 0.24137629532789046,
      "escalation_bias": 0.20689396745037592,
      "patience_bias": -0.20689396732964976,
      "hardness_bias": 0.24137629540437555,
      "samples": 315
    },
    "A": {
      "pressure_gain": 1.444096359406986,
      "difficulty_bias": 0.16887581581200786,
      "escalation_bias": 0.1453851877927214,
      "patience_bias": -0.14316423754335547,
      "hardness_bias": 0.17220520693604022,
      "samples": 315
    }
  },
  "dimensions": {
    "coherence_maintenance": {
      "pressure_gain": 1.95,
      "difficulty_bias": 0.35,
      "escalation_bias": 0.3,
      "patience_bias": -0.3,
      "hardness_bias": 0.35,
      "samples": 315
    },
    "context_carryover": {
      "pressure_gain": 1.7223684196970386,
      "difficulty_bias": 0.28147319273434085,
      "escalation_bias": 0.2431129697981537,
      "patience_bias": -0.23663715370763838,
      "hardness_bias": 0.291186916870114,
      "samples": 315
    },
    "ambiguity_handling": {
      "pressure_gain": 1.0503801001299669,
      "difficulty_bias": 0.018561089521568385,
      "escalation_bias": 0.015909505304201474,
      "patience_bias": -0.015909505304201474,
      "hardness_bias": 0.018561089521568385,
      "samples": 315
    },
    "contradiction_handling": {
      "pressure_gain": 1.95,
      "difficulty_bias": 0.35,
      "escalation_bias": 0.3,
      "patience_bias": -0.3,
      "hardness_bias": 0.35,
      "samples": 315
    },
    "implied_intent_inference": {
      "pressure_gain": 1.95,
      "difficulty_bias": 0.35,
      "escalation_bias": 0.3,
      "patience_bias": -0.3,
      "hardness_bias": 0.35,
      "samples": 315
    },
    "misunderstanding_repair": {
      "pressure_gain": 1.0,
      "difficulty_bias": 0.0,
      "escalation_bias": 0.0,
      "patience_bias": 0.0,
      "hardness_bias": 0.0,
      "samples": 315
    },
    "uncertainty_signaling": {
      "pressure_gain": 1.4823843867740762,
      "difficulty_bias": 0.2038786124030996,
      "escalation_bias": 0.17790867049307166,
      "patience_bias": -0.16686416097661977,
      "hardness_bias": 0.22044537667777758,
      "samples": 315
    },
    "boundary_calibration": {
      "pressure_gain": 1.95,
      "difficulty_bias": 0.35,
      "escalation_bias": 0.3,
      "patience_bias": -0.3,
      "hardness_bias": 0.35,
      "samples": 315
    },
    "framing_selection": {
      "pressure_gain": 1.95,
      "difficulty_bias": 0.35,
      "escalation_bias": 0.3,
      "patience_bias": -0.3,
      "hardness_bias": 0.35,
      "samples": 315
    },
    "emotional_calibration": {
      "pressure_gain": 1.000246346014335,
      "difficulty_bias": 9.715967301238632e-05,
      "escalation_bias": 8.405185741935448e-05,
      "patience_bias": -6.324119009445266e-05,
      "hardness_bias": 0.00011026748860541861,
      "samples": 315
    },
    "semantic_precision": {
      "pressure_gain": 1.0036856852671618,
      "difficulty_bias": 0.0014861028669635602,
      "escalation_bias": 0.0012892701247125841,
      "patience_bias": -0.0010038783114173701,
      "hardness_bias": 0.001682935609214534,
      "samples": 315
    },
    "adaptive_strategy_selection": {
      "pressure_gain": 1.3576205436443747,
      "difficulty_bias": 0.14829319072653005,
      "escalation_bias": 0.12910354010396805,
      "patience_bias": -0.12212072191966993,
      "hardness_bias": 0.15876741800297747,
      "samples": 315
    },
    "compression_elaboration_fit": {
      "pressure_gain": 1.0032488750336466,
      "difficulty_bias": 0.0014242605115850644,
      "escalation_bias": 0.0012482158320543304,
      "patience_bias": -0.001088074227862791,
      "hardness_bias": 0.0016003051911157979,
      "samples": 315
    },
    "perspective_integration": {
      "pressure_gain": 1.95,
      "difficulty_bias": 0.35,
      "escalation_bias": 0.3,
      "patience_bias": -0.3,
      "hardness_bias": 0.35,
      "samples": 315
    },
    "multi_turn_stability": {
      "pressure_gain": 1.0098065120784991,
      "difficulty_bias": 0.004364853155198865,
      "escalation_bias": 0.0038320114371498803,
      "patience_bias": -0.0034012891299078315,
      "hardness_bias": 0.004897694873247859,
      "samples": 315
    }
  },
  "last_episode_id": "episode_f83198d3b7aa",
  "last_update_ts": 1784125513.7679265
}