{
  "version": 1,
  "samples": 406,
  "global": {
    "pressure_gain_bias": 0.392,
    "difficulty_bias": 0.34299999999999997,
    "escalation_bias": 0.294,
    "patience_bias": -0.294,
    "hardness_bias": 0.34299999999999997,
    "samples": 406
  },
  "axis": {
    "X": {
      "pressure_gain": 1.3211574137024653,
      "difficulty_bias": 0.11869949678302899,
      "escalation_bias": 0.10178805584189068,
      "patience_bias": -0.10161743837821634,
      "hardness_bias": 0.11894449569305389,
      "samples": 406
    },
    "T": {
      "pressure_gain": 1.747988178286967,
      "difficulty_bias": 0.28975621657988737,
      "escalation_bias": 0.2499675785888218,
      "patience_bias": -0.244266340675757,
      "hardness_bias": 0.2981176350702805,
      "samples": 406
    },
    "N": {
      "pressure_gain": 1.5278866569599623,
      "difficulty_bias": 0.2024737530187294,
      "escalation_bias": 0.17431346505268408,
      "patience_bias": -0.17149269865236572,
      "hardness_bias": 0.20618504988034453,
      "samples": 406
    },
    "B": {
      "pressure_gain": 1.842852867296684,
      "difficulty_bias": 0.3224477826899324,
      "escalation_bias": 0.2772530104260381,
      "patience_bias": -0.27388222090041486,
      "hardness_bias": 0.32617308247956295,
      "samples": 406
    },
    "A": {
      "pressure_gain": 1.4293866212866861,
      "difficulty_bias": 0.1675461841925281,
      "escalation_bias": 0.14473322577958606,
      "patience_bias": -0.14080548811213678,
      "hardness_bias": 0.1734377905542346,
      "samples": 406
    }
  },
  "dimensions": {
    "coherence_maintenance": {
      "pressure_gain": 1.95,
      "difficulty_bias": 0.35,
      "escalation_bias": 0.3,
      "patience_bias": -0.3,
      "hardness_bias": 0.35,
      "samples": 406
    },
    "context_carryover": {
      "pressure_gain": 1.95,
      "difficulty_bias": 0.35,
      "escalation_bias": 0.3,
      "patience_bias": -0.3,
      "hardness_bias": 0.35,
      "samples": 406
    },
    "ambiguity_handling": {
      "pressure_gain": 1.9147416606161762,
      "difficulty_bias": 0.35,
      "escalation_bias": 0.3,
      "patience_bias": -0.3,
      "hardness_bias": 0.35,
      "samples": 406
    },
    "contradiction_handling": {
      "pressure_gain": 1.95,
      "difficulty_bias": 0.35,
      "escalation_bias": 0.3,
      "patience_bias": -0.3,
      "hardness_bias": 0.35,
      "samples": 406
    },
    "implied_intent_inference": {
      "pressure_gain": 1.9262499999999998,
      "difficulty_bias": 0.34125,
      "escalation_bias": 0.2925,
      "patience_bias": -0.2925,
      "hardness_bias": 0.34125,
      "samples": 406
    },
    "misunderstanding_repair": {
      "pressure_gain": 1.0,
      "difficulty_bias": 0.0,
      "escalation_bias": 0.0,
      "patience_bias": 0.0,
      "hardness_bias": 0.0,
      "samples": 406
    },
    "uncertainty_signaling": {
      "pressure_gain": 1.95,
      "difficulty_bias": 0.35,
      "escalation_bias": 0.3,
      "patience_bias": -0.3,
      "hardness_bias": 0.35,
      "samples": 406
    },
    "boundary_calibration": {
      "pressure_gain": 1.6900424600672557,
      "difficulty_bias": 0.2667795747208031,
      "escalation_bias": 0.23018258594624044,
      "patience_bias": -0.2248822592968081,
      "hardness_bias": 0.27473006469495154,
      "samples": 406
    },
    "framing_selection": {
      "pressure_gain": 1.95,
      "difficulty_bias": 0.35,
      "escalation_bias": 0.3,
      "patience_bias": -0.3,
      "hardness_bias": 0.35,
      "samples": 406
    },
    "emotional_calibration": {
      "pressure_gain": 1.0000246017255146,
      "difficulty_bias": 9.70300093206736e-06,
      "escalation_bias": 8.393968666177154e-06,
      "patience_bias": -6.315679205232554e-06,
      "hardness_bias": 1.101203319795761e-05,
      "samples": 406
    },
    "semantic_precision": {
      "pressure_gain": 1.0472838945742016,
      "difficulty_bias": 0.021472802311941434,
      "escalation_bias": 0.018894122501711436,
      "patience_bias": -0.017158806521582914,
      "hardness_bias": 0.024051482122171428,
      "samples": 406
    },
    "adaptive_strategy_selection": {
      "pressure_gain": 1.3905959474856382,
      "difficulty_bias": 0.17518043673994635,
      "escalation_bias": 0.15392771825747445,
      "patience_bias": -0.14072201457615272,
      "hardness_bias": 0.19498899226192906,
      "samples": 406
    },
    "compression_elaboration_fit": {
      "pressure_gain": 1.0003244539272527,
      "difficulty_bias": 0.00014223597757121766,
      "escalation_bias": 0.00012465500352497455,
      "patience_bias": -0.00010866221468000634,
      "hardness_bias": 0.00015981695161746055,
      "samples": 406
    },
    "perspective_integration": {
      "pressure_gain": 1.9262499999999998,
      "difficulty_bias": 0.34125,
      "escalation_bias": 0.2925,
      "patience_bias": -0.2925,
      "hardness_bias": 0.34125,
      "samples": 406
    },
    "multi_turn_stability": {
      "pressure_gain": 1.5876112526406072,
      "difficulty_bias": 0.26707815261750684,
      "escalation_bias": 0.23502702688642402,
      "patience_bias": -0.2136450479241854,
      "hardness_bias": 0.2991292783485898,
      "samples": 406
    }
  },
  "last_episode_id": "episode_cf8af8fa17c1",
  "last_update_ts": 1784838206.5175974
}