{
  "version": 1,
  "samples": 234,
  "global": {
    "pressure_gain_bias": 0.4,
    "difficulty_bias": 0.35,
    "escalation_bias": 0.3,
    "patience_bias": -0.3,
    "hardness_bias": 0.35,
    "samples": 234
  },
  "axis": {
    "X": {
      "pressure_gain": 1.1957889744058858,
      "difficulty_bias": 0.07349582173938177,
      "escalation_bias": 0.06316084646085665,
      "patience_bias": -0.061745391225353614,
      "hardness_bias": 0.07477904674986319,
      "samples": 234
    },
    "T": {
      "pressure_gain": 1.6646943017883364,
      "difficulty_bias": 0.24755030545153162,
      "escalation_bias": 0.21250570280896192,
      "patience_bias": -0.2110028463223716,
      "hardness_bias": 0.24940957201767253,
      "samples": 234
    },
    "N": {
      "pressure_gain": 1.6376463378711341,
      "difficulty_bias": 0.23660946330808305,
      "escalation_bias": 0.20294976767259326,
      "patience_bias": -0.2020836628118463,
      "hardness_bias": 0.2374380785911869,
      "samples": 234
    },
    "B": {
      "pressure_gain": 1.8005983437582944,
      "difficulty_bias": 0.2949588894689941,
      "escalation_bias": 0.25282203987835156,
      "patience_bias": -0.2528214258930705,
      "hardness_bias": 0.29495927845452924,
      "samples": 234
    },
    "A": {
      "pressure_gain": 1.497804453365851,
      "difficulty_bias": 0.18426741390763185,
      "escalation_bias": 0.15804692066823087,
      "patience_bias": -0.1576814105196105,
      "hardness_bias": 0.1848107068596528,
      "samples": 234
    }
  },
  "dimensions": {
    "coherence_maintenance": {
      "pressure_gain": 1.95,
      "difficulty_bias": 0.35,
      "escalation_bias": 0.3,
      "patience_bias": -0.3,
      "hardness_bias": 0.35,
      "samples": 234
    },
    "context_carryover": {
      "pressure_gain": 1.95,
      "difficulty_bias": 0.35,
      "escalation_bias": 0.3,
      "patience_bias": -0.3,
      "hardness_bias": 0.35,
      "samples": 234
    },
    "ambiguity_handling": {
      "pressure_gain": 1.3916382981941773,
      "difficulty_bias": 0.14428779407153985,
      "escalation_bias": 0.12367525206131982,
      "patience_bias": -0.12367525206131982,
      "hardness_bias": 0.14428779407153985,
      "samples": 234
    },
    "contradiction_handling": {
      "pressure_gain": 1.95,
      "difficulty_bias": 0.35,
      "escalation_bias": 0.3,
      "patience_bias": -0.3,
      "hardness_bias": 0.35,
      "samples": 234
    },
    "implied_intent_inference": {
      "pressure_gain": 1.455412371325098,
      "difficulty_bias": 0.17152410937977727,
      "escalation_bias": 0.14747191266799994,
      "patience_bias": -0.14589254646933184,
      "hardness_bias": 0.17389315867777946,
      "samples": 234
    },
    "misunderstanding_repair": {
      "pressure_gain": 1.0,
      "difficulty_bias": 0.0,
      "escalation_bias": 0.0,
      "patience_bias": 0.0,
      "hardness_bias": 0.0,
      "samples": 234
    },
    "uncertainty_signaling": {
      "pressure_gain": 1.95,
      "difficulty_bias": 0.35,
      "escalation_bias": 0.3,
      "patience_bias": -0.3,
      "hardness_bias": 0.35,
      "samples": 234
    },
    "boundary_calibration": {
      "pressure_gain": 1.95,
      "difficulty_bias": 0.35,
      "escalation_bias": 0.3,
      "patience_bias": -0.3,
      "hardness_bias": 0.35,
      "samples": 234
    },
    "framing_selection": {
      "pressure_gain": 1.4582794929629181,
      "difficulty_bias": 0.17282734648787726,
      "escalation_bias": 0.148618761323128,
      "patience_bias": -0.14693513615581189,
      "hardness_bias": 0.17535278423885148,
      "samples": 234
    },
    "emotional_calibration": {
      "pressure_gain": 1.001915012744573,
      "difficulty_bias": 0.0007552872839376705,
      "escalation_bias": 0.0006533914445357121,
      "patience_bias": -0.0004916161738557491,
      "hardness_bias": 0.0008571831233396312,
      "samples": 234
    },
    "semantic_precision": {
      "pressure_gain": 1.028651302835601,
      "difficulty_bias": 0.011552474017669845,
      "escalation_bias": 0.010022361135694732,
      "patience_bias": -0.007803819215588543,
      "hardness_bias": 0.01308258689964496,
      "samples": 234
    },
    "adaptive_strategy_selection": {
      "pressure_gain": 1.95,
      "difficulty_bias": 0.35,
      "escalation_bias": 0.3,
      "patience_bias": -0.3,
      "hardness_bias": 0.35,
      "samples": 234
    },
    "compression_elaboration_fit": {
      "pressure_gain": 1.025255684008986,
      "difficulty_bias": 0.011071731923980662,
      "escalation_bias": 0.00970321859193708,
      "patience_bias": -0.008458330527525527,
      "hardness_bias": 0.012440245256024237,
      "samples": 234
    },
    "perspective_integration": {
      "pressure_gain": 1.95,
      "difficulty_bias": 0.35,
      "escalation_bias": 0.3,
      "patience_bias": -0.3,
      "hardness_bias": 0.35,
      "samples": 234
    },
    "multi_turn_stability": {
      "pressure_gain": 1.0762325936577586,
      "difficulty_bias": 0.03393093021172109,
      "escalation_bias": 0.02978879426667119,
      "patience_bias": -0.026440500972942822,
      "hardness_bias": 0.03807306615677108,
      "samples": 234
    }
  },
  "last_episode_id": "episode_90eb82e0a77b",
  "last_update_ts": 1783645916.0138853
}