{
  "version": 1,
  "samples": 213,
  "global": {
    "pressure_gain_bias": 0.4,
    "difficulty_bias": 0.35,
    "escalation_bias": 0.3,
    "patience_bias": -0.3,
    "hardness_bias": 0.35,
    "samples": 213
  },
  "axis": {
    "X": {
      "pressure_gain": 1.2895551669154037,
      "difficulty_bias": 0.10745047959197676,
      "escalation_bias": 0.09219354886871393,
      "patience_bias": -0.09043847565243436,
      "hardness_bias": 0.10865399844528159,
      "samples": 213
    },
    "T": {
      "pressure_gain": 1.6742588286360007,
      "difficulty_bias": 0.2539096898195207,
      "escalation_bias": 0.2182863402721405,
      "patience_bias": -0.2153425913798223,
      "hardness_bias": 0.25755227982427004,
      "samples": 213
    },
    "N": {
      "pressure_gain": 1.5913547629687703,
      "difficulty_bias": 0.2275916765525728,
      "escalation_bias": 0.19568620571752463,
      "patience_bias": -0.19178283428503148,
      "hardness_bias": 0.23075399520048365,
      "samples": 213
    },
    "B": {
      "pressure_gain": 1.8997975106677791,
      "difficulty_bias": 0.33151901374973225,
      "escalation_bias": 0.28416038495205403,
      "patience_bias": -0.28415477362913916,
      "hardness_bias": 0.3315225687591348,
      "samples": 213
    },
    "A": {
      "pressure_gain": 1.5827932889271368,
      "difficulty_bias": 0.21482837780518424,
      "escalation_bias": 0.1841431729866897,
      "patience_bias": -0.18409494390884068,
      "hardness_bias": 0.2148552789357024,
      "samples": 213
    }
  },
  "dimensions": {
    "coherence_maintenance": {
      "pressure_gain": 1.95,
      "difficulty_bias": 0.35,
      "escalation_bias": 0.3,
      "patience_bias": -0.3,
      "hardness_bias": 0.35,
      "samples": 213
    },
    "context_carryover": {
      "pressure_gain": 1.95,
      "difficulty_bias": 0.35,
      "escalation_bias": 0.3,
      "patience_bias": -0.3,
      "hardness_bias": 0.35,
      "samples": 213
    },
    "ambiguity_handling": {
      "pressure_gain": 1.6664816936263855,
      "difficulty_bias": 0.24554588712551098,
      "escalation_bias": 0.21046790325043802,
      "patience_bias": -0.21046790325043802,
      "hardness_bias": 0.24554588712551098,
      "samples": 213
    },
    "contradiction_handling": {
      "pressure_gain": 1.95,
      "difficulty_bias": 0.35,
      "escalation_bias": 0.3,
      "patience_bias": -0.3,
      "hardness_bias": 0.35,
      "samples": 213
    },
    "implied_intent_inference": {
      "pressure_gain": 1.6664816936263855,
      "difficulty_bias": 0.24554588712551098,
      "escalation_bias": 0.21046790325043802,
      "patience_bias": -0.21046790325043802,
      "hardness_bias": 0.24554588712551098,
      "samples": 213
    },
    "misunderstanding_repair": {
      "pressure_gain": 1.0,
      "difficulty_bias": 0.0,
      "escalation_bias": 0.0,
      "patience_bias": 0.0,
      "hardness_bias": 0.0,
      "samples": 213
    },
    "uncertainty_signaling": {
      "pressure_gain": 1.95,
      "difficulty_bias": 0.35,
      "escalation_bias": 0.3,
      "patience_bias": -0.3,
      "hardness_bias": 0.35,
      "samples": 213
    },
    "boundary_calibration": {
      "pressure_gain": 1.95,
      "difficulty_bias": 0.35,
      "escalation_bias": 0.3,
      "patience_bias": -0.3,
      "hardness_bias": 0.35,
      "samples": 213
    },
    "framing_selection": {
      "pressure_gain": 1.6664816936263855,
      "difficulty_bias": 0.24554588712551098,
      "escalation_bias": 0.21046790325043802,
      "patience_bias": -0.21046790325043802,
      "hardness_bias": 0.24554588712551098,
      "samples": 213
    },
    "emotional_calibration": {
      "pressure_gain": 1.003258927799464,
      "difficulty_bias": 0.001285331772950528,
      "escalation_bias": 0.0011119276091309108,
      "patience_bias": -0.0008366219077048714,
      "hardness_bias": 0.0014587359367701494,
      "samples": 213
    },
    "semantic_precision": {
      "pressure_gain": 1.0487581754045086,
      "difficulty_bias": 0.01965975361544929,
      "escalation_bias": 0.017055840183794305,
      "patience_bias": -0.013280372914348679,
      "hardness_bias": 0.022263667047104283,
      "samples": 213
    },
    "adaptive_strategy_selection": {
      "pressure_gain": 1.95,
      "difficulty_bias": 0.35,
      "escalation_bias": 0.3,
      "patience_bias": -0.3,
      "hardness_bias": 0.35,
      "samples": 213
    },
    "compression_elaboration_fit": {
      "pressure_gain": 1.042979583788451,
      "difficulty_bias": 0.018841636985189085,
      "escalation_bias": 0.016512730217142443,
      "patience_bias": -0.014394206289911726,
      "hardness_bias": 0.02117054375323573,
      "samples": 213
    },
    "perspective_integration": {
      "pressure_gain": 1.95,
      "difficulty_bias": 0.35,
      "escalation_bias": 0.3,
      "patience_bias": -0.3,
      "hardness_bias": 0.35,
      "samples": 213
    },
    "multi_turn_stability": {
      "pressure_gain": 1.1297310001724223,
      "difficulty_bias": 0.05774293254285904,
      "escalation_bias": 0.050693934034243236,
      "patience_bias": -0.044995879999559646,
      "hardness_bias": 0.06479193105147493,
      "samples": 213
    }
  },
  "last_episode_id": "episode_3acc0cdb3f23",
  "last_update_ts": 1783496172.64295
}