{
  "version": 1,
  "samples": 252,
  "global": {
    "pressure_gain_bias": 0.4,
    "difficulty_bias": 0.35,
    "escalation_bias": 0.3,
    "patience_bias": -0.3,
    "hardness_bias": 0.35,
    "samples": 252
  },
  "axis": {
    "X": {
      "pressure_gain": 1.2627902286447863,
      "difficulty_bias": 0.10270064424197504,
      "escalation_bias": 0.08851526901476733,
      "patience_bias": -0.08608880617675779,
      "hardness_bias": 0.10526526972976263,
      "samples": 252
    },
    "T": {
      "pressure_gain": 1.594303982646936,
      "difficulty_bias": 0.22057946921446708,
      "escalation_bias": 0.18926396538232224,
      "patience_bias": -0.18833629636145865,
      "hardness_bias": 0.22172709308613342,
      "samples": 252
    },
    "N": {
      "pressure_gain": 1.5795549608156407,
      "difficulty_bias": 0.21414399837164355,
      "escalation_bias": 0.18361795819019539,
      "patience_bias": -0.1832269218878656,
      "hardness_bias": 0.21455533047631528,
      "samples": 252
    },
    "B": {
      "pressure_gain": 1.740560929346181,
      "difficulty_bias": 0.272838478018393,
      "escalation_bias": 0.23386157279281583,
      "patience_bias": -0.23386148063691897,
      "hardness_bias": 0.272838536403035,
      "samples": 252
    },
    "A": {
      "pressure_gain": 1.5099344446616403,
      "difficulty_bias": 0.19190283253515747,
      "escalation_bias": 0.1648095832513812,
      "patience_bias": -0.16350102260603522,
      "hardness_bias": 0.19346672985117172,
      "samples": 252
    }
  },
  "dimensions": {
    "coherence_maintenance": {
      "pressure_gain": 1.95,
      "difficulty_bias": 0.35,
      "escalation_bias": 0.3,
      "patience_bias": -0.3,
      "hardness_bias": 0.35,
      "samples": 252
    },
    "context_carryover": {
      "pressure_gain": 1.6335741600035825,
      "difficulty_bias": 0.23342205894868887,
      "escalation_bias": 0.20007605052744762,
      "patience_bias": -0.20007605052744762,
      "hardness_bias": 0.23342205894868887,
      "samples": 252
    },
    "ambiguity_handling": {
      "pressure_gain": 1.2482951504784783,
      "difficulty_bias": 0.09147716070259838,
      "escalation_bias": 0.07840899488794145,
      "patience_bias": -0.07840899488794145,
      "hardness_bias": 0.09147716070259838,
      "samples": 252
    },
    "contradiction_handling": {
      "pressure_gain": 1.95,
      "difficulty_bias": 0.35,
      "escalation_bias": 0.3,
      "patience_bias": -0.3,
      "hardness_bias": 0.35,
      "samples": 252
    },
    "implied_intent_inference": {
      "pressure_gain": 1.95,
      "difficulty_bias": 0.35,
      "escalation_bias": 0.3,
      "patience_bias": -0.3,
      "hardness_bias": 0.35,
      "samples": 252
    },
    "misunderstanding_repair": {
      "pressure_gain": 1.0,
      "difficulty_bias": 0.0,
      "escalation_bias": 0.0,
      "patience_bias": 0.0,
      "hardness_bias": 0.0,
      "samples": 252
    },
    "uncertainty_signaling": {
      "pressure_gain": 1.6335741600035825,
      "difficulty_bias": 0.23342205894868887,
      "escalation_bias": 0.20007605052744762,
      "patience_bias": -0.20007605052744762,
      "hardness_bias": 0.23342205894868887,
      "samples": 252
    },
    "boundary_calibration": {
      "pressure_gain": 1.95,
      "difficulty_bias": 0.35,
      "escalation_bias": 0.3,
      "patience_bias": -0.3,
      "hardness_bias": 0.35,
      "samples": 252
    },
    "framing_selection": {
      "pressure_gain": 1.95,
      "difficulty_bias": 0.35,
      "escalation_bias": 0.3,
      "patience_bias": -0.3,
      "hardness_bias": 0.35,
      "samples": 252
    },
    "emotional_calibration": {
      "pressure_gain": 1.0012141008164273,
      "difficulty_bias": 0.00047884532918383117,
      "escalation_bias": 0.00041424428558289037,
      "patience_bias": -0.00031168022235824987,
      "hardness_bias": 0.0005434463727847734,
      "samples": 252
    },
    "semantic_precision": {
      "pressure_gain": 1.0181646677093934,
      "difficulty_bias": 0.007324164382906897,
      "escalation_bias": 0.006354086609535752,
      "patience_bias": -0.004947551032102351,
      "hardness_bias": 0.008294242156278038,
      "samples": 252
    },
    "adaptive_strategy_selection": {
      "pressure_gain": 1.6022914358534055,
      "difficulty_bias": 0.22189684478809735,
      "escalation_bias": 0.19019729553265488,
      "patience_bias": -0.19019729553265488,
      "hardness_bias": 0.22189684478809735,
      "samples": 252
    },
    "compression_elaboration_fit": {
      "pressure_gain": 1.0160118759844545,
      "difficulty_bias": 0.0070193782293456,
      "escalation_bias": 0.006151753113828695,
      "patience_bias": -0.005362505303522165,
      "hardness_bias": 0.007887003344862498,
      "samples": 252
    },
    "perspective_integration": {
      "pressure_gain": 1.95,
      "difficulty_bias": 0.35,
      "escalation_bias": 0.3,
      "patience_bias": -0.3,
      "hardness_bias": 0.35,
      "samples": 252
    },
    "multi_turn_stability": {
      "pressure_gain": 1.048330777150483,
      "difficulty_bias": 0.021511903870588683,
      "escalation_bias": 0.018885827022331724,
      "patience_bias": -0.016763039258607518,
      "hardness_bias": 0.024137980718845695,
      "samples": 252
    }
  },
  "last_episode_id": "episode_e577731cb4dd",
  "last_update_ts": 1783779871.6458616
}