{
  "version": 1,
  "samples": 369,
  "global": {
    "pressure_gain_bias": 0.4,
    "difficulty_bias": 0.35,
    "escalation_bias": 0.3,
    "patience_bias": -0.3,
    "hardness_bias": 0.35,
    "samples": 369
  },
  "axis": {
    "X": {
      "pressure_gain": 1.3169664054317312,
      "difficulty_bias": 0.1168050470347645,
      "escalation_bias": 0.10012141561364163,
      "patience_bias": -0.10008348327454765,
      "hardness_bias": 0.11683309091886364,
      "samples": 369
    },
    "T": {
      "pressure_gain": 1.4649911532656112,
      "difficulty_bias": 0.17835757963651994,
      "escalation_bias": 0.15372779161853328,
      "patience_bias": -0.15074075475614548,
      "hardness_bias": 0.18282561234185538,
      "samples": 369
    },
    "N": {
      "pressure_gain": 1.4061647313400418,
      "difficulty_bias": 0.15546388879728762,
      "escalation_bias": 0.13395736983443227,
      "patience_bias": -0.13149115591782237,
      "hardness_bias": 0.15915612371759968,
      "samples": 369
    },
    "B": {
      "pressure_gain": 1.6388966047018474,
      "difficulty_bias": 0.23538295962806383,
      "escalation_bias": 0.20175682253842991,
      "patience_bias": -0.20175682253802174,
      "hardness_bias": 0.23538295962832248,
      "samples": 369
    },
    "A": {
      "pressure_gain": 1.3802265477557758,
      "difficulty_bias": 0.14387835101337704,
      "escalation_bias": 0.12378209591530669,
      "patience_bias": -0.12217981243894108,
      "hardness_bias": 0.1462817693493289,
      "samples": 369
    }
  },
  "dimensions": {
    "coherence_maintenance": {
      "pressure_gain": 1.95,
      "difficulty_bias": 0.35,
      "escalation_bias": 0.3,
      "patience_bias": -0.3,
      "hardness_bias": 0.35,
      "samples": 369
    },
    "context_carryover": {
      "pressure_gain": 1.4087951369098066,
      "difficulty_bias": 0.17225853607434988,
      "escalation_bias": 0.15026189585448382,
      "patience_bias": -0.14112086858683998,
      "hardness_bias": 0.18597007697581586,
      "samples": 369
    },
    "ambiguity_handling": {
      "pressure_gain": 1.0128383222940174,
      "difficulty_bias": 0.004729908213586659,
      "escalation_bias": 0.004054207040217136,
      "patience_bias": -0.004054207040217136,
      "hardness_bias": 0.004729908213586659,
      "samples": 369
    },
    "contradiction_handling": {
      "pressure_gain": 1.95,
      "difficulty_bias": 0.35,
      "escalation_bias": 0.3,
      "patience_bias": -0.3,
      "hardness_bias": 0.35,
      "samples": 369
    },
    "implied_intent_inference": {
      "pressure_gain": 1.95,
      "difficulty_bias": 0.35,
      "escalation_bias": 0.3,
      "patience_bias": -0.3,
      "hardness_bias": 0.35,
      "samples": 369
    },
    "misunderstanding_repair": {
      "pressure_gain": 1.0,
      "difficulty_bias": 0.0,
      "escalation_bias": 0.0,
      "patience_bias": 0.0,
      "hardness_bias": 0.0,
      "samples": 369
    },
    "uncertainty_signaling": {
      "pressure_gain": 1.2419692294023066,
      "difficulty_bias": 0.10553580209078389,
      "escalation_bias": 0.09243637407088605,
      "patience_bias": -0.08551647109513667,
      "hardness_bias": 0.11591565655440807,
      "samples": 369
    },
    "boundary_calibration": {
      "pressure_gain": 1.95,
      "difficulty_bias": 0.35,
      "escalation_bias": 0.3,
      "patience_bias": -0.3,
      "hardness_bias": 0.35,
      "samples": 369
    },
    "framing_selection": {
      "pressure_gain": 1.95,
      "difficulty_bias": 0.35,
      "escalation_bias": 0.3,
      "patience_bias": -0.3,
      "hardness_bias": 0.35,
      "samples": 369
    },
    "emotional_calibration": {
      "pressure_gain": 1.0000627761659793,
      "difficulty_bias": 2.475912498976236e-05,
      "escalation_bias": 2.1418870390827484e-05,
      "patience_bias": -1.611570399017563e-05,
      "hardness_bias": 2.8099379588697344e-05,
      "samples": 369
    },
    "semantic_precision": {
      "pressure_gain": 1.0009392203511303,
      "difficulty_bias": 0.00037870245432077834,
      "escalation_bias": 0.00032854371750773534,
      "patience_bias": -0.0002558175405111296,
      "hardness_bias": 0.0004288611911338203,
      "samples": 369
    },
    "adaptive_strategy_selection": {
      "pressure_gain": 1.1732403269127796,
      "difficulty_bias": 0.0746208831022273,
      "escalation_bias": 0.06526307117049852,
      "patience_bias": -0.06070497138043561,
      "hardness_bias": 0.08145803278732174,
      "samples": 369
    },
    "compression_elaboration_fit": {
      "pressure_gain": 1.0008279083341884,
      "difficulty_bias": 0.00036294321430890326,
      "escalation_bias": 0.00031808188358243547,
      "patience_bias": -0.00027727312135313194,
      "hardness_bias": 0.00040780454503537057,
      "samples": 369
    },
    "perspective_integration": {
      "pressure_gain": 1.95,
      "difficulty_bias": 0.35,
      "escalation_bias": 0.3,
      "patience_bias": -0.3,
      "hardness_bias": 0.35,
      "samples": 369
    },
    "multi_turn_stability": {
      "pressure_gain": 1.0024989859551507,
      "difficulty_bias": 0.00111229218338096,
      "escalation_bias": 0.000976508536854559,
      "patience_bias": -0.0008667479014979003,
      "hardness_bias": 0.0012480758299073624,
      "samples": 369
    }
  },
  "last_episode_id": "episode_13df8ec77a06",
  "last_update_ts": 1784414788.9313223
}