{
  "version": 1,
  "samples": 355,
  "global": {
    "pressure_gain_bias": 0.4,
    "difficulty_bias": 0.35,
    "escalation_bias": 0.3,
    "patience_bias": -0.3,
    "hardness_bias": 0.35,
    "samples": 355
  },
  "axis": {
    "X": {
      "pressure_gain": 1.3166978152132711,
      "difficulty_bias": 0.11675652852025885,
      "escalation_bias": 0.10008399806158245,
      "patience_bias": -0.10001779369693771,
      "hardness_bias": 0.1168108218710223,
      "samples": 355
    },
    "T": {
      "pressure_gain": 1.4976902374965513,
      "difficulty_bias": 0.19098580778656346,
      "escalation_bias": 0.16462205679373015,
      "patience_bias": -0.1613844558442044,
      "hardness_bias": 0.19582430726528502,
      "samples": 355
    },
    "N": {
      "pressure_gain": 1.4281326481380054,
      "difficulty_bias": 0.16471248045535622,
      "escalation_bias": 0.1420240852370663,
      "patience_bias": -0.13906712777873867,
      "hardness_bias": 0.16913781585687093,
      "samples": 355
    },
    "B": {
      "pressure_gain": 1.6412631904608146,
      "difficulty_bias": 0.23625485964812287,
      "escalation_bias": 0.20250416541306804,
      "patience_bias": -0.20250416541128358,
      "hardness_bias": 0.2362548596492534,
      "samples": 355
    },
    "A": {
      "pressure_gain": 1.3966050329774033,
      "difficulty_bias": 0.15063217995116523,
      "escalation_bias": 0.12965790462520038,
      "patience_bias": -0.12775177473700983,
      "hardness_bias": 0.15349134471543968,
      "samples": 355
    }
  },
  "dimensions": {
    "coherence_maintenance": {
      "pressure_gain": 1.95,
      "difficulty_bias": 0.35,
      "escalation_bias": 0.3,
      "patience_bias": -0.3,
      "hardness_bias": 0.35,
      "samples": 355
    },
    "context_carryover": {
      "pressure_gain": 1.4741448370992922,
      "difficulty_bias": 0.19667879112247907,
      "escalation_bias": 0.17123504744867754,
      "patience_bias": -0.16194875474574347,
      "hardness_bias": 0.21060823017688032,
      "samples": 355
    },
    "ambiguity_handling": {
      "pressure_gain": 1.0182996866920009,
      "difficulty_bias": 0.006741989833896654,
      "escalation_bias": 0.005778848429054274,
      "patience_bias": -0.005778848429054274,
      "hardness_bias": 0.006741989833896654,
      "samples": 355
    },
    "contradiction_handling": {
      "pressure_gain": 1.95,
      "difficulty_bias": 0.35,
      "escalation_bias": 0.3,
      "patience_bias": -0.3,
      "hardness_bias": 0.35,
      "samples": 355
    },
    "implied_intent_inference": {
      "pressure_gain": 1.95,
      "difficulty_bias": 0.35,
      "escalation_bias": 0.3,
      "patience_bias": -0.3,
      "hardness_bias": 0.35,
      "samples": 355
    },
    "misunderstanding_repair": {
      "pressure_gain": 1.0,
      "difficulty_bias": 0.0,
      "escalation_bias": 0.0,
      "patience_bias": 0.0,
      "hardness_bias": 0.0,
      "samples": 355
    },
    "uncertainty_signaling": {
      "pressure_gain": 1.2881038891484098,
      "difficulty_bias": 0.12477158494860492,
      "escalation_bias": 0.10919426576537314,
      "patience_bias": -0.10132909043238209,
      "hardness_bias": 0.13656934794809164,
      "samples": 355
    },
    "boundary_calibration": {
      "pressure_gain": 1.95,
      "difficulty_bias": 0.35,
      "escalation_bias": 0.3,
      "patience_bias": -0.3,
      "hardness_bias": 0.35,
      "samples": 355
    },
    "framing_selection": {
      "pressure_gain": 1.95,
      "difficulty_bias": 0.35,
      "escalation_bias": 0.3,
      "patience_bias": -0.3,
      "hardness_bias": 0.35,
      "samples": 355
    },
    "emotional_calibration": {
      "pressure_gain": 1.0000894808638423,
      "difficulty_bias": 3.529154508699773e-05,
      "escalation_bias": 3.0530361247540346e-05,
      "patience_bias": -2.2971251779421274e-05,
      "hardness_bias": 4.005272892645525e-05,
      "samples": 355
    },
    "semantic_precision": {
      "pressure_gain": 1.0013387604522483,
      "difficulty_bias": 0.0005398007702915482,
      "escalation_bias": 0.0004683047330739039,
      "patience_bias": -0.0003646411684066567,
      "hardness_bias": 0.0006112968075091913,
      "samples": 355
    },
    "adaptive_strategy_selection": {
      "pressure_gain": 1.2079371772240488,
      "difficulty_bias": 0.08878452533089853,
      "escalation_bias": 0.07756988355803175,
      "patience_bias": -0.07242886709761621,
      "hardness_bias": 0.09649605002152192,
      "samples": 355
    },
    "compression_elaboration_fit": {
      "pressure_gain": 1.0011800968053608,
      "difficulty_bias": 0.0005173376206590037,
      "escalation_bias": 0.0004533924821837748,
      "patience_bias": -0.0003952238565657231,
      "hardness_bias": 0.0005812827591342318,
      "samples": 355
    },
    "perspective_integration": {
      "pressure_gain": 1.95,
      "difficulty_bias": 0.35,
      "escalation_bias": 0.3,
      "patience_bias": -0.3,
      "hardness_bias": 0.35,
      "samples": 355
    },
    "multi_turn_stability": {
      "pressure_gain": 1.003562043309062,
      "difficulty_bias": 0.0015854562613151965,
      "escalation_bias": 0.0013919108639942133,
      "patience_bias": -0.0012354585494205466,
      "hardness_bias": 0.0017790016586361822,
      "samples": 355
    }
  },
  "last_episode_id": "episode_3645fc1ab980",
  "last_update_ts": 1784356575.135409
}