{
  "version": 1,
  "samples": 386,
  "global": {
    "pressure_gain_bias": 0.4,
    "difficulty_bias": 0.35,
    "escalation_bias": 0.3,
    "patience_bias": -0.3,
    "hardness_bias": 0.35,
    "samples": 386
  },
  "axis": {
    "X": {
      "pressure_gain": 1.3169265789112161,
      "difficulty_bias": 0.11677427222718767,
      "escalation_bias": 0.10009356795876767,
      "patience_bias": -0.10007089429930079,
      "hardness_bias": 0.11679015751552231,
      "samples": 386
    },
    "T": {
      "pressure_gain": 1.5013582735913276,
      "difficulty_bias": 0.1965734062078402,
      "escalation_bias": 0.16992251622507276,
      "patience_bias": -0.1649053889030497,
      "hardness_bias": 0.2040905551177204,
      "samples": 386
    },
    "N": {
      "pressure_gain": 1.408975162462679,
      "difficulty_bias": 0.15867305209090365,
      "escalation_bias": 0.13697031037257076,
      "patience_bias": -0.1335887728122847,
      "hardness_bias": 0.1637407508912193,
      "samples": 386
    },
    "B": {
      "pressure_gain": 1.6646514852571634,
      "difficulty_bias": 0.2473460898759752,
      "escalation_bias": 0.2123094440895175,
      "patience_bias": -0.21126465940411607,
      "hardness_bias": 0.24891326690401833,
      "samples": 386
    },
    "A": {
      "pressure_gain": 1.378303272877698,
      "difficulty_bias": 0.14405256403488534,
      "escalation_bias": 0.1240379170287717,
      "patience_bias": -0.12206289939715412,
      "hardness_bias": 0.14701508933515567,
      "samples": 386
    }
  },
  "dimensions": {
    "coherence_maintenance": {
      "pressure_gain": 1.95,
      "difficulty_bias": 0.35,
      "escalation_bias": 0.3,
      "patience_bias": -0.3,
      "hardness_bias": 0.35,
      "samples": 386
    },
    "context_carryover": {
      "pressure_gain": 1.709972330226706,
      "difficulty_bias": 0.3119197842077575,
      "escalation_bias": 0.27343390765973136,
      "patience_bias": -0.25217458347394406,
      "hardness_bias": 0.3438087704864387,
      "samples": 386
    },
    "ambiguity_handling": {
      "pressure_gain": 1.2717667698789479,
      "difficulty_bias": 0.1226719678501395,
      "escalation_bias": 0.10786740101440528,
      "patience_bias": -0.09834740101440528,
      "hardness_bias": 0.1369519678501395,
      "samples": 386
    },
    "contradiction_handling": {
      "pressure_gain": 1.95,
      "difficulty_bias": 0.35,
      "escalation_bias": 0.3,
      "patience_bias": -0.3,
      "hardness_bias": 0.35,
      "samples": 386
    },
    "implied_intent_inference": {
      "pressure_gain": 1.9019664062499995,
      "difficulty_bias": 0.33415078125,
      "escalation_bias": 0.2866378125,
      "patience_bias": -0.2858578125,
      "hardness_bias": 0.33532078125,
      "samples": 386
    },
    "misunderstanding_repair": {
      "pressure_gain": 1.0,
      "difficulty_bias": 0.0,
      "escalation_bias": 0.0,
      "patience_bias": 0.0,
      "hardness_bias": 0.0,
      "samples": 386
    },
    "uncertainty_signaling": {
      "pressure_gain": 1.4918644924316071,
      "difficulty_bias": 0.22003135305017268,
      "escalation_bias": 0.1932811233187639,
      "patience_bias": -0.17689125085360818,
      "hardness_bias": 0.24461616174790635,
      "samples": 386
    },
    "boundary_calibration": {
      "pressure_gain": 1.8525798859741203,
      "difficulty_bias": 0.3172489053588867,
      "escalation_bias": 0.27230649030761717,
      "patience_bias": -0.2709804903076172,
      "hardness_bias": 0.3192379053588867,
      "samples": 386
    },
    "framing_selection": {
      "pressure_gain": 1.95,
      "difficulty_bias": 0.35,
      "escalation_bias": 0.3,
      "patience_bias": -0.3,
      "hardness_bias": 0.35,
      "samples": 386
    },
    "emotional_calibration": {
      "pressure_gain": 1.0000408200239077,
      "difficulty_bias": 1.609955081301803e-05,
      "escalation_bias": 1.3927559732307164e-05,
      "patience_bias": -1.0479190818927246e-05,
      "hardness_bias": 1.8271541893728954e-05,
      "samples": 386
    },
    "semantic_precision": {
      "pressure_gain": 1.0006107253698941,
      "difficulty_bias": 0.0002462501970030455,
      "escalation_bias": 0.00021363462062979767,
      "patience_bias": -0.0001663446302736144,
      "hardness_bias": 0.0002788657733762927,
      "samples": 386
    },
    "adaptive_strategy_selection": {
      "pressure_gain": 1.2739997136265109,
      "difficulty_bias": 0.12142323558955656,
      "escalation_bias": 0.10654717641527679,
      "patience_bias": -0.0979017657304776,
      "hardness_bias": 0.13439135161675544,
      "samples": 386
    },
    "compression_elaboration_fit": {
      "pressure_gain": 1.0005383450465346,
      "difficulty_bias": 0.0002360027958751528,
      "escalation_bias": 0.00020683184278739146,
      "patience_bias": -0.00018029606087269513,
      "hardness_bias": 0.0002651737489629138,
      "samples": 386
    },
    "perspective_integration": {
      "pressure_gain": 1.9262499999999998,
      "difficulty_bias": 0.34125,
      "escalation_bias": 0.2925,
      "patience_bias": -0.2925,
      "hardness_bias": 0.34125,
      "samples": 386
    },
    "multi_turn_stability": {
      "pressure_gain": 1.1658069296220652,
      "difficulty_bias": 0.07534845664308683,
      "escalation_bias": 0.06630484962337076,
      "patience_bias": -0.060260843089012875,
      "hardness_bias": 0.08439206366280291,
      "samples": 386
    }
  },
  "last_episode_id": "episode_fbb3789d79b1",
  "last_update_ts": 1784674616.675123
}