{
  "version": 1,
  "samples": 280,
  "global": {
    "pressure_gain_bias": 0.4,
    "difficulty_bias": 0.35,
    "escalation_bias": 0.3,
    "patience_bias": -0.3,
    "hardness_bias": 0.35,
    "samples": 280
  },
  "axis": {
    "X": {
      "pressure_gain": 1.2677601960620588,
      "difficulty_bias": 0.09960503090708919,
      "escalation_bias": 0.08547943197899115,
      "patience_bias": -0.08484432797557911,
      "hardness_bias": 0.10026717894106144,
      "samples": 280
    },
    "T": {
      "pressure_gain": 1.4971349862598364,
      "difficulty_bias": 0.1867216055039643,
      "escalation_bias": 0.16047733630788175,
      "patience_bias": -0.15885242437722172,
      "hardness_bias": 0.18903983401662997,
      "samples": 280
    },
    "N": {
      "pressure_gain": 1.46895736533565,
      "difficulty_bias": 0.17405272539231273,
      "escalation_bias": 0.1493418514780533,
      "patience_bias": -0.14873488732117637,
      "hardness_bias": 0.1748937241115637,
      "samples": 280
    },
    "B": {
      "pressure_gain": 1.6862706647245673,
      "difficulty_bias": 0.2528365732949646,
      "escalation_bias": 0.21671706388171177,
      "patience_bias": -0.21671705905875469,
      "hardness_bias": 0.25283657635051093,
      "samples": 280
    },
    "A": {
      "pressure_gain": 1.447459735837454,
      "difficulty_bias": 0.16576832854854823,
      "escalation_bias": 0.14218885389388985,
      "patience_bias": -0.141823246598915,
      "hardness_bias": 0.1662958608694116,
      "samples": 280
    }
  },
  "dimensions": {
    "coherence_maintenance": {
      "pressure_gain": 1.95,
      "difficulty_bias": 0.35,
      "escalation_bias": 0.3,
      "patience_bias": -0.3,
      "hardness_bias": 0.35,
      "samples": 280
    },
    "context_carryover": {
      "pressure_gain": 1.7209606557149288,
      "difficulty_bias": 0.29722834505465695,
      "escalation_bias": 0.2585805749105565,
      "patience_bias": -0.2452335978875795,
      "hardness_bias": 0.3172488105891226,
      "samples": 280
    },
    "ambiguity_handling": {
      "pressure_gain": 1.1222073922396147,
      "difficulty_bias": 0.045023776088280495,
      "escalation_bias": 0.038591808075669,
      "patience_bias": -0.038591808075669,
      "hardness_bias": 0.045023776088280495,
      "samples": 280
    },
    "contradiction_handling": {
      "pressure_gain": 1.95,
      "difficulty_bias": 0.35,
      "escalation_bias": 0.3,
      "patience_bias": -0.3,
      "hardness_bias": 0.35,
      "samples": 280
    },
    "implied_intent_inference": {
      "pressure_gain": 1.8805164062499995,
      "difficulty_bias": 0.32440078125,
      "escalation_bias": 0.2780578125,
      "patience_bias": -0.2780578125,
      "hardness_bias": 0.32440078125,
      "samples": 280
    },
    "misunderstanding_repair": {
      "pressure_gain": 1.0,
      "difficulty_bias": 0.0,
      "escalation_bias": 0.0,
      "patience_bias": 0.0,
      "hardness_bias": 0.0,
      "samples": 280
    },
    "uncertainty_signaling": {
      "pressure_gain": 1.4937358178934843,
      "difficulty_bias": 0.19470635396075803,
      "escalation_bias": 0.16843573196636405,
      "patience_bias": -0.16302973196636406,
      "hardness_bias": 0.2028153539607581,
      "samples": 280
    },
    "boundary_calibration": {
      "pressure_gain": 1.95,
      "difficulty_bias": 0.35,
      "escalation_bias": 0.3,
      "patience_bias": -0.3,
      "hardness_bias": 0.35,
      "samples": 280
    },
    "framing_selection": {
      "pressure_gain": 1.6752195640091314,
      "difficulty_bias": 0.25095265482164847,
      "escalation_bias": 0.21536617075853928,
      "patience_bias": -0.2144425375685972,
      "hardness_bias": 0.25233810460656153,
      "samples": 280
    },
    "emotional_calibration": {
      "pressure_gain": 1.0005975634014814,
      "difficulty_bias": 0.00023568095813755825,
      "escalation_bias": 0.00020388523011300686,
      "patience_bias": -0.0001534046360295999,
      "hardness_bias": 0.00026747668616211064,
      "samples": 280
    },
    "semantic_precision": {
      "pressure_gain": 1.0089403947978284,
      "difficulty_bias": 0.003604851032509065,
      "escalation_bias": 0.0031273923518830085,
      "patience_bias": -0.0024351152587575886,
      "hardness_bias": 0.004082309713135117,
      "samples": 280
    },
    "adaptive_strategy_selection": {
      "pressure_gain": 1.4293291962599926,
      "difficulty_bias": 0.16689799335894565,
      "escalation_bias": 0.14410785145052482,
      "patience_bias": -0.14042435145052481,
      "hardness_bias": 0.17242324335894565,
      "samples": 280
    },
    "compression_elaboration_fit": {
      "pressure_gain": 1.0078808208905943,
      "difficulty_bias": 0.0034548395604940343,
      "escalation_bias": 0.0030278066417898574,
      "patience_bias": -0.0026393499339463066,
      "hardness_bias": 0.0038818724791982095,
      "samples": 280
    },
    "perspective_integration": {
      "pressure_gain": 1.95,
      "difficulty_bias": 0.35,
      "escalation_bias": 0.3,
      "patience_bias": -0.3,
      "hardness_bias": 0.35,
      "samples": 280
    },
    "multi_turn_stability": {
      "pressure_gain": 1.0237877309689376,
      "difficulty_bias": 0.01058785751178751,
      "escalation_bias": 0.009295339301794797,
      "patience_bias": -0.008250532923647712,
      "hardness_bias": 0.011880375721780256,
      "samples": 280
    }
  },
  "last_episode_id": "episode_43301245beae",
  "last_update_ts": 1783894697.8805013
}