{
  "version": 1,
  "samples": 277,
  "global": {
    "pressure_gain_bias": 0.4,
    "difficulty_bias": 0.35,
    "escalation_bias": 0.3,
    "patience_bias": -0.3,
    "hardness_bias": 0.35,
    "samples": 277
  },
  "axis": {
    "X": {
      "pressure_gain": 1.2804070627453992,
      "difficulty_bias": 0.10430096673565308,
      "escalation_bias": 0.08950458109424816,
      "patience_bias": -0.0888448353735924,
      "hardness_bias": 0.10496883855094076,
      "samples": 277
    },
    "T": {
      "pressure_gain": 1.4802740986956429,
      "difficulty_bias": 0.17841108729650143,
      "escalation_bias": 0.15310086463722775,
      "patience_bias": -0.15235264891107234,
      "hardness_bias": 0.17940483876188415,
      "samples": 277
    },
    "N": {
      "pressure_gain": 1.4676988774487818,
      "difficulty_bias": 0.17277914273819917,
      "escalation_bias": 0.14815232278835824,
      "patience_bias": -0.14788218836320818,
      "hardness_bias": 0.17310883144682168,
      "samples": 277
    },
    "B": {
      "pressure_gain": 1.6904424485713527,
      "difficulty_bias": 0.2543735509776887,
      "escalation_bias": 0.21803447371714785,
      "patience_bias": -0.21803446710129454,
      "hardness_bias": 0.2543735551691103,
      "samples": 277
    },
    "A": {
      "pressure_gain": 1.4518045117516707,
      "difficulty_bias": 0.16688093910396448,
      "escalation_bias": 0.14308042875563665,
      "patience_bias": -0.14292857078356322,
      "hardness_bias": 0.16708008597757684,
      "samples": 277
    }
  },
  "dimensions": {
    "coherence_maintenance": {
      "pressure_gain": 1.95,
      "difficulty_bias": 0.35,
      "escalation_bias": 0.3,
      "patience_bias": -0.3,
      "hardness_bias": 0.35,
      "samples": 277
    },
    "context_carryover": {
      "pressure_gain": 1.502076370000643,
      "difficulty_bias": 0.19773548791179985,
      "escalation_bias": 0.17102686062484224,
      "patience_bias": -0.1656393121732938,
      "hardness_bias": 0.20581681058912255,
      "samples": 277
    },
    "ambiguity_handling": {
      "pressure_gain": 1.131851061267644,
      "difficulty_bias": 0.04857670678281751,
      "escalation_bias": 0.041637177242415016,
      "patience_bias": -0.041637177242415016,
      "hardness_bias": 0.04857670678281751,
      "samples": 277
    },
    "contradiction_handling": {
      "pressure_gain": 1.95,
      "difficulty_bias": 0.35,
      "escalation_bias": 0.3,
      "patience_bias": -0.3,
      "hardness_bias": 0.35,
      "samples": 277
    },
    "implied_intent_inference": {
      "pressure_gain": 1.95,
      "difficulty_bias": 0.35,
      "escalation_bias": 0.3,
      "patience_bias": -0.3,
      "hardness_bias": 0.35,
      "samples": 277
    },
    "misunderstanding_repair": {
      "pressure_gain": 1.0,
      "difficulty_bias": 0.0,
      "escalation_bias": 0.0,
      "patience_bias": 0.0,
      "hardness_bias": 0.0,
      "samples": 277
    },
    "uncertainty_signaling": {
      "pressure_gain": 1.381535817893484,
      "difficulty_bias": 0.14370635396075807,
      "escalation_bias": 0.12355573196636406,
      "patience_bias": -0.12222973196636405,
      "hardness_bias": 0.14569535396075808,
      "samples": 277
    },
    "boundary_calibration": {
      "pressure_gain": 1.95,
      "difficulty_bias": 0.35,
      "escalation_bias": 0.3,
      "patience_bias": -0.3,
      "hardness_bias": 0.35,
      "samples": 277
    },
    "framing_selection": {
      "pressure_gain": 1.7285027073380272,
      "difficulty_bias": 0.270755911404196,
      "escalation_bias": 0.23236121526907927,
      "patience_bias": -0.2313646960398898,
      "hardness_bias": 0.27225069024798026,
      "samples": 277
    },
    "emotional_calibration": {
      "pressure_gain": 1.0006447185167455,
      "difficulty_bias": 0.00025427908968127797,
      "escalation_bias": 0.000219974286944022,
      "patience_bias": -0.00016551015198999297,
      "hardness_bias": 0.00028858389241853504,
      "samples": 277
    },
    "semantic_precision": {
      "pressure_gain": 1.0096459021065936,
      "difficulty_bias": 0.003889318196203243,
      "escalation_bias": 0.0033741821426610794,
      "patience_bias": -0.002627275856984873,
      "hardness_bias": 0.004404454249745402,
      "samples": 277
    },
    "adaptive_strategy_selection": {
      "pressure_gain": 1.3528791962599926,
      "difficulty_bias": 0.13214799335894564,
      "escalation_bias": 0.11352785145052482,
      "patience_bias": -0.11262435145052482,
      "hardness_bias": 0.13350324335894564,
      "samples": 277
    },
    "compression_elaboration_fit": {
      "pressure_gain": 1.008502714762522,
      "difficulty_bias": 0.0037274689706774935,
      "escalation_bias": 0.003266737892994671,
      "patience_bias": -0.002847627164526773,
      "hardness_bias": 0.004188200048360313,
      "samples": 277
    },
    "perspective_integration": {
      "pressure_gain": 1.95,
      "difficulty_bias": 0.35,
      "escalation_bias": 0.3,
      "patience_bias": -0.3,
      "hardness_bias": 0.35,
      "samples": 277
    },
    "multi_turn_stability": {
      "pressure_gain": 1.025664876043292,
      "difficulty_bias": 0.011423369927921926,
      "escalation_bias": 0.010028856105377147,
      "patience_bias": -0.008901601630395887,
      "hardness_bias": 0.012817883750466738,
      "samples": 277
    }
  },
  "last_episode_id": "episode_4a86e3094daf",
  "last_update_ts": 1783882581.5470712
}