{
  "version": 1,
  "samples": 210,
  "global": {
    "pressure_gain_bias": 0.4,
    "difficulty_bias": 0.35,
    "escalation_bias": 0.3,
    "patience_bias": -0.3,
    "hardness_bias": 0.35,
    "samples": 210
  },
  "axis": {
    "X": {
      "pressure_gain": 1.3060226136009878,
      "difficulty_bias": 0.11357853302659826,
      "escalation_bias": 0.09745352798679725,
      "patience_bias": -0.0955600345132057,
      "hardness_bias": 0.11487702861077316,
      "samples": 210
    },
    "T": {
      "pressure_gain": 1.6730106146605022,
      "difficulty_bias": 0.2542316193381464,
      "escalation_bias": 0.21865144225498498,
      "patience_bias": -0.2153364205853052,
      "hardness_bias": 0.2583338455169215,
      "samples": 210
    },
    "N": {
      "pressure_gain": 1.5703306601023397,
      "difficulty_bias": 0.22306639079647364,
      "escalation_bias": 0.19198723833843612,
      "patience_bias": -0.1869016450286229,
      "hardness_bias": 0.22710875470333963,
      "samples": 210
    },
    "B": {
      "pressure_gain": 1.91428166567232,
      "difficulty_bias": 0.33686073399005906,
      "escalation_bias": 0.28873945965873066,
      "patience_bias": -0.2887317623707816,
      "hardness_bias": 0.33686561054616665,
      "samples": 210
    },
    "A": {
      "pressure_gain": 1.5971519604953983,
      "difficulty_bias": 0.22016118765551668,
      "escalation_bias": 0.18871584928100182,
      "patience_bias": -0.18864969142387014,
      "hardness_bias": 0.2201980890691218,
      "samples": 210
    }
  },
  "dimensions": {
    "coherence_maintenance": {
      "pressure_gain": 1.95,
      "difficulty_bias": 0.35,
      "escalation_bias": 0.3,
      "patience_bias": -0.3,
      "hardness_bias": 0.35,
      "samples": 210
    },
    "context_carryover": {
      "pressure_gain": 1.95,
      "difficulty_bias": 0.35,
      "escalation_bias": 0.3,
      "patience_bias": -0.3,
      "hardness_bias": 0.35,
      "samples": 210
    },
    "ambiguity_handling": {
      "pressure_gain": 1.719075311318274,
      "difficulty_bias": 0.2649224831172593,
      "escalation_bias": 0.227076414100508,
      "patience_bias": -0.227076414100508,
      "hardness_bias": 0.2649224831172593,
      "samples": 210
    },
    "contradiction_handling": {
      "pressure_gain": 1.95,
      "difficulty_bias": 0.35,
      "escalation_bias": 0.3,
      "patience_bias": -0.3,
      "hardness_bias": 0.35,
      "samples": 210
    },
    "implied_intent_inference": {
      "pressure_gain": 1.719075311318274,
      "difficulty_bias": 0.2649224831172593,
      "escalation_bias": 0.227076414100508,
      "patience_bias": -0.227076414100508,
      "hardness_bias": 0.2649224831172593,
      "samples": 210
    },
    "misunderstanding_repair": {
      "pressure_gain": 1.0,
      "difficulty_bias": 0.0,
      "escalation_bias": 0.0,
      "patience_bias": 0.0,
      "hardness_bias": 0.0,
      "samples": 210
    },
    "uncertainty_signaling": {
      "pressure_gain": 1.95,
      "difficulty_bias": 0.35,
      "escalation_bias": 0.3,
      "patience_bias": -0.3,
      "hardness_bias": 0.35,
      "samples": 210
    },
    "boundary_calibration": {
      "pressure_gain": 1.9116575922041863,
      "difficulty_bias": 0.35,
      "escalation_bias": 0.3,
      "patience_bias": -0.3,
      "hardness_bias": 0.35,
      "samples": 210
    },
    "framing_selection": {
      "pressure_gain": 1.719075311318274,
      "difficulty_bias": 0.2649224831172593,
      "escalation_bias": 0.227076414100508,
      "patience_bias": -0.227076414100508,
      "hardness_bias": 0.2649224831172593,
      "samples": 210
    },
    "emotional_calibration": {
      "pressure_gain": 1.0035160973577724,
      "difficulty_bias": 0.0013867602870721659,
      "escalation_bias": 0.001199672398125024,
      "patience_bias": -0.0009026416846729002,
      "hardness_bias": 0.001573848176019312,
      "samples": 210
    },
    "semantic_precision": {
      "pressure_gain": 1.0526057962185567,
      "difficulty_bias": 0.021211150413674447,
      "escalation_bias": 0.01840175612810121,
      "patience_bias": -0.014328357971616437,
      "hardness_bias": 0.0240205446992477,
      "samples": 210
    },
    "adaptive_strategy_selection": {
      "pressure_gain": 1.95,
      "difficulty_bias": 0.35,
      "escalation_bias": 0.3,
      "patience_bias": -0.3,
      "hardness_bias": 0.35,
      "samples": 210
    },
    "compression_elaboration_fit": {
      "pressure_gain": 1.0463712025229839,
      "difficulty_bias": 0.02032847430084967,
      "escalation_bias": 0.017815788093142437,
      "patience_bias": -0.015530086524627026,
      "hardness_bias": 0.022841160508556904,
      "samples": 210
    },
    "perspective_integration": {
      "pressure_gain": 1.95,
      "difficulty_bias": 0.35,
      "escalation_bias": 0.3,
      "patience_bias": -0.3,
      "hardness_bias": 0.35,
      "samples": 210
    },
    "multi_turn_stability": {
      "pressure_gain": 1.1399683745686044,
      "difficulty_bias": 0.06229956140095043,
      "escalation_bias": 0.05469431005565784,
      "patience_bias": -0.048546609348974486,
      "hardness_bias": 0.06990481274624312,
      "samples": 210
    }
  },
  "last_episode_id": "episode_d00531eb9c74",
  "last_update_ts": 1783468387.4055505
}