{
  "version": 1,
  "samples": 134,
  "global": {
    "pressure_gain_bias": 0.4,
    "difficulty_bias": 0.35,
    "escalation_bias": 0.3,
    "patience_bias": -0.3,
    "hardness_bias": 0.35,
    "samples": 134
  },
  "axis": {
    "X": {
      "pressure_gain": 1.4587714140858068,
      "difficulty_bias": 0.17433454110894095,
      "escalation_bias": 0.15007054225963476,
      "patience_bias": -0.1389408975188492,
      "hardness_bias": 0.1821425581294072,
      "samples": 134
    },
    "T": {
      "pressure_gain": 1.6875222876533862,
      "difficulty_bias": 0.25929166234478407,
      "escalation_bias": 0.22288792089472262,
      "patience_bias": -0.2143737803213815,
      "hardness_bias": 0.26474928238899054,
      "samples": 134
    },
    "N": {
      "pressure_gain": 1.6496666619547649,
      "difficulty_bias": 0.2471481310456007,
      "escalation_bias": 0.21278178403816345,
      "patience_bias": -0.20382381448561318,
      "hardness_bias": 0.2547207008804903,
      "samples": 134
    },
    "B": {
      "pressure_gain": 1.9271224307250607,
      "difficulty_bias": 0.3440866037968577,
      "escalation_bias": 0.29498699876429585,
      "patience_bias": -0.29397688263080174,
      "hardness_bias": 0.3445920092892842,
      "samples": 134
    },
    "A": {
      "pressure_gain": 1.5537541899645166,
      "difficulty_bias": 0.21308554583190992,
      "escalation_bias": 0.18300450165634918,
      "patience_bias": -0.17357301138799303,
      "hardness_bias": 0.2168923782248996,
      "samples": 134
    }
  },
  "dimensions": {
    "coherence_maintenance": {
      "pressure_gain": 1.8939871914254227,
      "difficulty_bias": 0.33469787760416664,
      "escalation_bias": 0.28711925729166665,
      "patience_bias": -0.2810496193129797,
      "hardness_bias": 0.33593352916666663,
      "samples": 134
    },
    "context_carryover": {
      "pressure_gain": 1.95,
      "difficulty_bias": 0.35,
      "escalation_bias": 0.3,
      "patience_bias": -0.3,
      "hardness_bias": 0.35,
      "samples": 134
    },
    "ambiguity_handling": {
      "pressure_gain": 1.9030937499999996,
      "difficulty_bias": 0.33271875,
      "escalation_bias": 0.2851875,
      "patience_bias": -0.2851875,
      "hardness_bias": 0.33271875,
      "samples": 134
    },
    "contradiction_handling": {
      "pressure_gain": 1.95,
      "difficulty_bias": 0.35,
      "escalation_bias": 0.3,
      "patience_bias": -0.3,
      "hardness_bias": 0.35,
      "samples": 134
    },
    "implied_intent_inference": {
      "pressure_gain": 1.6539195164359086,
      "difficulty_bias": 0.26711681564004114,
      "escalation_bias": 0.23024823136276487,
      "patience_bias": -0.2038555453898372,
      "hardness_bias": 0.2793761008625199,
      "samples": 134
    },
    "misunderstanding_repair": {
      "pressure_gain": 1.0,
      "difficulty_bias": 0.0,
      "escalation_bias": 0.0,
      "patience_bias": 0.0,
      "hardness_bias": 0.0,
      "samples": 134
    },
    "uncertainty_signaling": {
      "pressure_gain": 1.95,
      "difficulty_bias": 0.35,
      "escalation_bias": 0.3,
      "patience_bias": -0.3,
      "hardness_bias": 0.35,
      "samples": 134
    },
    "boundary_calibration": {
      "pressure_gain": 1.8335933194733538,
      "difficulty_bias": 0.3270590877690602,
      "escalation_bias": 0.2827425160642649,
      "patience_bias": -0.264055010438351,
      "hardness_bias": 0.34344078125,
      "samples": 134
    },
    "framing_selection": {
      "pressure_gain": 1.95,
      "difficulty_bias": 0.35,
      "escalation_bias": 0.3,
      "patience_bias": -0.3,
      "hardness_bias": 0.35,
      "samples": 134
    },
    "emotional_calibration": {
      "pressure_gain": 1.024082972997477,
      "difficulty_bias": 0.009498403243496505,
      "escalation_bias": 0.008216973260419707,
      "patience_bias": -0.006182506656225038,
      "hardness_bias": 0.01077983322657331,
      "samples": 134
    },
    "semantic_precision": {
      "pressure_gain": 1.3603153840553315,
      "difficulty_bias": 0.14528254217093314,
      "escalation_bias": 0.12604002416467544,
      "patience_bias": -0.09813990427928806,
      "hardness_bias": 0.16452506017719115,
      "samples": 134
    },
    "adaptive_strategy_selection": {
      "pressure_gain": 1.95,
      "difficulty_bias": 0.35,
      "escalation_bias": 0.3,
      "patience_bias": -0.3,
      "hardness_bias": 0.35,
      "samples": 134
    },
    "compression_elaboration_fit": {
      "pressure_gain": 1.156507726605018,
      "difficulty_bias": 0.06626076956275118,
      "escalation_bias": 0.057832409056689106,
      "patience_bias": -0.04823793406488167,
      "hardness_bias": 0.07468913006881331,
      "samples": 134
    },
    "perspective_integration": {
      "pressure_gain": 1.95,
      "difficulty_bias": 0.35,
      "escalation_bias": 0.3,
      "patience_bias": -0.3,
      "hardness_bias": 0.35,
      "samples": 134
    },
    "multi_turn_stability": {
      "pressure_gain": 1.2487440543828352,
      "difficulty_bias": 0.1062094651952999,
      "escalation_bias": 0.0927939635517226,
      "patience_bias": -0.07826391395482674,
      "hardness_bias": 0.1196249668388773,
      "samples": 134
    }
  },
  "last_episode_id": "episode_138b541f9cc8",
  "last_update_ts": 1780520125.767522
}