{
  "version": 1,
  "samples": 155,
  "global": {
    "pressure_gain_bias": 0.4,
    "difficulty_bias": 0.35,
    "escalation_bias": 0.3,
    "patience_bias": -0.3,
    "hardness_bias": 0.35,
    "samples": 155
  },
  "axis": {
    "X": {
      "pressure_gain": 1.4046841094495646,
      "difficulty_bias": 0.15250140020818373,
      "escalation_bias": 0.1311262059892863,
      "patience_bias": -0.12366473715933543,
      "hardness_bias": 0.1576696462150505,
      "samples": 155
    },
    "T": {
      "pressure_gain": 1.705403058034095,
      "difficulty_bias": 0.26562119413267427,
      "escalation_bias": 0.228357935960914,
      "patience_bias": -0.22339731220346212,
      "hardness_bias": 0.27037775869069747,
      "samples": 155
    },
    "N": {
      "pressure_gain": 1.6215761705367204,
      "difficulty_bias": 0.23980375537030935,
      "escalation_bias": 0.20659870259440238,
      "patience_bias": -0.19819057971788034,
      "hardness_bias": 0.24461779657526014,
      "samples": 155
    },
    "B": {
      "pressure_gain": 1.9287203938847972,
      "difficulty_bias": 0.3430169417207183,
      "escalation_bias": 0.2940712880805197,
      "patience_bias": -0.29377531666972917,
      "hardness_bias": 0.3433167858406385,
      "samples": 155
    },
    "A": {
      "pressure_gain": 1.5170155247518653,
      "difficulty_bias": 0.20011174929123482,
      "escalation_bias": 0.17217082682382187,
      "patience_bias": -0.16399497247922726,
      "hardness_bias": 0.20497336935383953,
      "samples": 155
    }
  },
  "dimensions": {
    "coherence_maintenance": {
      "pressure_gain": 1.9262499999999998,
      "difficulty_bias": 0.34125,
      "escalation_bias": 0.2925,
      "patience_bias": -0.2925,
      "hardness_bias": 0.34125,
      "samples": 155
    },
    "context_carryover": {
      "pressure_gain": 1.9262499999999998,
      "difficulty_bias": 0.34125,
      "escalation_bias": 0.2925,
      "patience_bias": -0.2925,
      "hardness_bias": 0.34125,
      "samples": 155
    },
    "ambiguity_handling": {
      "pressure_gain": 1.8805164062499995,
      "difficulty_bias": 0.32440078125,
      "escalation_bias": 0.2780578125,
      "patience_bias": -0.2780578125,
      "hardness_bias": 0.32440078125,
      "samples": 155
    },
    "contradiction_handling": {
      "pressure_gain": 1.95,
      "difficulty_bias": 0.35,
      "escalation_bias": 0.3,
      "patience_bias": -0.3,
      "hardness_bias": 0.35,
      "samples": 155
    },
    "implied_intent_inference": {
      "pressure_gain": 1.588037209831758,
      "difficulty_bias": 0.2466873973123166,
      "escalation_bias": 0.2137916466248952,
      "patience_bias": -0.19062058587561473,
      "hardness_bias": 0.2627498783890278,
      "samples": 155
    },
    "misunderstanding_repair": {
      "pressure_gain": 1.0,
      "difficulty_bias": 0.0,
      "escalation_bias": 0.0,
      "patience_bias": 0.0,
      "hardness_bias": 0.0,
      "samples": 155
    },
    "uncertainty_signaling": {
      "pressure_gain": 1.95,
      "difficulty_bias": 0.35,
      "escalation_bias": 0.3,
      "patience_bias": -0.3,
      "hardness_bias": 0.35,
      "samples": 155
    },
    "boundary_calibration": {
      "pressure_gain": 1.83833757866924,
      "difficulty_bias": 0.34125,
      "escalation_bias": 0.2925,
      "patience_bias": -0.27744020916291723,
      "hardness_bias": 0.34125,
      "samples": 155
    },
    "framing_selection": {
      "pressure_gain": 1.8805164062499995,
      "difficulty_bias": 0.32440078125,
      "escalation_bias": 0.2780578125,
      "patience_bias": -0.2780578125,
      "hardness_bias": 0.32440078125,
      "samples": 155
    },
    "emotional_calibration": {
      "pressure_gain": 1.0141516483504118,
      "difficulty_bias": 0.005581456351193272,
      "escalation_bias": 0.004828461838926111,
      "patience_bias": -0.0036329675797149292,
      "hardness_bias": 0.00633445086346044,
      "samples": 155
    },
    "semantic_precision": {
      "pressure_gain": 1.2117287018894711,
      "difficulty_bias": 0.08537099835939994,
      "escalation_bias": 0.07406370053410337,
      "patience_bias": -0.05766901846583345,
      "hardness_bias": 0.09667829618469671,
      "samples": 155
    },
    "adaptive_strategy_selection": {
      "pressure_gain": 1.95,
      "difficulty_bias": 0.35,
      "escalation_bias": 0.3,
      "patience_bias": -0.3,
      "hardness_bias": 0.35,
      "samples": 155
    },
    "compression_elaboration_fit": {
      "pressure_gain": 1.0919671467168433,
      "difficulty_bias": 0.03893618575987419,
      "escalation_bias": 0.033983508444461595,
      "patience_bias": -0.028345598365622296,
      "hardness_bias": 0.04388886307528683,
      "samples": 155
    },
    "perspective_integration": {
      "pressure_gain": 1.95,
      "difficulty_bias": 0.35,
      "escalation_bias": 0.3,
      "patience_bias": -0.3,
      "hardness_bias": 0.35,
      "samples": 155
    },
    "multi_turn_stability": {
      "pressure_gain": 1.2593678631073117,
      "difficulty_bias": 0.11332206917255958,
      "escalation_bias": 0.09927634038617755,
      "patience_bias": -0.08618685048129872,
      "hardness_bias": 0.1273677979589417,
      "samples": 155
    }
  },
  "last_episode_id": "episode_c5836b7053b8",
  "last_update_ts": 1783112014.0683823
}