{
  "version": 1,
  "samples": 368,
  "global": {
    "pressure_gain_bias": 0.4,
    "difficulty_bias": 0.35,
    "escalation_bias": 0.3,
    "patience_bias": -0.3,
    "hardness_bias": 0.35,
    "samples": 368
  },
  "axis": {
    "X": {
      "pressure_gain": 1.3169625987568454,
      "difficulty_bias": 0.11680547960976387,
      "escalation_bias": 0.10012194466005,
      "patience_bias": -0.10008268759229363,
      "hardness_bias": 0.11683465803685876,
      "samples": 368
    },
    "T": {
      "pressure_gain": 1.46623853611494,
      "difficulty_bias": 0.17879098373473581,
      "escalation_bias": 0.15409612385795035,
      "patience_bias": -0.15111981578503803,
      "hardness_bias": 0.183242600646294,
      "samples": 368
    },
    "N": {
      "pressure_gain": 1.4071164741653615,
      "difficulty_bias": 0.15585251550420504,
      "escalation_bias": 0.1342950607066111,
      "patience_bias": -0.13181262715993264,
      "hardness_bias": 0.15956889816402028,
      "samples": 368
    },
    "B": {
      "pressure_gain": 1.6390392525467188,
      "difficulty_bias": 0.23543551409734548,
      "escalation_bias": 0.2018018692263956,
      "patience_bias": -0.20180186922594204,
      "hardness_bias": 0.23543551409763286,
      "samples": 368
    },
    "A": {
      "pressure_gain": 1.3808724483614998,
      "difficulty_bias": 0.14413813508515125,
      "escalation_bias": 0.12400740023291489,
      "patience_bias": -0.1223959037699184,
      "hardness_bias": 0.14655537213676095,
      "samples": 368
    }
  },
  "dimensions": {
    "coherence_maintenance": {
      "pressure_gain": 1.95,
      "difficulty_bias": 0.35,
      "escalation_bias": 0.3,
      "patience_bias": -0.3,
      "hardness_bias": 0.35,
      "samples": 368
    },
    "context_carryover": {
      "pressure_gain": 1.4192770634972376,
      "difficulty_bias": 0.17667542161471783,
      "escalation_bias": 0.15411476497895776,
      "patience_bias": -0.14473935239675895,
      "hardness_bias": 0.19073854048801628,
      "samples": 368
    },
    "ambiguity_handling": {
      "pressure_gain": 1.013167510045146,
      "difficulty_bias": 0.004851187911370933,
      "escalation_bias": 0.00415816106688937,
      "patience_bias": -0.00415816106688937,
      "hardness_bias": 0.004851187911370933,
      "samples": 368
    },
    "contradiction_handling": {
      "pressure_gain": 1.95,
      "difficulty_bias": 0.35,
      "escalation_bias": 0.3,
      "patience_bias": -0.3,
      "hardness_bias": 0.35,
      "samples": 368
    },
    "implied_intent_inference": {
      "pressure_gain": 1.95,
      "difficulty_bias": 0.35,
      "escalation_bias": 0.3,
      "patience_bias": -0.3,
      "hardness_bias": 0.35,
      "samples": 368
    },
    "misunderstanding_repair": {
      "pressure_gain": 1.0,
      "difficulty_bias": 0.0,
      "escalation_bias": 0.0,
      "patience_bias": 0.0,
      "hardness_bias": 0.0,
      "samples": 368
    },
    "uncertainty_signaling": {
      "pressure_gain": 1.2481735686177504,
      "difficulty_bias": 0.10824184829823989,
      "escalation_bias": 0.09480653750860107,
      "patience_bias": -0.0877092011232171,
      "hardness_bias": 0.11888785287631597,
      "samples": 368
    },
    "boundary_calibration": {
      "pressure_gain": 1.95,
      "difficulty_bias": 0.35,
      "escalation_bias": 0.3,
      "patience_bias": -0.3,
      "hardness_bias": 0.35,
      "samples": 368
    },
    "framing_selection": {
      "pressure_gain": 1.95,
      "difficulty_bias": 0.35,
      "escalation_bias": 0.3,
      "patience_bias": -0.3,
      "hardness_bias": 0.35,
      "samples": 368
    },
    "emotional_calibration": {
      "pressure_gain": 1.0000643858112608,
      "difficulty_bias": 2.5393974348474216e-05,
      "escalation_bias": 2.1968072195720495e-05,
      "patience_bias": -1.6528927169410903e-05,
      "hardness_bias": 2.8819876501228046e-05,
      "samples": 368
    },
    "semantic_precision": {
      "pressure_gain": 1.0009633029242362,
      "difficulty_bias": 0.00038841277366233676,
      "escalation_bias": 0.00033696791539254906,
      "patience_bias": -0.0002623769646267996,
      "hardness_bias": 0.0004398576319321234,
      "samples": 368
    },
    "adaptive_strategy_selection": {
      "pressure_gain": 1.17768238657721,
      "difficulty_bias": 0.07653423907920748,
      "escalation_bias": 0.06693648325179336,
      "patience_bias": -0.06226150910813909,
      "hardness_bias": 0.08354670029468896,
      "samples": 368
    },
    "compression_elaboration_fit": {
      "pressure_gain": 1.000849136753014,
      "difficulty_bias": 0.0003722494505732341,
      "escalation_bias": 0.00032623782931531846,
      "patience_bias": -0.00028438268856731484,
      "hardness_bias": 0.00041826107183114933,
      "samples": 368
    },
    "perspective_integration": {
      "pressure_gain": 1.95,
      "difficulty_bias": 0.35,
      "escalation_bias": 0.3,
      "patience_bias": -0.3,
      "hardness_bias": 0.35,
      "samples": 368
    },
    "multi_turn_stability": {
      "pressure_gain": 1.0025630625181035,
      "difficulty_bias": 0.0011408124957753435,
      "escalation_bias": 0.0010015472172867272,
      "patience_bias": -0.0008889722066645131,
      "hardness_bias": 0.0012800777742639614,
      "samples": 368
    }
  },
  "last_episode_id": "episode_2a6d0d8d02f6",
  "last_update_ts": 1784411428.8058589
}