{
  "version": 1,
  "samples": 302,
  "global": {
    "pressure_gain_bias": 0.4,
    "difficulty_bias": 0.35,
    "escalation_bias": 0.3,
    "patience_bias": -0.3,
    "hardness_bias": 0.35,
    "samples": 302
  },
  "axis": {
    "X": {
      "pressure_gain": 1.2145191331969756,
      "difficulty_bias": 0.08245940004335817,
      "escalation_bias": 0.07109163298880537,
      "patience_bias": -0.06949795219481508,
      "hardness_bias": 0.08469695135834335,
      "samples": 302
    },
    "T": {
      "pressure_gain": 1.5995669116761442,
      "difficulty_bias": 0.22291462166870987,
      "escalation_bias": 0.19129868793024102,
      "patience_bias": -0.1904286285599734,
      "hardness_bias": 0.22413085544783917,
      "samples": 302
    },
    "N": {
      "pressure_gain": 1.4985801920389552,
      "difficulty_bias": 0.19126381578688034,
      "escalation_bias": 0.16485434126318163,
      "patience_bias": -0.16161683125285736,
      "hardness_bias": 0.1960812403160648,
      "samples": 302
    },
    "B": {
      "pressure_gain": 1.6636718293216106,
      "difficulty_bias": 0.24451067520209097,
      "escalation_bias": 0.20958057884878462,
      "patience_bias": -0.20958057837383387,
      "hardness_bias": 0.24451067550299233,
      "samples": 302
    },
    "A": {
      "pressure_gain": 1.4586506284321834,
      "difficulty_bias": 0.1737772130875423,
      "escalation_bias": 0.14953017455121193,
      "patience_bias": -0.14750525707989717,
      "hardness_bias": 0.17680658631499507,
      "samples": 302
    }
  },
  "dimensions": {
    "coherence_maintenance": {
      "pressure_gain": 1.95,
      "difficulty_bias": 0.35,
      "escalation_bias": 0.3,
      "patience_bias": -0.3,
      "hardness_bias": 0.35,
      "samples": 302
    },
    "context_carryover": {
      "pressure_gain": 1.7836171127743115,
      "difficulty_bias": 0.29425966559727645,
      "escalation_bias": 0.25289313468292307,
      "patience_bias": -0.2505461600845217,
      "hardness_bias": 0.29778012749487853,
      "samples": 302
    },
    "ambiguity_handling": {
      "pressure_gain": 1.0700162783038747,
      "difficulty_bias": 0.0257954709540608,
      "escalation_bias": 0.02211040367490926,
      "patience_bias": -0.02211040367490926,
      "hardness_bias": 0.0257954709540608,
      "samples": 302
    },
    "contradiction_handling": {
      "pressure_gain": 1.95,
      "difficulty_bias": 0.35,
      "escalation_bias": 0.3,
      "patience_bias": -0.3,
      "hardness_bias": 0.35,
      "samples": 302
    },
    "implied_intent_inference": {
      "pressure_gain": 1.95,
      "difficulty_bias": 0.35,
      "escalation_bias": 0.3,
      "patience_bias": -0.3,
      "hardness_bias": 0.35,
      "samples": 302
    },
    "misunderstanding_repair": {
      "pressure_gain": 1.0,
      "difficulty_bias": 0.0,
      "escalation_bias": 0.0,
      "patience_bias": 0.0,
      "hardness_bias": 0.0,
      "samples": 302
    },
    "uncertainty_signaling": {
      "pressure_gain": 1.549779923734407,
      "difficulty_bias": 0.22957154239781813,
      "escalation_bias": 0.2000352892896707,
      "patience_bias": -0.18862640396927788,
      "hardness_bias": 0.24668487037840753,
      "samples": 302
    },
    "boundary_calibration": {
      "pressure_gain": 1.95,
      "difficulty_bias": 0.35,
      "escalation_bias": 0.3,
      "patience_bias": -0.3,
      "hardness_bias": 0.35,
      "samples": 302
    },
    "framing_selection": {
      "pressure_gain": 1.7107676657296815,
      "difficulty_bias": 0.2828064496056422,
      "escalation_bias": 0.24493218780419757,
      "patience_bias": -0.2360888793064328,
      "hardness_bias": 0.2960714123522893,
      "samples": 302
    },
    "emotional_calibration": {
      "pressure_gain": 1.0003423619852734,
      "difficulty_bias": 0.00013502868569136017,
      "escalation_bias": 0.00011681195999708813,
      "patience_bias": -8.78901144399979e-05,
      "hardness_bias": 0.00015324541138563282,
      "samples": 302
    },
    "semantic_precision": {
      "pressure_gain": 1.0051222201770231,
      "difficulty_bias": 0.0020653272155688506,
      "escalation_bias": 0.0017917768251328172,
      "patience_bias": -0.0013951505267773869,
      "hardness_bias": 0.0023388776060048796,
      "samples": 302
    },
    "adaptive_strategy_selection": {
      "pressure_gain": 1.4128348952559933,
      "difficulty_bias": 0.1688106357391613,
      "escalation_bias": 0.14671107071135792,
      "patience_bias": -0.13965423043908926,
      "hardness_bias": 0.1793958961475644,
      "samples": 302
    },
    "compression_elaboration_fit": {
      "pressure_gain": 1.0045151585237726,
      "difficulty_bias": 0.0019793811465063107,
      "escalation_bias": 0.0017347211866383797,
      "patience_bias": -0.001512162694333318,
      "hardness_bias": 0.002224041106374241,
      "samples": 302
    },
    "perspective_integration": {
      "pressure_gain": 1.95,
      "difficulty_bias": 0.35,
      "escalation_bias": 0.3,
      "patience_bias": -0.3,
      "hardness_bias": 0.35,
      "samples": 302
    },
    "multi_turn_stability": {
      "pressure_gain": 1.013628704133324,
      "difficulty_bias": 0.006066100950207527,
      "escalation_bias": 0.005325578523166132,
      "patience_bias": -0.004726977630001026,
      "hardness_bias": 0.0068066233772489364,
      "samples": 302
    }
  },
  "last_episode_id": "episode_3c8061220a9f",
  "last_update_ts": 1784048956.2446837
}