{
  "version": 1,
  "samples": 88,
  "global": {
    "pressure_gain_bias": 0.4,
    "difficulty_bias": 0.35,
    "escalation_bias": 0.3,
    "patience_bias": -0.3,
    "hardness_bias": 0.35,
    "samples": 88
  },
  "axis": {
    "X": {
      "pressure_gain": 1.511572760017691,
      "difficulty_bias": 0.19933067903148236,
      "escalation_bias": 0.17215724547324276,
      "patience_bias": -0.16010576432523155,
      "hardness_bias": 0.20990456596738147,
      "samples": 88
    },
    "T": {
      "pressure_gain": 1.6617675101226705,
      "difficulty_bias": 0.24858452004985768,
      "escalation_bias": 0.2134994581836034,
      "patience_bias": -0.21070927038990092,
      "hardness_bias": 0.25126727864944687,
      "samples": 88
    },
    "N": {
      "pressure_gain": 1.7214274497896767,
      "difficulty_bias": 0.2701717303929536,
      "escalation_bias": 0.2320927022596868,
      "patience_bias": -0.22531699268289612,
      "hardness_bias": 0.27526157453267797,
      "samples": 88
    },
    "B": {
      "pressure_gain": 1.759785806707566,
      "difficulty_bias": 0.28868509215769544,
      "escalation_bias": 0.2484991475623408,
      "patience_bias": -0.24193637255262218,
      "hardness_bias": 0.29564326617409875,
      "samples": 88
    },
    "A": {
      "pressure_gain": 1.5627527370847991,
      "difficulty_bias": 0.21920203787882628,
      "escalation_bias": 0.18850956381342845,
      "patience_bias": -0.17590552226548586,
      "hardness_bias": 0.22253033217169724,
      "samples": 88
    }
  },
  "dimensions": {
    "coherence_maintenance": {
      "pressure_gain": 1.95,
      "difficulty_bias": 0.35,
      "escalation_bias": 0.3,
      "patience_bias": -0.3,
      "hardness_bias": 0.35,
      "samples": 88
    },
    "context_carryover": {
      "pressure_gain": 1.9366999999999999,
      "difficulty_bias": 0.3424,
      "escalation_bias": 0.29316,
      "patience_bias": -0.2924,
      "hardness_bias": 0.34164,
      "samples": 88
    },
    "ambiguity_handling": {
      "pressure_gain": 1.5094388492295463,
      "difficulty_bias": 0.22451229553521224,
      "escalation_bias": 0.1968814067797832,
      "patience_bias": -0.17271570351613355,
      "hardness_bias": 0.2521431842906414,
      "samples": 88
    },
    "contradiction_handling": {
      "pressure_gain": 1.95,
      "difficulty_bias": 0.35,
      "escalation_bias": 0.3,
      "patience_bias": -0.3,
      "hardness_bias": 0.35,
      "samples": 88
    },
    "implied_intent_inference": {
      "pressure_gain": 1.8051917913016327,
      "difficulty_bias": 0.3231524680057139,
      "escalation_bias": 0.2766643305801425,
      "patience_bias": -0.2535627631257349,
      "hardness_bias": 0.32329763668128525,
      "samples": 88
    },
    "misunderstanding_repair": {
      "pressure_gain": 1.0,
      "difficulty_bias": 0.0,
      "escalation_bias": 0.0,
      "patience_bias": 0.0,
      "hardness_bias": 0.0,
      "samples": 88
    },
    "uncertainty_signaling": {
      "pressure_gain": 1.95,
      "difficulty_bias": 0.35,
      "escalation_bias": 0.3,
      "patience_bias": -0.3,
      "hardness_bias": 0.35,
      "samples": 88
    },
    "boundary_calibration": {
      "pressure_gain": 1.9030937499999996,
      "difficulty_bias": 0.33271875,
      "escalation_bias": 0.2851875,
      "patience_bias": -0.2851875,
      "hardness_bias": 0.33271875,
      "samples": 88
    },
    "framing_selection": {
      "pressure_gain": 1.95,
      "difficulty_bias": 0.35,
      "escalation_bias": 0.3,
      "patience_bias": -0.3,
      "hardness_bias": 0.35,
      "samples": 88
    },
    "emotional_calibration": {
      "pressure_gain": 1.0259064784449181,
      "difficulty_bias": 0.011329886753283154,
      "escalation_bias": 0.009926712450102626,
      "patience_bias": -0.008628030474761066,
      "hardness_bias": 0.01273306105646368,
      "samples": 88
    },
    "semantic_precision": {
      "pressure_gain": 1.5610090198808828,
      "difficulty_bias": 0.23573374297356361,
      "escalation_bias": 0.2055614811350008,
      "patience_bias": -0.16974486756149804,
      "hardness_bias": 0.2659060048121268,
      "samples": 88
    },
    "adaptive_strategy_selection": {
      "pressure_gain": 1.95,
      "difficulty_bias": 0.35,
      "escalation_bias": 0.3,
      "patience_bias": -0.3,
      "hardness_bias": 0.35,
      "samples": 88
    },
    "compression_elaboration_fit": {
      "pressure_gain": 1.2913551625093036,
      "difficulty_bias": 0.12085430466368109,
      "escalation_bias": 0.10521953511518572,
      "patience_bias": -0.08536091384240826,
      "hardness_bias": 0.1364890742121765,
      "samples": 88
    },
    "perspective_integration": {
      "pressure_gain": 1.95,
      "difficulty_bias": 0.35,
      "escalation_bias": 0.3,
      "patience_bias": -0.3,
      "hardness_bias": 0.35,
      "samples": 88
    },
    "multi_turn_stability": {
      "pressure_gain": 1.1442698861094645,
      "difficulty_bias": 0.06557722095884919,
      "escalation_bias": 0.057707954443787284,
      "patience_bias": -0.052461776767079346,
      "hardness_bias": 0.07344648747391111,
      "samples": 88
    }
  },
  "last_episode_id": "episode_85522872d850",
  "last_update_ts": 1780472093.4535377
}