{
  "version": 1,
  "samples": 366,
  "global": {
    "pressure_gain_bias": 0.4,
    "difficulty_bias": 0.35,
    "escalation_bias": 0.3,
    "patience_bias": -0.3,
    "hardness_bias": 0.35,
    "samples": 366
  },
  "axis": {
    "X": {
      "pressure_gain": 1.3169506847001653,
      "difficulty_bias": 0.11680529243148982,
      "escalation_bias": 0.10012214313937888,
      "patience_bias": -0.10008001112282244,
      "hardness_bias": 0.11683697276563496,
      "samples": 366
    },
    "T": {
      "pressure_gain": 1.467939303369557,
      "difficulty_bias": 0.1792911611389194,
      "escalation_bias": 0.15450959322473734,
      "patience_bias": -0.1515860083604914,
      "hardness_bias": 0.18366302246121446,
      "samples": 366
    },
    "N": {
      "pressure_gain": 1.4086256957588539,
      "difficulty_bias": 0.1564486502150036,
      "escalation_bias": 0.13481087145340429,
      "patience_bias": -0.13231112692965852,
      "hardness_bias": 0.16019062182736382,
      "samples": 366
    },
    "B": {
      "pressure_gain": 1.6393356148847473,
      "difficulty_bias": 0.2355447002221604,
      "escalation_bias": 0.20189545733340314,
      "patience_bias": -0.2018954573328432,
      "hardness_bias": 0.23554470022251514,
      "samples": 366
    },
    "A": {
      "pressure_gain": 1.3818714631103344,
      "difficulty_bias": 0.1445252190763811,
      "escalation_bias": 0.12434148151168714,
      "patience_bias": -0.12272195233480435,
      "hardness_bias": 0.14695450340604477,
      "samples": 366
    }
  },
  "dimensions": {
    "coherence_maintenance": {
      "pressure_gain": 1.95,
      "difficulty_bias": 0.35,
      "escalation_bias": 0.3,
      "patience_bias": -0.3,
      "hardness_bias": 0.35,
      "samples": 366
    },
    "context_carryover": {
      "pressure_gain": 1.4410541101877585,
      "difficulty_bias": 0.18585185705690238,
      "escalation_bias": 0.16211941089173731,
      "patience_bias": -0.1522570439413638,
      "hardness_bias": 0.20064540748246287,
      "samples": 366
    },
    "ambiguity_handling": {
      "pressure_gain": 1.0138514241106074,
      "difficulty_bias": 0.005103156251277772,
      "escalation_bias": 0.004374133929666662,
      "patience_bias": -0.004374133929666662,
      "hardness_bias": 0.005103156251277772,
      "samples": 366
    },
    "contradiction_handling": {
      "pressure_gain": 1.95,
      "difficulty_bias": 0.35,
      "escalation_bias": 0.3,
      "patience_bias": -0.3,
      "hardness_bias": 0.35,
      "samples": 366
    },
    "implied_intent_inference": {
      "pressure_gain": 1.9262499999999998,
      "difficulty_bias": 0.34125,
      "escalation_bias": 0.2925,
      "patience_bias": -0.2925,
      "hardness_bias": 0.34125,
      "samples": 366
    },
    "misunderstanding_repair": {
      "pressure_gain": 1.0,
      "difficulty_bias": 0.0,
      "escalation_bias": 0.0,
      "patience_bias": 0.0,
      "hardness_bias": 0.0,
      "samples": 366
    },
    "uncertainty_signaling": {
      "pressure_gain": 1.2610635830298493,
      "difficulty_bias": 0.11386387723680726,
      "escalation_bias": 0.0997307429413292,
      "patience_bias": -0.09226477435709886,
      "hardness_bias": 0.1250628301131529,
      "samples": 366
    },
    "boundary_calibration": {
      "pressure_gain": 1.95,
      "difficulty_bias": 0.35,
      "escalation_bias": 0.3,
      "patience_bias": -0.3,
      "hardness_bias": 0.35,
      "samples": 366
    },
    "framing_selection": {
      "pressure_gain": 1.95,
      "difficulty_bias": 0.35,
      "escalation_bias": 0.3,
      "patience_bias": -0.3,
      "hardness_bias": 0.35,
      "samples": 366
    },
    "emotional_calibration": {
      "pressure_gain": 1.0000677299789726,
      "difficulty_bias": 2.6712925021406147e-05,
      "escalation_bias": 2.310908317761525e-05,
      "patience_bias": -1.738743160490299e-05,
      "hardness_bias": 3.0316766865197157e-05,
      "samples": 366
    },
    "semantic_precision": {
      "pressure_gain": 1.0010133364094531,
      "difficulty_bias": 0.0004085867441549894,
      "escalation_bias": 0.00035446986497572554,
      "patience_bias": -0.00027600469651734347,
      "hardness_bias": 0.0004627036233342522,
      "samples": 366
    },
    "adaptive_strategy_selection": {
      "pressure_gain": 1.1869111232896359,
      "difficulty_bias": 0.08050939022138855,
      "escalation_bias": 0.07041313162581814,
      "patience_bias": -0.06549534159962035,
      "hardness_bias": 0.08788607526068529,
      "samples": 366
    },
    "compression_elaboration_fit": {
      "pressure_gain": 1.000893240502842,
      "difficulty_bias": 0.00039158390592845143,
      "escalation_bias": 0.0003431824634480668,
      "patience_bias": -0.00029915338705305966,
      "hardness_bias": 0.0004399853484088356,
      "samples": 366
    },
    "perspective_integration": {
      "pressure_gain": 1.95,
      "difficulty_bias": 0.35,
      "escalation_bias": 0.3,
      "patience_bias": -0.3,
      "hardness_bias": 0.35,
      "samples": 366
    },
    "multi_turn_stability": {
      "pressure_gain": 1.0026961867383075,
      "difficulty_bias": 0.0012000657417755092,
      "escalation_bias": 0.0010535670924778197,
      "patience_bias": -0.0009351449905741099,
      "hardness_bias": 0.001346564391073201,
      "samples": 366
    }
  },
  "last_episode_id": "episode_11f38b54a675",
  "last_update_ts": 1784404187.0516002
}