{
  "version": 1,
  "samples": 238,
  "global": {
    "pressure_gain_bias": 0.4,
    "difficulty_bias": 0.35,
    "escalation_bias": 0.3,
    "patience_bias": -0.3,
    "hardness_bias": 0.35,
    "samples": 238
  },
  "axis": {
    "X": {
      "pressure_gain": 1.1928183942038315,
      "difficulty_bias": 0.07323819630845838,
      "escalation_bias": 0.06304097272027336,
      "patience_bias": -0.06135308636440574,
      "hardness_bias": 0.07501095508058087,
      "samples": 238
    },
    "T": {
      "pressure_gain": 1.6598120721295864,
      "difficulty_bias": 0.245462931629911,
      "escalation_bias": 0.21068222433221706,
      "patience_bias": -0.20933696821272366,
      "hardness_bias": 0.2471271982611934,
      "samples": 238
    },
    "N": {
      "pressure_gain": 1.636596687940284,
      "difficulty_bias": 0.23583212546923696,
      "escalation_bias": 0.20225763232015054,
      "patience_bias": -0.20155581926337732,
      "hardness_bias": 0.23652260513245632,
      "samples": 238
    },
    "B": {
      "pressure_gain": 1.7850940300662235,
      "difficulty_bias": 0.2892462219640201,
      "escalation_bias": 0.24792542143568333,
      "patience_bias": -0.2479250185999404,
      "hardness_bias": 0.2892464771774297,
      "samples": 238
    },
    "A": {
      "pressure_gain": 1.4894954670305642,
      "difficulty_bias": 0.18209144500741664,
      "escalation_bias": 0.15628894550199948,
      "patience_bias": -0.15554965554084163,
      "hardness_bias": 0.18319711764220972,
      "samples": 238
    }
  },
  "dimensions": {
    "coherence_maintenance": {
      "pressure_gain": 1.95,
      "difficulty_bias": 0.35,
      "escalation_bias": 0.3,
      "patience_bias": -0.3,
      "hardness_bias": 0.35,
      "samples": 238
    },
    "context_carryover": {
      "pressure_gain": 1.9030937499999996,
      "difficulty_bias": 0.33271875,
      "escalation_bias": 0.2851875,
      "patience_bias": -0.2851875,
      "hardness_bias": 0.33271875,
      "samples": 238
    },
    "ambiguity_handling": {
      "pressure_gain": 1.3539187875830605,
      "difficulty_bias": 0.1303911322674442,
      "escalation_bias": 0.11176382765780929,
      "patience_bias": -0.11176382765780929,
      "hardness_bias": 0.1303911322674442,
      "samples": 238
    },
    "contradiction_handling": {
      "pressure_gain": 1.95,
      "difficulty_bias": 0.35,
      "escalation_bias": 0.3,
      "patience_bias": -0.3,
      "hardness_bias": 0.35,
      "samples": 238
    },
    "implied_intent_inference": {
      "pressure_gain": 1.577023482436209,
      "difficulty_bias": 0.22680188715755503,
      "escalation_bias": 0.19611635711244438,
      "patience_bias": -0.19011476869155405,
      "hardness_bias": 0.2358042697888906,
      "samples": 238
    },
    "misunderstanding_repair": {
      "pressure_gain": 1.0,
      "difficulty_bias": 0.0,
      "escalation_bias": 0.0,
      "patience_bias": 0.0,
      "hardness_bias": 0.0,
      "samples": 238
    },
    "uncertainty_signaling": {
      "pressure_gain": 1.9030937499999996,
      "difficulty_bias": 0.33271875,
      "escalation_bias": 0.2851875,
      "patience_bias": -0.2851875,
      "hardness_bias": 0.33271875,
      "samples": 238
    },
    "boundary_calibration": {
      "pressure_gain": 1.95,
      "difficulty_bias": 0.35,
      "escalation_bias": 0.3,
      "patience_bias": -0.3,
      "hardness_bias": 0.35,
      "samples": 238
    },
    "framing_selection": {
      "pressure_gain": 1.5716322266579827,
      "difficulty_bias": 0.22435131634927033,
      "escalation_bias": 0.19395985480115396,
      "patience_bias": -0.1881543120449264,
      "hardness_bias": 0.23305963048361178,
      "samples": 238
    },
    "emotional_calibration": {
      "pressure_gain": 1.0017305738276632,
      "difficulty_bias": 0.0006825439724375187,
      "escalation_bias": 0.0005904619362648993,
      "patience_bias": -0.00044426758314883514,
      "hardness_bias": 0.0007746260086101405,
      "samples": 238
    },
    "semantic_precision": {
      "pressure_gain": 1.0258918354231619,
      "difficulty_bias": 0.010439830876528179,
      "escalation_bias": 0.00905708639379795,
      "patience_bias": -0.007052216925754052,
      "hardness_bias": 0.01182257535925841,
      "samples": 238
    },
    "adaptive_strategy_selection": {
      "pressure_gain": 1.8585034960937494,
      "difficulty_bias": 0.31629076171875,
      "escalation_bias": 0.2711063671875,
      "patience_bias": -0.2711063671875,
      "hardness_bias": 0.31629076171875,
      "samples": 238
    },
    "compression_elaboration_fit": {
      "pressure_gain": 1.0228232558083719,
      "difficulty_bias": 0.010005390067947558,
      "escalation_bias": 0.008768681141620903,
      "patience_bias": -0.007643690872628586,
      "hardness_bias": 0.011242098994274204,
      "samples": 238
    },
    "perspective_integration": {
      "pressure_gain": 1.95,
      "difficulty_bias": 0.35,
      "escalation_bias": 0.3,
      "patience_bias": -0.3,
      "hardness_bias": 0.35,
      "samples": 238
    },
    "multi_turn_stability": {
      "pressure_gain": 1.0688904717594518,
      "difficulty_bias": 0.030662970749974313,
      "escalation_bias": 0.02691977265511018,
      "patience_bias": -0.023893960551306957,
      "hardness_bias": 0.034406168844838526,
      "samples": 238
    }
  },
  "last_episode_id": "episode_66759572a473",
  "last_update_ts": 1783692259.3239973
}