{
  "version": 1,
  "samples": 97,
  "global": {
    "pressure_gain_bias": 0.392,
    "difficulty_bias": 0.34129479999999995,
    "escalation_bias": 0.2912952,
    "patience_bias": -0.285474,
    "hardness_bias": 0.34299999999999997,
    "samples": 97
  },
  "axis": {
    "X": {
      "pressure_gain": 1.5090537087871225,
      "difficulty_bias": 0.1976372888717633,
      "escalation_bias": 0.1706179132967619,
      "patience_bias": -0.15830997666671032,
      "hardness_bias": 0.20803814483549257,
      "samples": 97
    },
    "T": {
      "pressure_gain": 1.671373339110234,
      "difficulty_bias": 0.2514595509742232,
      "escalation_bias": 0.21597122375599953,
      "patience_bias": -0.21327923161293427,
      "hardness_bias": 0.2542460281869825,
      "samples": 97
    },
    "N": {
      "pressure_gain": 1.6962117000383297,
      "difficulty_bias": 0.2608065423626466,
      "escalation_bias": 0.22406353937849138,
      "patience_bias": -0.2176109810741822,
      "hardness_bias": 0.26579402079706105,
      "samples": 97
    },
    "B": {
      "pressure_gain": 1.8027897759253835,
      "difficulty_bias": 0.30756955460819646,
      "escalation_bias": 0.2650541760943948,
      "patience_bias": -0.2565586098253694,
      "hardness_bias": 0.31679249696258754,
      "samples": 97
    },
    "A": {
      "pressure_gain": 1.569228487010358,
      "difficulty_bias": 0.21933716874194997,
      "escalation_bias": 0.18817314854169953,
      "patience_bias": -0.17828884953990878,
      "hardness_bias": 0.22090277640559491,
      "samples": 97
    }
  },
  "dimensions": {
    "coherence_maintenance": {
      "pressure_gain": 1.9372692812499996,
      "difficulty_bias": 0.34708640625,
      "escalation_bias": 0.29771696249999996,
      "patience_bias": -0.295540875,
      "hardness_bias": 0.3489246,
      "samples": 97
    },
    "context_carryover": {
      "pressure_gain": 1.95,
      "difficulty_bias": 0.35,
      "escalation_bias": 0.3,
      "patience_bias": -0.3,
      "hardness_bias": 0.35,
      "samples": 97
    },
    "ambiguity_handling": {
      "pressure_gain": 1.6450653779988078,
      "difficulty_bias": 0.282039488146832,
      "escalation_bias": 0.24710237161028864,
      "patience_bias": -0.2147078109282302,
      "hardness_bias": 0.3169766046833754,
      "samples": 97
    },
    "contradiction_handling": {
      "pressure_gain": 1.95,
      "difficulty_bias": 0.35,
      "escalation_bias": 0.3,
      "patience_bias": -0.3,
      "hardness_bias": 0.35,
      "samples": 97
    },
    "implied_intent_inference": {
      "pressure_gain": 1.7384255126373527,
      "difficulty_bias": 0.29570805572938147,
      "escalation_bias": 0.25321580707680225,
      "patience_bias": -0.23005516458248204,
      "hardness_bias": 0.29736771419884744,
      "samples": 97
    },
    "misunderstanding_repair": {
      "pressure_gain": 1.0,
      "difficulty_bias": 0.0,
      "escalation_bias": 0.0,
      "patience_bias": 0.0,
      "hardness_bias": 0.0,
      "samples": 97
    },
    "uncertainty_signaling": {
      "pressure_gain": 1.95,
      "difficulty_bias": 0.35,
      "escalation_bias": 0.3,
      "patience_bias": -0.3,
      "hardness_bias": 0.35,
      "samples": 97
    },
    "boundary_calibration": {
      "pressure_gain": 1.7801252072935363,
      "difficulty_bias": 0.2883744806267,
      "escalation_bias": 0.24729392739972722,
      "patience_bias": -0.2455669798407428,
      "hardness_bias": 0.2896432584251375,
      "samples": 97
    },
    "framing_selection": {
      "pressure_gain": 1.95,
      "difficulty_bias": 0.35,
      "escalation_bias": 0.3,
      "patience_bias": -0.3,
      "hardness_bias": 0.35,
      "samples": 97
    },
    "emotional_calibration": {
      "pressure_gain": 1.0206276580398648,
      "difficulty_bias": 0.009021258141048908,
      "escalation_bias": 0.007904000936142618,
      "patience_bias": -0.00686994423303492,
      "hardness_bias": 0.010138515345955201,
      "samples": 97
    },
    "semantic_precision": {
      "pressure_gain": 1.5354937283055656,
      "difficulty_bias": 0.2237168334291031,
      "escalation_bias": 0.19494562698376455,
      "patience_bias": -0.15972160240482014,
      "hardness_bias": 0.25248803987444196,
      "samples": 97
    },
    "adaptive_strategy_selection": {
      "pressure_gain": 1.95,
      "difficulty_bias": 0.35,
      "escalation_bias": 0.3,
      "patience_bias": -0.3,
      "hardness_bias": 0.35,
      "samples": 97
    },
    "compression_elaboration_fit": {
      "pressure_gain": 1.231987325995295,
      "difficulty_bias": 0.09622848873684507,
      "escalation_bias": 0.08377953005401308,
      "patience_bias": -0.0679673906453701,
      "hardness_bias": 0.10867744741967707,
      "samples": 97
    },
    "perspective_integration": {
      "pressure_gain": 1.95,
      "difficulty_bias": 0.35,
      "escalation_bias": 0.3,
      "patience_bias": -0.3,
      "hardness_bias": 0.35,
      "samples": 97
    },
    "multi_turn_stability": {
      "pressure_gain": 1.174830929440406,
      "difficulty_bias": 0.07827912510506033,
      "escalation_bias": 0.06876932546092966,
      "patience_bias": -0.061460253768813894,
      "hardness_bias": 0.08778892474919103,
      "samples": 97
    }
  },
  "last_episode_id": "episode_5306566b6736",
  "last_update_ts": 1780479775.2045772
}