{
  "version": 1,
  "samples": 214,
  "global": {
    "pressure_gain_bias": 0.4,
    "difficulty_bias": 0.35,
    "escalation_bias": 0.3,
    "patience_bias": -0.3,
    "hardness_bias": 0.35,
    "samples": 214
  },
  "axis": {
    "X": {
      "pressure_gain": 1.2839508611208499,
      "difficulty_bias": 0.10536638823948119,
      "escalation_bias": 0.09040485329075185,
      "patience_bias": -0.0886936372745469,
      "hardness_bias": 0.10653981802930847,
      "samples": 214
    },
    "T": {
      "pressure_gain": 1.6743825366113378,
      "difficulty_bias": 0.25372869947854493,
      "escalation_bias": 0.21810525910103937,
      "patience_bias": -0.21527069834182577,
      "hardness_bias": 0.25723612293434933,
      "samples": 214
    },
    "N": {
      "pressure_gain": 1.5969494564783513,
      "difficulty_bias": 0.2287781954326675,
      "escalation_bias": 0.19665424887782929,
      "patience_bias": -0.19307236256095048,
      "hardness_bias": 0.23169997168574877,
      "samples": 214
    },
    "B": {
      "pressure_gain": 1.8948117479771922,
      "difficulty_bias": 0.32968068703967146,
      "escalation_bias": 0.2825845533124879,
      "patience_bias": -0.28257950312186453,
      "hardness_bias": 0.32968388654813374,
      "samples": 214
    },
    "A": {
      "pressure_gain": 1.5778412817439473,
      "difficulty_bias": 0.2129924480229116,
      "escalation_bias": 0.18256906254365995,
      "patience_bias": -0.18252565637359586,
      "hardness_bias": 0.21301665904037795,
      "samples": 214
    }
  },
  "dimensions": {
    "coherence_maintenance": {
      "pressure_gain": 1.95,
      "difficulty_bias": 0.35,
      "escalation_bias": 0.3,
      "patience_bias": -0.3,
      "hardness_bias": 0.35,
      "samples": 214
    },
    "context_carryover": {
      "pressure_gain": 1.95,
      "difficulty_bias": 0.35,
      "escalation_bias": 0.3,
      "patience_bias": -0.3,
      "hardness_bias": 0.35,
      "samples": 214
    },
    "ambiguity_handling": {
      "pressure_gain": 1.6498196512857257,
      "difficulty_bias": 0.2394072399473732,
      "escalation_bias": 0.20520620566917705,
      "patience_bias": -0.20520620566917705,
      "hardness_bias": 0.2394072399473732,
      "samples": 214
    },
    "contradiction_handling": {
      "pressure_gain": 1.95,
      "difficulty_bias": 0.35,
      "escalation_bias": 0.3,
      "patience_bias": -0.3,
      "hardness_bias": 0.35,
      "samples": 214
    },
    "implied_intent_inference": {
      "pressure_gain": 1.6498196512857257,
      "difficulty_bias": 0.2394072399473732,
      "escalation_bias": 0.20520620566917705,
      "patience_bias": -0.20520620566917705,
      "hardness_bias": 0.2394072399473732,
      "samples": 214
    },
    "misunderstanding_repair": {
      "pressure_gain": 1.0,
      "difficulty_bias": 0.0,
      "escalation_bias": 0.0,
      "patience_bias": 0.0,
      "hardness_bias": 0.0,
      "samples": 214
    },
    "uncertainty_signaling": {
      "pressure_gain": 1.95,
      "difficulty_bias": 0.35,
      "escalation_bias": 0.3,
      "patience_bias": -0.3,
      "hardness_bias": 0.35,
      "samples": 214
    },
    "boundary_calibration": {
      "pressure_gain": 1.95,
      "difficulty_bias": 0.35,
      "escalation_bias": 0.3,
      "patience_bias": -0.3,
      "hardness_bias": 0.35,
      "samples": 214
    },
    "framing_selection": {
      "pressure_gain": 1.6498196512857257,
      "difficulty_bias": 0.2394072399473732,
      "escalation_bias": 0.20520620566917705,
      "patience_bias": -0.20520620566917705,
      "hardness_bias": 0.2394072399473732,
      "samples": 214
    },
    "emotional_calibration": {
      "pressure_gain": 1.0031774546044772,
      "difficulty_bias": 0.0012531984786267648,
      "escalation_bias": 0.0010841294189026381,
      "patience_bias": -0.0008157063600122496,
      "hardness_bias": 0.0014222675383508956,
      "samples": 214
    },
    "semantic_precision": {
      "pressure_gain": 1.0475392210193957,
      "difficulty_bias": 0.01916825977506306,
      "escalation_bias": 0.016629444179199447,
      "patience_bias": -0.012948363591489962,
      "hardness_bias": 0.021707075370926674,
      "samples": 214
    },
    "adaptive_strategy_selection": {
      "pressure_gain": 1.95,
      "difficulty_bias": 0.35,
      "escalation_bias": 0.3,
      "patience_bias": -0.3,
      "hardness_bias": 0.35,
      "samples": 214
    },
    "compression_elaboration_fit": {
      "pressure_gain": 1.0419050941937396,
      "difficulty_bias": 0.01837059606055936,
      "escalation_bias": 0.01609991196171388,
      "patience_bias": -0.014034351132663932,
      "hardness_bias": 0.020641280159404838,
      "samples": 214
    },
    "perspective_integration": {
      "pressure_gain": 1.95,
      "difficulty_bias": 0.35,
      "escalation_bias": 0.3,
      "patience_bias": -0.3,
      "hardness_bias": 0.35,
      "samples": 214
    },
    "multi_turn_stability": {
      "pressure_gain": 1.1264877251681116,
      "difficulty_bias": 0.05629935922928756,
      "escalation_bias": 0.049426585683387154,
      "patience_bias": -0.04387098299957065,
      "hardness_bias": 0.06317213277518806,
      "samples": 214
    }
  },
  "last_episode_id": "episode_4058b5e95775",
  "last_update_ts": 1783504938.4399614
}