{
  "version": 1,
  "samples": 360,
  "global": {
    "pressure_gain_bias": 0.4,
    "difficulty_bias": 0.35,
    "escalation_bias": 0.3,
    "patience_bias": -0.3,
    "hardness_bias": 0.35,
    "samples": 360
  },
  "axis": {
    "X": {
      "pressure_gain": 1.3168649167637285,
      "difficulty_bias": 0.11679215006971869,
      "escalation_bias": 0.10011241788671534,
      "patience_bias": -0.10005931869642468,
      "hardness_bias": 0.11683381275620387,
      "samples": 360
    },
    "T": {
      "pressure_gain": 1.4837164886609044,
      "difficulty_bias": 0.18551862124093615,
      "escalation_bias": 0.1598974416450851,
      "patience_bias": -0.15679655395975392,
      "hardness_bias": 0.19015420199664826,
      "samples": 360
    },
    "N": {
      "pressure_gain": 1.4189154958358836,
      "difficulty_bias": 0.1608147647432623,
      "escalation_bias": 0.13862263671674926,
      "patience_bias": -0.13587880306576097,
      "hardness_bias": 0.16492161567557492,
      "samples": 360
    },
    "B": {
      "pressure_gain": 1.640320298362275,
      "difficulty_bias": 0.23590747834675074,
      "escalation_bias": 0.20220641001173167,
      "patience_bias": -0.20220641001067796,
      "hardness_bias": 0.23590747834741826,
      "samples": 360
    },
    "A": {
      "pressure_gain": 1.3900548211998607,
      "difficulty_bias": 0.14790352097482334,
      "escalation_bias": 0.12728100434671596,
      "patience_bias": -0.12550804995938292,
      "hardness_bias": 0.15056293480096297,
      "samples": 360
    }
  },
  "dimensions": {
    "coherence_maintenance": {
      "pressure_gain": 1.95,
      "difficulty_bias": 0.35,
      "escalation_bias": 0.3,
      "patience_bias": -0.3,
      "hardness_bias": 0.35,
      "samples": 360
    },
    "context_carryover": {
      "pressure_gain": 1.4177669739967682,
      "difficulty_bias": 0.17329283583314437,
      "escalation_bias": 0.15087446285921796,
      "patience_bias": -0.14269235035138822,
      "hardness_bias": 0.1855660045948892,
      "samples": 360
    },
    "ambiguity_handling": {
      "pressure_gain": 1.0161237751341474,
      "difficulty_bias": 0.005940338207319029,
      "escalation_bias": 0.005091718463416311,
      "patience_bias": -0.005091718463416311,
      "hardness_bias": 0.005940338207319029,
      "samples": 360
    },
    "contradiction_handling": {
      "pressure_gain": 1.95,
      "difficulty_bias": 0.35,
      "escalation_bias": 0.3,
      "patience_bias": -0.3,
      "hardness_bias": 0.35,
      "samples": 360
    },
    "implied_intent_inference": {
      "pressure_gain": 1.95,
      "difficulty_bias": 0.35,
      "escalation_bias": 0.3,
      "patience_bias": -0.3,
      "hardness_bias": 0.35,
      "samples": 360
    },
    "misunderstanding_repair": {
      "pressure_gain": 1.0,
      "difficulty_bias": 0.0,
      "escalation_bias": 0.0,
      "patience_bias": 0.0,
      "hardness_bias": 0.0,
      "samples": 360
    },
    "uncertainty_signaling": {
      "pressure_gain": 1.25384709596875,
      "difficulty_bias": 0.10993570615183919,
      "escalation_bias": 0.09621059730540929,
      "patience_bias": -0.08928062519199449,
      "hardness_bias": 0.12033066432196153,
      "samples": 360
    },
    "boundary_calibration": {
      "pressure_gain": 1.95,
      "difficulty_bias": 0.35,
      "escalation_bias": 0.3,
      "patience_bias": -0.3,
      "hardness_bias": 0.35,
      "samples": 360
    },
    "framing_selection": {
      "pressure_gain": 1.95,
      "difficulty_bias": 0.35,
      "escalation_bias": 0.3,
      "patience_bias": -0.3,
      "hardness_bias": 0.35,
      "samples": 360
    },
    "emotional_calibration": {
      "pressure_gain": 1.0000788412037693,
      "difficulty_bias": 3.10952283881519e-05,
      "escalation_bias": 2.6900169811913754e-05,
      "patience_bias": -2.0239871013921962e-05,
      "hardness_bias": 3.529028696439018e-05,
      "samples": 360
    },
    "semantic_precision": {
      "pressure_gain": 1.0011795760689157,
      "difficulty_bias": 0.00047561613397595635,
      "escalation_bias": 0.00041262128349122833,
      "patience_bias": -0.00032128376310463575,
      "hardness_bias": 0.0005386109844606832,
      "samples": 360
    },
    "adaptive_strategy_selection": {
      "pressure_gain": 1.1832125513414138,
      "difficulty_bias": 0.078227662906011,
      "escalation_bias": 0.06834649033736996,
      "patience_bias": -0.06381676287460816,
      "hardness_bias": 0.08502225410015378,
      "samples": 360
    },
    "compression_elaboration_fit": {
      "pressure_gain": 1.0010397782129503,
      "difficulty_bias": 0.0004558239495754341,
      "escalation_bias": 0.0003994821634536411,
      "patience_bias": -0.0003482300379329419,
      "hardness_bias": 0.0005121657356972265,
      "samples": 360
    },
    "perspective_integration": {
      "pressure_gain": 1.95,
      "difficulty_bias": 0.35,
      "escalation_bias": 0.3,
      "patience_bias": -0.3,
      "hardness_bias": 0.35,
      "samples": 360
    },
    "multi_turn_stability": {
      "pressure_gain": 1.0031385010191738,
      "difficulty_bias": 0.0013969386838544753,
      "escalation_bias": 0.001226406667805428,
      "patience_bias": -0.0010885572072184642,
      "hardness_bias": 0.001567470699903525,
      "samples": 360
    }
  },
  "last_episode_id": "episode_32ab860bcab3",
  "last_update_ts": 1784379676.9042206
}