{
  "version": 1,
  "samples": 186,
  "global": {
    "pressure_gain_bias": 0.4,
    "difficulty_bias": 0.35,
    "escalation_bias": 0.3,
    "patience_bias": -0.3,
    "hardness_bias": 0.35,
    "samples": 186
  },
  "axis": {
    "X": {
      "pressure_gain": 1.360263758833707,
      "difficulty_bias": 0.134266807092599,
      "escalation_bias": 0.11527096908221628,
      "patience_bias": -0.11179822449447603,
      "hardness_bias": 0.13665114956274907,
      "samples": 186
    },
    "T": {
      "pressure_gain": 1.6886336706744234,
      "difficulty_bias": 0.261468707556344,
      "escalation_bias": 0.2250470311686042,
      "patience_bias": -0.22058087885317618,
      "hardness_bias": 0.2669327350286744,
      "samples": 186
    },
    "N": {
      "pressure_gain": 1.5484878847692574,
      "difficulty_bias": 0.21313924053012714,
      "escalation_bias": 0.18325284173387058,
      "patience_bias": -0.17751046600790651,
      "hardness_bias": 0.2163895917019486,
      "samples": 186
    },
    "B": {
      "pressure_gain": 1.946620461604466,
      "difficulty_bias": 0.34884350090203925,
      "escalation_bias": 0.29901762497092643,
      "patience_bias": -0.29898272853179,
      "hardness_bias": 0.34889034735559293,
      "samples": 186
    },
    "A": {
      "pressure_gain": 1.6201904474998183,
      "difficulty_bias": 0.23046991659572935,
      "escalation_bias": 0.1976241201828951,
      "patience_bias": -0.19679472558311445,
      "hardness_bias": 0.23093253486202892,
      "samples": 186
    }
  },
  "dimensions": {
    "coherence_maintenance": {
      "pressure_gain": 1.95,
      "difficulty_bias": 0.35,
      "escalation_bias": 0.3,
      "patience_bias": -0.3,
      "hardness_bias": 0.35,
      "samples": 186
    },
    "context_carryover": {
      "pressure_gain": 1.8575461476523598,
      "difficulty_bias": 0.3262758254082737,
      "escalation_bias": 0.2809120893924293,
      "patience_bias": -0.2765472527437477,
      "hardness_bias": 0.33271875,
      "samples": 186
    },
    "ambiguity_handling": {
      "pressure_gain": 1.95,
      "difficulty_bias": 0.35,
      "escalation_bias": 0.3,
      "patience_bias": -0.3,
      "hardness_bias": 0.35,
      "samples": 186
    },
    "contradiction_handling": {
      "pressure_gain": 1.95,
      "difficulty_bias": 0.35,
      "escalation_bias": 0.3,
      "patience_bias": -0.3,
      "hardness_bias": 0.35,
      "samples": 186
    },
    "implied_intent_inference": {
      "pressure_gain": 1.95,
      "difficulty_bias": 0.35,
      "escalation_bias": 0.3,
      "patience_bias": -0.3,
      "hardness_bias": 0.35,
      "samples": 186
    },
    "misunderstanding_repair": {
      "pressure_gain": 1.0,
      "difficulty_bias": 0.0,
      "escalation_bias": 0.0,
      "patience_bias": 0.0,
      "hardness_bias": 0.0,
      "samples": 186
    },
    "uncertainty_signaling": {
      "pressure_gain": 1.95,
      "difficulty_bias": 0.35,
      "escalation_bias": 0.3,
      "patience_bias": -0.3,
      "hardness_bias": 0.35,
      "samples": 186
    },
    "boundary_calibration": {
      "pressure_gain": 1.6375060145380778,
      "difficulty_bias": 0.26863398867049687,
      "escalation_bias": 0.2322559109780791,
      "patience_bias": -0.21726505531374338,
      "hardness_bias": 0.27912457228817666,
      "samples": 186
    },
    "framing_selection": {
      "pressure_gain": 1.95,
      "difficulty_bias": 0.35,
      "escalation_bias": 0.3,
      "patience_bias": -0.3,
      "hardness_bias": 0.35,
      "samples": 186
    },
    "emotional_calibration": {
      "pressure_gain": 1.0064558007064788,
      "difficulty_bias": 0.002546188893548457,
      "escalation_bias": 0.0022026824422926522,
      "patience_bias": -0.0016573132745388494,
      "hardness_bias": 0.002889695344804268,
      "samples": 186
    },
    "semantic_precision": {
      "pressure_gain": 1.0965879217314196,
      "difficulty_bias": 0.03894515591927467,
      "escalation_bias": 0.03378691148856088,
      "patience_bias": -0.026307867531411157,
      "hardness_bias": 0.044103400349988525,
      "samples": 186
    },
    "adaptive_strategy_selection": {
      "pressure_gain": 1.95,
      "difficulty_bias": 0.35,
      "escalation_bias": 0.3,
      "patience_bias": -0.3,
      "hardness_bias": 0.35,
      "samples": 186
    },
    "compression_elaboration_fit": {
      "pressure_gain": 1.085140771584821,
      "difficulty_bias": 0.03732450083127819,
      "escalation_bias": 0.03271103318681312,
      "patience_bias": -0.028514325217905607,
      "hardness_bias": 0.041937968475743284,
      "samples": 186
    },
    "perspective_integration": {
      "pressure_gain": 1.95,
      "difficulty_bias": 0.35,
      "escalation_bias": 0.3,
      "patience_bias": -0.3,
      "hardness_bias": 0.35,
      "samples": 186
    },
    "multi_turn_stability": {
      "pressure_gain": 1.2569917267583754,
      "difficulty_bias": 0.11438635270335319,
      "escalation_bias": 0.10042257923179516,
      "patience_bias": -0.08913497069112566,
      "hardness_bias": 0.12835012617491134,
      "samples": 186
    }
  },
  "last_episode_id": "episode_73a395431569",
  "last_update_ts": 1783278625.699785
}