{
  "version": 1,
  "samples": 383,
  "global": {
    "pressure_gain_bias": 0.4,
    "difficulty_bias": 0.35,
    "escalation_bias": 0.3,
    "patience_bias": -0.3,
    "hardness_bias": 0.35,
    "samples": 383
  },
  "axis": {
    "X": {
      "pressure_gain": 1.316940522747427,
      "difficulty_bias": 0.11678098342278492,
      "escalation_bias": 0.10009947508228079,
      "patience_bias": -0.10007481100677282,
      "hardness_bias": 0.11679835964611662,
      "samples": 383
    },
    "T": {
      "pressure_gain": 1.4692069770315448,
      "difficulty_bias": 0.18179577112472356,
      "escalation_bias": 0.1569022187547814,
      "patience_bias": -0.15312282898401955,
      "hardness_bias": 0.18745591427853903,
      "samples": 383
    },
    "N": {
      "pressure_gain": 1.3983299621588163,
      "difficulty_bias": 0.1530044341772501,
      "escalation_bias": 0.131900781756842,
      "patience_bias": -0.12925637701483078,
      "hardness_bias": 0.15696607015020675,
      "samples": 383
    },
    "B": {
      "pressure_gain": 1.6480134710261978,
      "difficulty_bias": 0.2397133819572646,
      "escalation_bias": 0.20558581920148541,
      "patience_bias": -0.2051755978680587,
      "hardness_bias": 0.2403287139573238,
      "samples": 383
    },
    "A": {
      "pressure_gain": 1.3744088429094934,
      "difficulty_bias": 0.14177151183610903,
      "escalation_bias": 0.12198064060991189,
      "patience_bias": -0.12036293379757661,
      "hardness_bias": 0.14419807048100972,
      "samples": 383
    }
  },
  "dimensions": {
    "coherence_maintenance": {
      "pressure_gain": 1.95,
      "difficulty_bias": 0.35,
      "escalation_bias": 0.3,
      "patience_bias": -0.3,
      "hardness_bias": 0.35,
      "samples": 383
    },
    "context_carryover": {
      "pressure_gain": 1.5778821293338487,
      "difficulty_bias": 0.25187878380191336,
      "escalation_bias": 0.2205978273025885,
      "patience_bias": -0.20414178314926876,
      "hardness_bias": 0.27656285003189324,
      "samples": 383
    },
    "ambiguity_handling": {
      "pressure_gain": 1.1595667698789476,
      "difficulty_bias": 0.07167196785013949,
      "escalation_bias": 0.06298740101440528,
      "patience_bias": -0.057547401014405274,
      "hardness_bias": 0.07983196785013949,
      "samples": 383
    },
    "contradiction_handling": {
      "pressure_gain": 1.95,
      "difficulty_bias": 0.35,
      "escalation_bias": 0.3,
      "patience_bias": -0.3,
      "hardness_bias": 0.35,
      "samples": 383
    },
    "implied_intent_inference": {
      "pressure_gain": 1.9262499999999998,
      "difficulty_bias": 0.34125,
      "escalation_bias": 0.2925,
      "patience_bias": -0.2925,
      "hardness_bias": 0.34125,
      "samples": 383
    },
    "misunderstanding_repair": {
      "pressure_gain": 1.0,
      "difficulty_bias": 0.0,
      "escalation_bias": 0.0,
      "patience_bias": 0.0,
      "hardness_bias": 0.0,
      "samples": 383
    },
    "uncertainty_signaling": {
      "pressure_gain": 1.3796644924316068,
      "difficulty_bias": 0.16903135305017264,
      "escalation_bias": 0.1484011233187639,
      "patience_bias": -0.13609125085360818,
      "hardness_bias": 0.18749616174790634,
      "samples": 383
    },
    "boundary_calibration": {
      "pressure_gain": 1.8585034960937494,
      "difficulty_bias": 0.31629076171875,
      "escalation_bias": 0.2711063671875,
      "patience_bias": -0.2711063671875,
      "hardness_bias": 0.31629076171875,
      "samples": 383
    },
    "framing_selection": {
      "pressure_gain": 1.95,
      "difficulty_bias": 0.35,
      "escalation_bias": 0.3,
      "patience_bias": -0.3,
      "hardness_bias": 0.35,
      "samples": 383
    },
    "emotional_calibration": {
      "pressure_gain": 1.0000440412267588,
      "difficulty_bias": 1.7370003743036024e-05,
      "escalation_bias": 1.50266158038345e-05,
      "patience_bias": -1.1306128094056605e-05,
      "hardness_bias": 1.9713391682237617e-05,
      "samples": 383
    },
    "semantic_precision": {
      "pressure_gain": 1.000658919126641,
      "difficulty_bias": 0.0002656823717222966,
      "escalation_bias": 0.0002304930244998576,
      "patience_bias": -0.00017947127122020472,
      "hardness_bias": 0.000300871718944735,
      "samples": 383
    },
    "adaptive_strategy_selection": {
      "pressure_gain": 1.2323503473092423,
      "difficulty_bias": 0.10241165188672467,
      "escalation_bias": 0.08980915529771981,
      "patience_bias": -0.08271206741587446,
      "hardness_bias": 0.11305728370949276,
      "samples": 383
    },
    "compression_elaboration_fit": {
      "pressure_gain": 1.0005808271039334,
      "difficulty_bias": 0.0002546263243818975,
      "escalation_bias": 0.00022315342366515038,
      "patience_bias": -0.00019452364159632646,
      "hardness_bias": 0.0002860992250986443,
      "samples": 383
    },
    "perspective_integration": {
      "pressure_gain": 1.95,
      "difficulty_bias": 0.35,
      "escalation_bias": 0.3,
      "patience_bias": -0.3,
      "hardness_bias": 0.35,
      "samples": 383
    },
    "multi_turn_stability": {
      "pressure_gain": 1.0987513174077113,
      "difficulty_bias": 0.0448686329092895,
      "escalation_bias": 0.03948260473762911,
      "patience_bias": -0.035876984101975005,
      "hardness_bias": 0.05025466108094991,
      "samples": 383
    }
  },
  "last_episode_id": "episode_9be248375e43",
  "last_update_ts": 1784644980.8058825
}