{
  "version": 1,
  "samples": 399,
  "global": {
    "pressure_gain_bias": 0.4,
    "difficulty_bias": 0.35,
    "escalation_bias": 0.3,
    "patience_bias": -0.3,
    "hardness_bias": 0.35,
    "samples": 399
  },
  "axis": {
    "X": {
      "pressure_gain": 1.3168641214193106,
      "difficulty_bias": 0.11674692316226204,
      "escalation_bias": 0.10006967317667219,
      "patience_bias": -0.10005367810240359,
      "hardness_bias": 0.11675797613832346,
      "samples": 399
    },
    "T": {
      "pressure_gain": 1.6814519508976087,
      "difficulty_bias": 0.26411297046257154,
      "escalation_bias": 0.2277360644170345,
      "patience_bias": -0.22283240153204797,
      "hardness_bias": 0.2710782471052438,
      "samples": 399
    },
    "N": {
      "pressure_gain": 1.4971418938181191,
      "difficulty_bias": 0.19542623143229063,
      "escalation_bias": 0.1685716654107439,
      "patience_bias": -0.16454907598462604,
      "hardness_bias": 0.20037572309643661,
      "samples": 399
    },
    "B": {
      "pressure_gain": 1.7716882104638636,
      "difficulty_bias": 0.2966064423465151,
      "escalation_bias": 0.25570696918521096,
      "patience_bias": -0.25052449135516014,
      "hardness_bias": 0.3038814563604052,
      "samples": 399
    },
    "A": {
      "pressure_gain": 1.4189021348989843,
      "difficulty_bias": 0.1627173128592578,
      "escalation_bias": 0.1404712480226568,
      "patience_bias": -0.1369738184866707,
      "hardness_bias": 0.16796345687164538,
      "samples": 399
    }
  },
  "dimensions": {
    "coherence_maintenance": {
      "pressure_gain": 1.95,
      "difficulty_bias": 0.35,
      "escalation_bias": 0.3,
      "patience_bias": -0.3,
      "hardness_bias": 0.35,
      "samples": 399
    },
    "context_carryover": {
      "pressure_gain": 1.95,
      "difficulty_bias": 0.35,
      "escalation_bias": 0.3,
      "patience_bias": -0.3,
      "hardness_bias": 0.35,
      "samples": 399
    },
    "ambiguity_handling": {
      "pressure_gain": 1.7128376006319752,
      "difficulty_bias": 0.32318016865388616,
      "escalation_bias": 0.2843167159890452,
      "patience_bias": -0.25874871598904514,
      "hardness_bias": 0.35,
      "samples": 399
    },
    "contradiction_handling": {
      "pressure_gain": 1.95,
      "difficulty_bias": 0.35,
      "escalation_bias": 0.3,
      "patience_bias": -0.3,
      "hardness_bias": 0.35,
      "samples": 399
    },
    "implied_intent_inference": {
      "pressure_gain": 1.95,
      "difficulty_bias": 0.35,
      "escalation_bias": 0.3,
      "patience_bias": -0.3,
      "hardness_bias": 0.35,
      "samples": 399
    },
    "misunderstanding_repair": {
      "pressure_gain": 1.0,
      "difficulty_bias": 0.0,
      "escalation_bias": 0.0,
      "patience_bias": 0.0,
      "hardness_bias": 0.0,
      "samples": 399
    },
    "uncertainty_signaling": {
      "pressure_gain": 1.95,
      "difficulty_bias": 0.35,
      "escalation_bias": 0.3,
      "patience_bias": -0.3,
      "hardness_bias": 0.35,
      "samples": 399
    },
    "boundary_calibration": {
      "pressure_gain": 1.7064214990513469,
      "difficulty_bias": 0.26789864067854163,
      "escalation_bias": 0.230548826483403,
      "patience_bias": -0.22732385582711745,
      "hardness_bias": 0.27273609666297005,
      "samples": 399
    },
    "framing_selection": {
      "pressure_gain": 1.95,
      "difficulty_bias": 0.35,
      "escalation_bias": 0.3,
      "patience_bias": -0.3,
      "hardness_bias": 0.35,
      "samples": 399
    },
    "emotional_calibration": {
      "pressure_gain": 1.000029371982367,
      "difficulty_bias": 1.158440582184543e-05,
      "escalation_bias": 1.0021553142748445e-05,
      "patience_bias": -7.540284852720882e-06,
      "hardness_bias": 1.3147258500942467e-05,
      "samples": 399
    },
    "semantic_precision": {
      "pressure_gain": 1.0004394464549173,
      "difficulty_bias": 0.00017718893209654112,
      "escalation_bias": 0.00015372044672019243,
      "patience_bias": -0.00011969301042959646,
      "hardness_bias": 0.00020065741747288935,
      "samples": 399
    },
    "adaptive_strategy_selection": {
      "pressure_gain": 1.3901177268698102,
      "difficulty_bias": 0.17464415197712654,
      "escalation_bias": 0.15342460518342074,
      "patience_bias": -0.1403709429728275,
      "hardness_bias": 0.1942246452930165,
      "samples": 399
    },
    "compression_elaboration_fit": {
      "pressure_gain": 1.0003873653099804,
      "difficulty_bias": 0.00016981543114216936,
      "escalation_bias": 0.0001488255188953385,
      "patience_bias": -0.00012973173981603245,
      "hardness_bias": 0.00019080534338899993,
      "samples": 399
    },
    "perspective_integration": {
      "pressure_gain": 1.9404937499999997,
      "difficulty_bias": 0.34971875,
      "escalation_bias": 0.3,
      "patience_bias": -0.2987875,
      "hardness_bias": 0.35,
      "samples": 399
    },
    "multi_turn_stability": {
      "pressure_gain": 1.4639724585318126,
      "difficulty_bias": 0.21087824251115392,
      "escalation_bias": 0.1855710611872698,
      "patience_bias": -0.1686846717834666,
      "hardness_bias": 0.2361854238350381,
      "samples": 399
    }
  },
  "last_episode_id": "episode_00e9f5c21209",
  "last_update_ts": 1784765262.9895816
}