{
  "version": 1,
  "samples": 348,
  "global": {
    "pressure_gain_bias": 0.4,
    "difficulty_bias": 0.35,
    "escalation_bias": 0.3,
    "patience_bias": -0.3,
    "hardness_bias": 0.35,
    "samples": 348
  },
  "axis": {
    "X": {
      "pressure_gain": 1.3161767245512725,
      "difficulty_bias": 0.11663104390355555,
      "escalation_bias": 0.09998175380563962,
      "patience_bias": -0.09988656206047092,
      "hardness_bias": 0.11671492151135021,
      "samples": 348
    },
    "T": {
      "pressure_gain": 1.509487893678834,
      "difficulty_bias": 0.19499690494463023,
      "escalation_bias": 0.16801961729892664,
      "patience_bias": -0.16492038862256406,
      "hardness_bias": 0.19962430523162275,
      "samples": 348
    },
    "N": {
      "pressure_gain": 1.4372881732635094,
      "difficulty_bias": 0.16842674242891656,
      "escalation_bias": 0.14524889563172483,
      "patience_bias": -0.14214592883232863,
      "hardness_bias": 0.17306913264384002,
      "samples": 348
    },
    "B": {
      "pressure_gain": 1.6428007776716411,
      "difficulty_bias": 0.23682133915193618,
      "escalation_bias": 0.20298971927390622,
      "patience_bias": -0.20298971927017537,
      "hardness_bias": 0.23682133915429981,
      "samples": 348
    },
    "A": {
      "pressure_gain": 1.402986060161369,
      "difficulty_bias": 0.15317525471639837,
      "escalation_bias": 0.13186086192504956,
      "patience_bias": -0.12987360190711703,
      "hardness_bias": 0.1561560818785549,
      "samples": 348
    }
  },
  "dimensions": {
    "coherence_maintenance": {
      "pressure_gain": 1.95,
      "difficulty_bias": 0.35,
      "escalation_bias": 0.3,
      "patience_bias": -0.3,
      "hardness_bias": 0.35,
      "samples": 348
    },
    "context_carryover": {
      "pressure_gain": 1.566081179394539,
      "difficulty_bias": 0.23481466701532322,
      "escalation_bias": 0.20443739977522526,
      "patience_bias": -0.19335050160790646,
      "hardness_bias": 0.25144501426630156,
      "samples": 348
    },
    "ambiguity_handling": {
      "pressure_gain": 1.0218479827567737,
      "difficulty_bias": 0.008049256805128883,
      "escalation_bias": 0.006899362975824757,
      "patience_bias": -0.006899362975824757,
      "hardness_bias": 0.008049256805128883,
      "samples": 348
    },
    "contradiction_handling": {
      "pressure_gain": 1.95,
      "difficulty_bias": 0.35,
      "escalation_bias": 0.3,
      "patience_bias": -0.3,
      "hardness_bias": 0.35,
      "samples": 348
    },
    "implied_intent_inference": {
      "pressure_gain": 1.95,
      "difficulty_bias": 0.35,
      "escalation_bias": 0.3,
      "patience_bias": -0.3,
      "hardness_bias": 0.35,
      "samples": 348
    },
    "misunderstanding_repair": {
      "pressure_gain": 1.0,
      "difficulty_bias": 0.0,
      "escalation_bias": 0.0,
      "patience_bias": 0.0,
      "hardness_bias": 0.0,
      "samples": 348
    },
    "uncertainty_signaling": {
      "pressure_gain": 1.3439670256772875,
      "difficulty_bias": 0.14896470537301462,
      "escalation_bias": 0.13036695522351252,
      "patience_bias": -0.12097672806026276,
      "hardness_bias": 0.16305004611788942,
      "samples": 348
    },
    "boundary_calibration": {
      "pressure_gain": 1.95,
      "difficulty_bias": 0.35,
      "escalation_bias": 0.3,
      "patience_bias": -0.3,
      "hardness_bias": 0.35,
      "samples": 348
    },
    "framing_selection": {
      "pressure_gain": 1.95,
      "difficulty_bias": 0.35,
      "escalation_bias": 0.3,
      "patience_bias": -0.3,
      "hardness_bias": 0.35,
      "samples": 348
    },
    "emotional_calibration": {
      "pressure_gain": 1.0001068311388714,
      "difficulty_bias": 4.213455025203525e-05,
      "escalation_bias": 3.645017629650942e-05,
      "patience_bias": -2.742536094881183e-05,
      "hardness_bias": 4.781892420756122e-05,
      "samples": 348
    },
    "semantic_precision": {
      "pressure_gain": 1.0015983451393715,
      "difficulty_bias": 0.0006444677507280947,
      "escalation_bias": 0.0005591086834063842,
      "patience_bias": -0.00043534482823908983,
      "hardness_bias": 0.0007298268180498038,
      "samples": 348
    },
    "adaptive_strategy_selection": {
      "pressure_gain": 1.2482560460703933,
      "difficulty_bias": 0.10599978082388005,
      "escalation_bias": 0.09261062809133169,
      "patience_bias": -0.08647277224331089,
      "hardness_bias": 0.11520656459591135,
      "samples": 348
    },
    "compression_elaboration_fit": {
      "pressure_gain": 1.0014089167256686,
      "difficulty_bias": 0.0006176490125663546,
      "escalation_bias": 0.0005413049578128402,
      "patience_bias": -0.000471857477597569,
      "hardness_bias": 0.0006939930673198685,
      "samples": 348
    },
    "perspective_integration": {
      "pressure_gain": 1.95,
      "difficulty_bias": 0.35,
      "escalation_bias": 0.3,
      "patience_bias": -0.3,
      "hardness_bias": 0.35,
      "samples": 348
    },
    "multi_turn_stability": {
      "pressure_gain": 1.00425272094026,
      "difficulty_bias": 0.0018928750880731694,
      "escalation_bias": 0.0016618013776598622,
      "patience_bias": -0.0014750130720132485,
      "hardness_bias": 0.0021239487984864797,
      "samples": 348
    }
  },
  "last_episode_id": "episode_376e34cda5e2",
  "last_update_ts": 1784317578.3540983
}