{
  "version": 1,
  "samples": 377,
  "global": {
    "pressure_gain_bias": 0.4,
    "difficulty_bias": 0.35,
    "escalation_bias": 0.3,
    "patience_bias": -0.3,
    "hardness_bias": 0.35,
    "samples": 377
  },
  "axis": {
    "X": {
      "pressure_gain": 1.316963375144311,
      "difficulty_bias": 0.11679375282426842,
      "escalation_bias": 0.10011083050970342,
      "patience_bias": -0.10008144393173964,
      "hardness_bias": 0.11681477767419338,
      "samples": 377
    },
    "T": {
      "pressure_gain": 1.449344191197118,
      "difficulty_bias": 0.17223561042937957,
      "escalation_bias": 0.14843729398075717,
      "patience_bias": -0.14560338412390836,
      "hardness_bias": 0.176476255477247,
      "samples": 377
    },
    "N": {
      "pressure_gain": 1.39582393825797,
      "difficulty_bias": 0.15108939966714796,
      "escalation_bias": 0.13013968240092716,
      "patience_bias": -0.12791320633552397,
      "hardness_bias": 0.15442332707296313,
      "samples": 377
    },
    "B": {
      "pressure_gain": 1.6378765895584597,
      "difficulty_bias": 0.23500716457462892,
      "escalation_bias": 0.2014347124925776,
      "patience_bias": -0.20143471249240189,
      "hardness_bias": 0.2350071645747403,
      "samples": 377
    },
    "A": {
      "pressure_gain": 1.3730183009574097,
      "difficulty_bias": 0.14086795985526868,
      "escalation_bias": 0.12115896927910424,
      "patience_bias": -0.11970645601810846,
      "hardness_bias": 0.14304672678575206,
      "samples": 377
    }
  },
  "dimensions": {
    "coherence_maintenance": {
      "pressure_gain": 1.95,
      "difficulty_bias": 0.35,
      "escalation_bias": 0.3,
      "patience_bias": -0.3,
      "hardness_bias": 0.35,
      "samples": 377
    },
    "context_carryover": {
      "pressure_gain": 1.3338432858857543,
      "difficulty_bias": 0.14067524418133864,
      "escalation_bias": 0.12271164827127513,
      "patience_bias": -0.11524661186582788,
      "hardness_bias": 0.1518727987895097,
      "samples": 377
    },
    "ambiguity_handling": {
      "pressure_gain": 1.0104844390574066,
      "difficulty_bias": 0.003862688073782492,
      "escalation_bias": 0.003310875491813564,
      "patience_bias": -0.003310875491813564,
      "hardness_bias": 0.003862688073782492,
      "samples": 377
    },
    "contradiction_handling": {
      "pressure_gain": 1.95,
      "difficulty_bias": 0.35,
      "escalation_bias": 0.3,
      "patience_bias": -0.3,
      "hardness_bias": 0.35,
      "samples": 377
    },
    "implied_intent_inference": {
      "pressure_gain": 1.95,
      "difficulty_bias": 0.35,
      "escalation_bias": 0.3,
      "patience_bias": -0.3,
      "hardness_bias": 0.35,
      "samples": 377
    },
    "misunderstanding_repair": {
      "pressure_gain": 1.0,
      "difficulty_bias": 0.0,
      "escalation_bias": 0.0,
      "patience_bias": 0.0,
      "hardness_bias": 0.0,
      "samples": 377
    },
    "uncertainty_signaling": {
      "pressure_gain": 1.1976046076221605,
      "difficulty_bias": 0.08618600312838218,
      "escalation_bias": 0.07548833160898862,
      "patience_bias": -0.06983718036267504,
      "hardness_bias": 0.09466272999785263,
      "samples": 377
    },
    "boundary_calibration": {
      "pressure_gain": 1.95,
      "difficulty_bias": 0.35,
      "escalation_bias": 0.3,
      "patience_bias": -0.3,
      "hardness_bias": 0.35,
      "samples": 377
    },
    "framing_selection": {
      "pressure_gain": 1.95,
      "difficulty_bias": 0.35,
      "escalation_bias": 0.3,
      "patience_bias": -0.3,
      "hardness_bias": 0.35,
      "samples": 377
    },
    "emotional_calibration": {
      "pressure_gain": 1.0000512662691738,
      "difficulty_bias": 2.0219584079988813e-05,
      "escalation_bias": 1.749175913707748e-05,
      "patience_bias": -1.3160918730864038e-05,
      "hardness_bias": 2.294740902290023e-05,
      "samples": 377
    },
    "semantic_precision": {
      "pressure_gain": 1.0007670159937865,
      "difficulty_bias": 0.00030926804237238893,
      "escalation_bias": 0.00026830581948459665,
      "patience_bias": -0.0002089138558668577,
      "hardness_bias": 0.00035023026526018034,
      "samples": 377
    },
    "adaptive_strategy_selection": {
      "pressure_gain": 1.1414770254403608,
      "difficulty_bias": 0.060939278776304714,
      "escalation_bias": 0.053297204783926175,
      "patience_bias": -0.04957482436909872,
      "hardness_bias": 0.06652284939854597,
      "samples": 377
    },
    "compression_elaboration_fit": {
      "pressure_gain": 1.0006761128343817,
      "difficulty_bias": 0.0002963982305923447,
      "escalation_bias": 0.0002597621439398855,
      "patience_bias": -0.00022643559466010041,
      "hardness_bias": 0.0003330343172448035,
      "samples": 377
    },
    "perspective_integration": {
      "pressure_gain": 1.95,
      "difficulty_bias": 0.35,
      "escalation_bias": 0.3,
      "patience_bias": -0.3,
      "hardness_bias": 0.35,
      "samples": 377
    },
    "multi_turn_stability": {
      "pressure_gain": 1.0020408013875999,
      "difficulty_bias": 0.0009083554177574963,
      "escalation_bias": 0.0007974674579138719,
      "patience_bias": -0.0007078312370787407,
      "hardness_bias": 0.0010192433776011218,
      "samples": 377
    }
  },
  "last_episode_id": "episode_7f2592c16ad8",
  "last_update_ts": 1784480073.3043065
}