{
  "version": 1,
  "samples": 187,
  "global": {
    "pressure_gain_bias": 0.4,
    "difficulty_bias": 0.35,
    "escalation_bias": 0.3,
    "patience_bias": -0.3,
    "hardness_bias": 0.35,
    "samples": 187
  },
  "axis": {
    "X": {
      "pressure_gain": 1.3592529705962346,
      "difficulty_bias": 0.1338552617564225,
      "escalation_bias": 0.11491353397674739,
      "patience_bias": -0.1115272704212218,
      "hardness_bias": 0.1361799768832216,
      "samples": 187
    },
    "T": {
      "pressure_gain": 1.6876594511919967,
      "difficulty_bias": 0.26131002425600414,
      "escalation_bias": 0.22493570478203107,
      "patience_bias": -0.22040746322949195,
      "hardness_bias": 0.2668908666681582,
      "samples": 187
    },
    "N": {
      "pressure_gain": 1.5487917835079925,
      "difficulty_bias": 0.21343563405258878,
      "escalation_bias": 0.18353898324584253,
      "patience_bias": -0.17774724927439445,
      "hardness_bias": 0.21685183177324782,
      "samples": 187
    },
    "B": {
      "pressure_gain": 1.9469584154440196,
      "difficulty_bias": 0.3489591508118353,
      "escalation_bias": 0.2991158624738338,
      "patience_bias": -0.29908445567861097,
      "hardness_bias": 0.34900131262003364,
      "samples": 187
    },
    "A": {
      "pressure_gain": 1.6215047360831698,
      "difficulty_bias": 0.23075625826948976,
      "escalation_bias": 0.19786170816460558,
      "patience_bias": -0.197115253024803,
      "hardness_bias": 0.23117261470915934,
      "samples": 187
    }
  },
  "dimensions": {
    "coherence_maintenance": {
      "pressure_gain": 1.95,
      "difficulty_bias": 0.35,
      "escalation_bias": 0.3,
      "patience_bias": -0.3,
      "hardness_bias": 0.35,
      "samples": 187
    },
    "context_carryover": {
      "pressure_gain": 1.8361074939610507,
      "difficulty_bias": 0.3181189297730669,
      "escalation_bias": 0.27388928715761857,
      "patience_bias": -0.269633571425154,
      "hardness_bias": 0.32440078125,
      "samples": 187
    },
    "ambiguity_handling": {
      "pressure_gain": 1.95,
      "difficulty_bias": 0.35,
      "escalation_bias": 0.3,
      "patience_bias": -0.3,
      "hardness_bias": 0.35,
      "samples": 187
    },
    "contradiction_handling": {
      "pressure_gain": 1.95,
      "difficulty_bias": 0.35,
      "escalation_bias": 0.3,
      "patience_bias": -0.3,
      "hardness_bias": 0.35,
      "samples": 187
    },
    "implied_intent_inference": {
      "pressure_gain": 1.95,
      "difficulty_bias": 0.35,
      "escalation_bias": 0.3,
      "patience_bias": -0.3,
      "hardness_bias": 0.35,
      "samples": 187
    },
    "misunderstanding_repair": {
      "pressure_gain": 1.0,
      "difficulty_bias": 0.0,
      "escalation_bias": 0.0,
      "patience_bias": 0.0,
      "hardness_bias": 0.0,
      "samples": 187
    },
    "uncertainty_signaling": {
      "pressure_gain": 1.95,
      "difficulty_bias": 0.35,
      "escalation_bias": 0.3,
      "patience_bias": -0.3,
      "hardness_bias": 0.35,
      "samples": 187
    },
    "boundary_calibration": {
      "pressure_gain": 1.6215683641746257,
      "difficulty_bias": 0.26191813895373445,
      "escalation_bias": 0.2264495132036271,
      "patience_bias": -0.2118334289308998,
      "hardness_bias": 0.27214645798097226,
      "samples": 187
    },
    "framing_selection": {
      "pressure_gain": 1.95,
      "difficulty_bias": 0.35,
      "escalation_bias": 0.3,
      "patience_bias": -0.3,
      "hardness_bias": 0.35,
      "samples": 187
    },
    "emotional_calibration": {
      "pressure_gain": 1.0062944056888168,
      "difficulty_bias": 0.0024825341712097454,
      "escalation_bias": 0.0021476153812353357,
      "patience_bias": -0.0016158804426753782,
      "hardness_bias": 0.002817452961184161,
      "samples": 187
    },
    "semantic_precision": {
      "pressure_gain": 1.094173223688134,
      "difficulty_bias": 0.037971527021292806,
      "escalation_bias": 0.03294223870134686,
      "patience_bias": -0.025650170843125878,
      "hardness_bias": 0.04300081534123881,
      "samples": 187
    },
    "adaptive_strategy_selection": {
      "pressure_gain": 1.95,
      "difficulty_bias": 0.35,
      "escalation_bias": 0.3,
      "patience_bias": -0.3,
      "hardness_bias": 0.35,
      "samples": 187
    },
    "compression_elaboration_fit": {
      "pressure_gain": 1.0830122522952004,
      "difficulty_bias": 0.03639138831049624,
      "escalation_bias": 0.03189325735714279,
      "patience_bias": -0.027801467087457964,
      "hardness_bias": 0.0408895192638497,
      "samples": 187
    },
    "perspective_integration": {
      "pressure_gain": 1.95,
      "difficulty_bias": 0.35,
      "escalation_bias": 0.3,
      "patience_bias": -0.3,
      "hardness_bias": 0.35,
      "samples": 187
    },
    "multi_turn_stability": {
      "pressure_gain": 1.2505669335894158,
      "difficulty_bias": 0.11152669388576936,
      "escalation_bias": 0.09791201475100028,
      "patience_bias": -0.08690659642384752,
      "hardness_bias": 0.12514137302053857,
      "samples": 187
    }
  },
  "last_episode_id": "episode_da349a1b9417",
  "last_update_ts": 1783283979.1249378
}