{
  "version": 1,
  "samples": 314,
  "global": {
    "pressure_gain_bias": 0.4,
    "difficulty_bias": 0.35,
    "escalation_bias": 0.3,
    "patience_bias": -0.3,
    "hardness_bias": 0.35,
    "samples": 314
  },
  "axis": {
    "X": {
      "pressure_gain": 1.2742313377728482,
      "difficulty_bias": 0.1053920425689281,
      "escalation_bias": 0.09067532414587207,
      "patience_bias": -0.08918554321984731,
      "hardness_bias": 0.10708264956485408,
      "samples": 314
    },
    "T": {
      "pressure_gain": 1.5743487393942794,
      "difficulty_bias": 0.21491353068358696,
      "escalation_bias": 0.1846068676992763,
      "patience_bias": -0.18317300301817233,
      "hardness_bias": 0.21700816368373793,
      "samples": 314
    },
    "N": {
      "pressure_gain": 1.4886892572194852,
      "difficulty_bias": 0.18844118947871735,
      "escalation_bias": 0.1625340714301251,
      "patience_bias": -0.15895983719264095,
      "hardness_bias": 0.1937739662681555,
      "samples": 314
    },
    "B": {
      "pressure_gain": 1.6557239547942408,
      "difficulty_bias": 0.24158251001167205,
      "escalation_bias": 0.20707072289655834,
      "patience_bias": -0.2070707227624182,
      "hardness_bias": 0.2415825100966555,
      "samples": 314
    },
    "A": {
      "pressure_gain": 1.4450100088357483,
      "difficulty_bias": 0.16918449198643354,
      "escalation_bias": 0.14564637383991383,
      "patience_bias": -0.1434372742363331,
      "hardness_bias": 0.1724958811140085,
      "samples": 314
    }
  },
  "dimensions": {
    "coherence_maintenance": {
      "pressure_gain": 1.95,
      "difficulty_bias": 0.35,
      "escalation_bias": 0.3,
      "patience_bias": -0.3,
      "hardness_bias": 0.35,
      "samples": 314
    },
    "context_carryover": {
      "pressure_gain": 1.7408906868687577,
      "difficulty_bias": 0.28869045408650346,
      "escalation_bias": 0.24934663569041404,
      "patience_bias": -0.24270477303347526,
      "hardness_bias": 0.2986532480719118,
      "samples": 314
    },
    "ambiguity_handling": {
      "pressure_gain": 1.051671897569197,
      "difficulty_bias": 0.019037014893916293,
      "escalation_bias": 0.016317441337642537,
      "patience_bias": -0.016317441337642537,
      "hardness_bias": 0.019037014893916293,
      "samples": 314
    },
    "contradiction_handling": {
      "pressure_gain": 1.95,
      "difficulty_bias": 0.35,
      "escalation_bias": 0.3,
      "patience_bias": -0.3,
      "hardness_bias": 0.35,
      "samples": 314
    },
    "implied_intent_inference": {
      "pressure_gain": 1.9262499999999998,
      "difficulty_bias": 0.34125,
      "escalation_bias": 0.2925,
      "patience_bias": -0.2925,
      "hardness_bias": 0.34125,
      "samples": 314
    },
    "misunderstanding_repair": {
      "pressure_gain": 1.0,
      "difficulty_bias": 0.0,
      "escalation_bias": 0.0,
      "patience_bias": 0.0,
      "hardness_bias": 0.0,
      "samples": 314
    },
    "uncertainty_signaling": {
      "pressure_gain": 1.4947532172041809,
      "difficulty_bias": 0.2091062691313842,
      "escalation_bias": 0.1824704312749453,
      "patience_bias": -0.17114272920678952,
      "hardness_bias": 0.22609782223361805,
      "samples": 314
    },
    "boundary_calibration": {
      "pressure_gain": 1.95,
      "difficulty_bias": 0.35,
      "escalation_bias": 0.3,
      "patience_bias": -0.3,
      "hardness_bias": 0.35,
      "samples": 314
    },
    "framing_selection": {
      "pressure_gain": 1.95,
      "difficulty_bias": 0.35,
      "escalation_bias": 0.3,
      "patience_bias": -0.3,
      "hardness_bias": 0.35,
      "samples": 314
    },
    "emotional_calibration": {
      "pressure_gain": 1.000252662578805,
      "difficulty_bias": 9.965094667937059e-05,
      "escalation_bias": 8.620703325061999e-05,
      "patience_bias": -6.48627590712335e-05,
      "hardness_bias": 0.00011309486010812166,
      "samples": 314
    },
    "semantic_precision": {
      "pressure_gain": 1.003780190017602,
      "difficulty_bias": 0.0015242080686805747,
      "escalation_bias": 0.001322328333038548,
      "patience_bias": -0.0010296187809408924,
      "hardness_bias": 0.001726087804322599,
      "samples": 314
    },
    "adaptive_strategy_selection": {
      "pressure_gain": 1.3667903011737177,
      "difficulty_bias": 0.15209558023233852,
      "escalation_bias": 0.13241388728612108,
      "patience_bias": -0.12525202248171274,
      "hardness_bias": 0.16283837743895127,
      "samples": 314
    },
    "compression_elaboration_fit": {
      "pressure_gain": 1.0033321795216887,
      "difficulty_bias": 0.0014607800118821173,
      "escalation_bias": 0.0012802213662095696,
      "patience_bias": -0.00111597356703876,
      "hardness_bias": 0.0016413386575546646,
      "samples": 314
    },
    "perspective_integration": {
      "pressure_gain": 1.95,
      "difficulty_bias": 0.35,
      "escalation_bias": 0.3,
      "patience_bias": -0.3,
      "hardness_bias": 0.35,
      "samples": 314
    },
    "multi_turn_stability": {
      "pressure_gain": 1.010057961106153,
      "difficulty_bias": 0.004476772466870631,
      "escalation_bias": 0.003930268140666544,
      "patience_bias": -0.00348850167170034,
      "hardness_bias": 0.005023276793074727,
      "samples": 314
    }
  },
  "last_episode_id": "episode_f18551b45c32",
  "last_update_ts": 1784117768.7932901
}