{
  "version": 1,
  "samples": 308,
  "global": {
    "pressure_gain_bias": 0.4,
    "difficulty_bias": 0.35,
    "escalation_bias": 0.3,
    "patience_bias": -0.3,
    "hardness_bias": 0.35,
    "samples": 308
  },
  "axis": {
    "X": {
      "pressure_gain": 1.2404308874908634,
      "difficulty_bias": 0.09494649979417688,
      "escalation_bias": 0.08201596410355005,
      "patience_bias": -0.07934159943596877,
      "hardness_bias": 0.09806071577958075,
      "samples": 308
    },
    "T": {
      "pressure_gain": 1.5902757849297258,
      "difficulty_bias": 0.22018788414531618,
      "escalation_bias": 0.1890524450070914,
      "patience_bias": -0.1878737840045663,
      "hardness_bias": 0.2218863109399162,
      "samples": 308
    },
    "N": {
      "pressure_gain": 1.4975904762463215,
      "difficulty_bias": 0.19165538606355995,
      "escalation_bias": 0.1652812197719696,
      "patience_bias": -0.16172984780747401,
      "hardness_bias": 0.19694914185096127,
      "samples": 308
    },
    "B": {
      "pressure_gain": 1.6593967931715405,
      "difficulty_bias": 0.2429356613019295,
      "escalation_bias": 0.208230566885567,
      "patience_bias": -0.2082305666331587,
      "hardness_bias": 0.2429356614618408,
      "samples": 308
    },
    "A": {
      "pressure_gain": 1.4540403521283896,
      "difficulty_bias": 0.1724873663057212,
      "escalation_bias": 0.14847429062309553,
      "patience_bias": -0.1462758697200293,
      "hardness_bias": 0.17578074454888185,
      "samples": 308
    }
  },
  "dimensions": {
    "coherence_maintenance": {
      "pressure_gain": 1.95,
      "difficulty_bias": 0.35,
      "escalation_bias": 0.3,
      "patience_bias": -0.3,
      "hardness_bias": 0.35,
      "samples": 308
    },
    "context_carryover": {
      "pressure_gain": 1.7580666473929745,
      "difficulty_bias": 0.2900095532165944,
      "escalation_bias": 0.2498730454832044,
      "patience_bias": -0.24534604594177206,
      "hardness_bias": 0.2968000525287431,
      "samples": 308
    },
    "ambiguity_handling": {
      "pressure_gain": 1.06014876524663,
      "difficulty_bias": 0.022160071406654824,
      "escalation_bias": 0.018994346919989847,
      "patience_bias": -0.018994346919989847,
      "hardness_bias": 0.022160071406654824,
      "samples": 308
    },
    "contradiction_handling": {
      "pressure_gain": 1.95,
      "difficulty_bias": 0.35,
      "escalation_bias": 0.3,
      "patience_bias": -0.3,
      "hardness_bias": 0.35,
      "samples": 308
    },
    "implied_intent_inference": {
      "pressure_gain": 1.95,
      "difficulty_bias": 0.35,
      "escalation_bias": 0.3,
      "patience_bias": -0.3,
      "hardness_bias": 0.35,
      "samples": 308
    },
    "misunderstanding_repair": {
      "pressure_gain": 1.0,
      "difficulty_bias": 0.0,
      "escalation_bias": 0.0,
      "patience_bias": 0.0,
      "hardness_bias": 0.0,
      "samples": 308
    },
    "uncertainty_signaling": {
      "pressure_gain": 1.519073263722831,
      "difficulty_bias": 0.2180311066995867,
      "escalation_bias": 0.19011604816302555,
      "patience_bias": -0.17880319969119646,
      "hardness_bias": 0.23500037940733048,
      "samples": 308
    },
    "boundary_calibration": {
      "pressure_gain": 1.95,
      "difficulty_bias": 0.35,
      "escalation_bias": 0.3,
      "patience_bias": -0.3,
      "hardness_bias": 0.35,
      "samples": 308
    },
    "framing_selection": {
      "pressure_gain": 1.8594258668148762,
      "difficulty_bias": 0.35,
      "escalation_bias": 0.3,
      "patience_bias": -0.2901464069737763,
      "hardness_bias": 0.35,
      "samples": 308
    },
    "emotional_calibration": {
      "pressure_gain": 1.000294112329024,
      "difficulty_bias": 0.00011599886360656824,
      "escalation_bias": 0.00010034945201414439,
      "patience_bias": -7.550361128889614e-05,
      "hardness_bias": 0.00013164827519899263,
      "samples": 308
    },
    "semantic_precision": {
      "pressure_gain": 1.0044003369849526,
      "difficulty_bias": 0.0017742571421402327,
      "escalation_bias": 0.0015392586729835176,
      "patience_bias": -0.0011985295927133283,
      "hardness_bias": 0.002009255611296945,
      "samples": 308
    },
    "adaptive_strategy_selection": {
      "pressure_gain": 1.3873665146847736,
      "difficulty_bias": 0.15947444523678322,
      "escalation_bias": 0.13871427913442014,
      "patience_bias": -0.1316376378742993,
      "hardness_bias": 0.17008940712696466,
      "samples": 308
    },
    "compression_elaboration_fit": {
      "pressure_gain": 1.0038788295618772,
      "difficulty_bias": 0.0017004235986108661,
      "escalation_bias": 0.0014902439825581824,
      "patience_bias": -0.0012990510366949004,
      "hardness_bias": 0.001910603214663549,
      "samples": 308
    },
    "perspective_integration": {
      "pressure_gain": 1.95,
      "difficulty_bias": 0.35,
      "escalation_bias": 0.3,
      "patience_bias": -0.3,
      "hardness_bias": 0.35,
      "samples": 308
    },
    "multi_turn_stability": {
      "pressure_gain": 1.011707987704992,
      "difficulty_bias": 0.005211195037143288,
      "escalation_bias": 0.004575035693873637,
      "patience_bias": -0.004060796641590009,
      "hardness_bias": 0.005847354380412949,
      "samples": 308
    }
  },
  "last_episode_id": "episode_4449aa706ffd",
  "last_update_ts": 1784074711.4354606
}