{
  "version": 1,
  "samples": 142,
  "global": {
    "pressure_gain_bias": 0.4,
    "difficulty_bias": 0.35,
    "escalation_bias": 0.3,
    "patience_bias": -0.298710448,
    "hardness_bias": 0.35,
    "samples": 142
  },
  "axis": {
    "X": {
      "pressure_gain": 1.438197162970826,
      "difficulty_bias": 0.16598099218899937,
      "escalation_bias": 0.14281586172678776,
      "patience_bias": -0.13299846589241576,
      "hardness_bias": 0.17280219517491452,
      "samples": 142
    },
    "T": {
      "pressure_gain": 1.702861790201055,
      "difficulty_bias": 0.26457352100952836,
      "escalation_bias": 0.22741914974978394,
      "patience_bias": -0.22101173717442832,
      "hardness_bias": 0.2695793660190397,
      "samples": 142
    },
    "N": {
      "pressure_gain": 1.641152454992412,
      "difficulty_bias": 0.24534627976746412,
      "escalation_bias": 0.2113984357528137,
      "patience_bias": -0.20232202846142222,
      "hardness_bias": 0.25124590565280003,
      "samples": 142
    },
    "B": {
      "pressure_gain": 1.910929626665129,
      "difficulty_bias": 0.33668835528625396,
      "escalation_bias": 0.2886139631598643,
      "patience_bias": -0.28817914128610317,
      "hardness_bias": 0.3369059157784974,
      "samples": 142
    },
    "A": {
      "pressure_gain": 1.5269582769945054,
      "difficulty_bias": 0.20345247600112204,
      "escalation_bias": 0.17486992416660035,
      "patience_bias": -0.16586404737946003,
      "hardness_bias": 0.20776158324841512,
      "samples": 142
    }
  },
  "dimensions": {
    "coherence_maintenance": {
      "pressure_gain": 1.95,
      "difficulty_bias": 0.35,
      "escalation_bias": 0.3,
      "patience_bias": -0.3,
      "hardness_bias": 0.35,
      "samples": 142
    },
    "context_carryover": {
      "pressure_gain": 1.95,
      "difficulty_bias": 0.35,
      "escalation_bias": 0.3,
      "patience_bias": -0.3,
      "hardness_bias": 0.35,
      "samples": 142
    },
    "ambiguity_handling": {
      "pressure_gain": 1.7375131398136145,
      "difficulty_bias": 0.27171536729975315,
      "escalation_bias": 0.23289888625693128,
      "patience_bias": -0.23289888625693128,
      "hardness_bias": 0.27171536729975315,
      "samples": 142
    },
    "contradiction_handling": {
      "pressure_gain": 1.95,
      "difficulty_bias": 0.35,
      "escalation_bias": 0.3,
      "patience_bias": -0.3,
      "hardness_bias": 0.35,
      "samples": 142
    },
    "implied_intent_inference": {
      "pressure_gain": 1.6603936858060158,
      "difficulty_bias": 0.273640937734625,
      "escalation_bias": 0.236561931485622,
      "patience_bias": -0.21024461259066385,
      "hardness_bias": 0.2890367965698531,
      "samples": 142
    },
    "misunderstanding_repair": {
      "pressure_gain": 1.0,
      "difficulty_bias": 0.0,
      "escalation_bias": 0.0,
      "patience_bias": 0.0,
      "hardness_bias": 0.0,
      "samples": 142
    },
    "uncertainty_signaling": {
      "pressure_gain": 1.95,
      "difficulty_bias": 0.35,
      "escalation_bias": 0.3,
      "patience_bias": -0.3,
      "hardness_bias": 0.35,
      "samples": 142
    },
    "boundary_calibration": {
      "pressure_gain": 1.8422284627327579,
      "difficulty_bias": 0.33714898049447417,
      "escalation_bias": 0.2922244048064738,
      "patience_bias": -0.27184063393688335,
      "hardness_bias": 0.34646349267578125,
      "samples": 142
    },
    "framing_selection": {
      "pressure_gain": 1.9030937499999996,
      "difficulty_bias": 0.33271875,
      "escalation_bias": 0.2851875,
      "patience_bias": -0.2851875,
      "hardness_bias": 0.33271875,
      "samples": 142
    },
    "emotional_calibration": {
      "pressure_gain": 1.0196674033359385,
      "difficulty_bias": 0.007756888140712897,
      "escalation_bias": 0.00671040603376633,
      "patience_bias": -0.005048955211960117,
      "hardness_bias": 0.008803370247659474,
      "samples": 142
    },
    "semantic_precision": {
      "pressure_gain": 1.2942522082760464,
      "difficulty_bias": 0.11864525010453118,
      "escalation_bias": 0.10293081306771726,
      "patience_bias": -0.08014612984092233,
      "hardness_bias": 0.1343596871413453,
      "samples": 142
    },
    "adaptive_strategy_selection": {
      "pressure_gain": 1.888007575358072,
      "difficulty_bias": 0.3315501593424479,
      "escalation_bias": 0.28471537467447916,
      "patience_bias": -0.2828620413411458,
      "hardness_bias": 0.3343301593424479,
      "samples": 142
    },
    "compression_elaboration_fit": {
      "pressure_gain": 1.1278123172190675,
      "difficulty_bias": 0.05411197697547024,
      "escalation_bias": 0.047228941166278876,
      "patience_bias": -0.039393595859026874,
      "hardness_bias": 0.06099501278466166,
      "samples": 142
    },
    "perspective_integration": {
      "pressure_gain": 1.95,
      "difficulty_bias": 0.35,
      "escalation_bias": 0.3,
      "patience_bias": -0.3,
      "hardness_bias": 0.35,
      "samples": 142
    },
    "multi_turn_stability": {
      "pressure_gain": 1.2522703819915373,
      "difficulty_bias": 0.10877857109210007,
      "escalation_bias": 0.09514925253487377,
      "patience_bias": -0.08126395661193711,
      "hardness_bias": 0.12240788964932645,
      "samples": 142
    }
  },
  "last_episode_id": "episode_ec1feba9343e",
  "last_update_ts": 1781347006.8644228
}