{
  "version": 1,
  "samples": 310,
  "global": {
    "pressure_gain_bias": 0.4,
    "difficulty_bias": 0.35,
    "escalation_bias": 0.3,
    "patience_bias": -0.3,
    "hardness_bias": 0.35,
    "samples": 310
  },
  "axis": {
    "X": {
      "pressure_gain": 1.2518604405662068,
      "difficulty_bias": 0.09918851897530015,
      "escalation_bias": 0.08553284454399258,
      "patience_bias": -0.0833190117890536,
      "hardness_bias": 0.10172630777871042,
      "samples": 310
    },
    "T": {
      "pressure_gain": 1.585198194286027,
      "difficulty_bias": 0.21850886717108492,
      "escalation_bias": 0.1876379104024722,
      "patience_bias": -0.18637599451362233,
      "hardness_bias": 0.2203371548865255,
      "samples": 310
    },
    "N": {
      "pressure_gain": 1.4950823456107238,
      "difficulty_bias": 0.19079741950569662,
      "escalation_bias": 0.16455379644291687,
      "patience_bias": -0.16097615762778486,
      "hardness_bias": 0.19613223456947307,
      "samples": 310
    },
    "B": {
      "pressure_gain": 1.6581100511844977,
      "difficulty_bias": 0.24246159833923925,
      "escalation_bias": 0.20782422719274615,
      "patience_bias": -0.20782422698829545,
      "hardness_bias": 0.24246159846876741,
      "samples": 310
    },
    "A": {
      "pressure_gain": 1.4515444988792654,
      "difficulty_bias": 0.17159940738091733,
      "escalation_bias": 0.14771707678946114,
      "patience_bias": -0.14550512303118884,
      "hardness_bias": 0.17491389299806037,
      "samples": 310
    }
  },
  "dimensions": {
    "coherence_maintenance": {
      "pressure_gain": 1.95,
      "difficulty_bias": 0.35,
      "escalation_bias": 0.3,
      "patience_bias": -0.3,
      "hardness_bias": 0.35,
      "samples": 310
    },
    "context_carryover": {
      "pressure_gain": 1.720637106677946,
      "difficulty_bias": 0.275690331526525,
      "escalation_bias": 0.23753556386247118,
      "patience_bias": -0.23323208492339706,
      "hardness_bias": 0.2821455499351364,
      "samples": 310
    },
    "ambiguity_handling": {
      "pressure_gain": 1.0571789199625774,
      "difficulty_bias": 0.021065917880951242,
      "escalation_bias": 0.018056501040815347,
      "patience_bias": -0.018056501040815347,
      "hardness_bias": 0.021065917880951242,
      "samples": 310
    },
    "contradiction_handling": {
      "pressure_gain": 1.95,
      "difficulty_bias": 0.35,
      "escalation_bias": 0.3,
      "patience_bias": -0.3,
      "hardness_bias": 0.35,
      "samples": 310
    },
    "implied_intent_inference": {
      "pressure_gain": 1.95,
      "difficulty_bias": 0.35,
      "escalation_bias": 0.3,
      "patience_bias": -0.3,
      "hardness_bias": 0.35,
      "samples": 310
    },
    "misunderstanding_repair": {
      "pressure_gain": 1.0,
      "difficulty_bias": 0.0,
      "escalation_bias": 0.0,
      "patience_bias": 0.0,
      "hardness_bias": 0.0,
      "samples": 310
    },
    "uncertainty_signaling": {
      "pressure_gain": 1.4934440213265159,
      "difficulty_bias": 0.2072658208062946,
      "escalation_bias": 0.18072906828497615,
      "patience_bias": -0.16997479170644364,
      "hardness_bias": 0.22339723567409353,
      "samples": 310
    },
    "boundary_calibration": {
      "pressure_gain": 1.95,
      "difficulty_bias": 0.35,
      "escalation_bias": 0.3,
      "patience_bias": -0.3,
      "hardness_bias": 0.35,
      "samples": 310
    },
    "framing_selection": {
      "pressure_gain": 1.9089786005099412,
      "difficulty_bias": 0.35,
      "escalation_bias": 0.3,
      "patience_bias": -0.3,
      "hardness_bias": 0.35,
      "samples": 310
    },
    "emotional_calibration": {
      "pressure_gain": 1.0002795905327784,
      "difficulty_bias": 0.00011027141971599392,
      "escalation_bias": 9.539469782094601e-05,
      "patience_bias": -7.177562048150688e-05,
      "hardness_bias": 0.00012514814161104237,
      "samples": 310
    },
    "semantic_precision": {
      "pressure_gain": 1.0041830703463204,
      "difficulty_bias": 0.0016866531957470587,
      "escalation_bias": 0.0014632577760049564,
      "patience_bias": -0.0011393521940731078,
      "hardness_bias": 0.0019100486154891585,
      "samples": 310
    },
    "adaptive_strategy_selection": {
      "pressure_gain": 1.3682402930222126,
      "difficulty_bias": 0.15160039450321705,
      "escalation_bias": 0.13186526160215814,
      "patience_bias": -0.1251380295042558,
      "hardness_bias": 0.1616912426500708,
      "samples": 310
    },
    "compression_elaboration_fit": {
      "pressure_gain": 1.0036873123522594,
      "difficulty_bias": 0.0016164651834294547,
      "escalation_bias": 0.0014166631859193722,
      "patience_bias": -0.0012349103917580896,
      "hardness_bias": 0.0018162671809395362,
      "samples": 310
    },
    "perspective_integration": {
      "pressure_gain": 1.95,
      "difficulty_bias": 0.35,
      "escalation_bias": 0.3,
      "patience_bias": -0.3,
      "hardness_bias": 0.35,
      "samples": 310
    },
    "multi_turn_stability": {
      "pressure_gain": 1.0111299058120577,
      "difficulty_bias": 0.004953892282184338,
      "escalation_bias": 0.004349143306488626,
      "patience_bias": -0.0038602948074115016,
      "hardness_bias": 0.005558641257880059,
      "samples": 310
    }
  },
  "last_episode_id": "episode_8435ec4de3a1",
  "last_update_ts": 1784096050.2288468
}