{
  "version": 1,
  "samples": 249,
  "global": {
    "pressure_gain_bias": 0.4,
    "difficulty_bias": 0.35,
    "escalation_bias": 0.3,
    "patience_bias": -0.3,
    "hardness_bias": 0.35,
    "samples": 249
  },
  "axis": {
    "X": {
      "pressure_gain": 1.2421322777082975,
      "difficulty_bias": 0.09651873895824514,
      "escalation_bias": 0.08338705765782736,
      "patience_bias": -0.08025007044256133,
      "hardness_bias": 0.09990545033719046,
      "samples": 249
    },
    "T": {
      "pressure_gain": 1.6109845635708333,
      "difficulty_bias": 0.2268589216957403,
      "escalation_bias": 0.19466243074799916,
      "patience_bias": -0.19365927480105294,
      "hardness_bias": 0.2280999351581623,
      "samples": 249
    },
    "N": {
      "pressure_gain": 1.5948537486051004,
      "difficulty_bias": 0.2198701140704309,
      "escalation_bias": 0.18853342860218447,
      "patience_bias": -0.18809717758967154,
      "hardness_bias": 0.22032426016543233,
      "samples": 249
    },
    "B": {
      "pressure_gain": 1.7489150483656062,
      "difficulty_bias": 0.2759164008906134,
      "escalation_bias": 0.23649979990885672,
      "patience_bias": -0.23649967349473205,
      "hardness_bias": 0.2759164809792856,
      "samples": 249
    },
    "A": {
      "pressure_gain": 1.5053537041147582,
      "difficulty_bias": 0.19171414754415705,
      "escalation_bias": 0.16476734644461422,
      "patience_bias": -0.16297233870065542,
      "hardness_bias": 0.1938594113521327,
      "samples": 249
    }
  },
  "dimensions": {
    "coherence_maintenance": {
      "pressure_gain": 1.95,
      "difficulty_bias": 0.35,
      "escalation_bias": 0.3,
      "patience_bias": -0.3,
      "hardness_bias": 0.35,
      "samples": 249
    },
    "context_carryover": {
      "pressure_gain": 1.683570967821934,
      "difficulty_bias": 0.2518419355133446,
      "escalation_bias": 0.21586451615429542,
      "patience_bias": -0.21586451615429542,
      "hardness_bias": 0.2518419355133446,
      "samples": 249
    },
    "ambiguity_handling": {
      "pressure_gain": 1.267888697223868,
      "difficulty_bias": 0.0986958358193209,
      "escalation_bias": 0.08459643070227504,
      "patience_bias": -0.08459643070227504,
      "hardness_bias": 0.0986958358193209,
      "samples": 249
    },
    "contradiction_handling": {
      "pressure_gain": 1.95,
      "difficulty_bias": 0.35,
      "escalation_bias": 0.3,
      "patience_bias": -0.3,
      "hardness_bias": 0.35,
      "samples": 249
    },
    "implied_intent_inference": {
      "pressure_gain": 1.95,
      "difficulty_bias": 0.35,
      "escalation_bias": 0.3,
      "patience_bias": -0.3,
      "hardness_bias": 0.35,
      "samples": 249
    },
    "misunderstanding_repair": {
      "pressure_gain": 1.0,
      "difficulty_bias": 0.0,
      "escalation_bias": 0.0,
      "patience_bias": 0.0,
      "hardness_bias": 0.0,
      "samples": 249
    },
    "uncertainty_signaling": {
      "pressure_gain": 1.683570967821934,
      "difficulty_bias": 0.2518419355133446,
      "escalation_bias": 0.21586451615429542,
      "patience_bias": -0.21586451615429542,
      "hardness_bias": 0.2518419355133446,
      "samples": 249
    },
    "boundary_calibration": {
      "pressure_gain": 1.95,
      "difficulty_bias": 0.35,
      "escalation_bias": 0.3,
      "patience_bias": -0.3,
      "hardness_bias": 0.35,
      "samples": 249
    },
    "framing_selection": {
      "pressure_gain": 1.8833522443194104,
      "difficulty_bias": 0.35,
      "escalation_bias": 0.3,
      "patience_bias": -0.3,
      "hardness_bias": 0.35,
      "samples": 249
    },
    "emotional_calibration": {
      "pressure_gain": 1.001309908330406,
      "difficulty_bias": 0.0005166321257567591,
      "escalation_bias": 0.0004469332638329201,
      "patience_bias": -0.00033627563227512253,
      "hardness_bias": 0.0005863309876805998,
      "samples": 249
    },
    "semantic_precision": {
      "pressure_gain": 1.0195980838079064,
      "difficulty_bias": 0.007902131197525943,
      "escalation_bias": 0.0068555023350071334,
      "patience_bias": -0.005337973769863795,
      "hardness_bias": 0.008948760060044749,
      "samples": 249
    },
    "adaptive_strategy_selection": {
      "pressure_gain": 1.6498196512857257,
      "difficulty_bias": 0.2394072399473732,
      "escalation_bias": 0.20520620566917705,
      "patience_bias": -0.20520620566917705,
      "hardness_bias": 0.2394072399473732,
      "samples": 249
    },
    "compression_elaboration_fit": {
      "pressure_gain": 1.0172754102902122,
      "difficulty_bias": 0.007573293661021233,
      "escalation_bias": 0.006637202233433411,
      "patience_bias": -0.005785673046164274,
      "hardness_bias": 0.008509385088609045,
      "samples": 249
    },
    "perspective_integration": {
      "pressure_gain": 1.95,
      "difficulty_bias": 0.35,
      "escalation_bias": 0.3,
      "patience_bias": -0.3,
      "hardness_bias": 0.35,
      "samples": 249
    },
    "multi_turn_stability": {
      "pressure_gain": 1.0521446709760942,
      "difficulty_bias": 0.023209458145243105,
      "escalation_bias": 0.020376151476411104,
      "patience_bias": -0.018085849602165936,
      "hardness_bias": 0.02604276481407516,
      "samples": 249
    }
  },
  "last_episode_id": "episode_79d7ec2f00b1",
  "last_update_ts": 1783766676.1804848
}