{
  "version": 1,
  "samples": 146,
  "global": {
    "pressure_gain_bias": 0.4,
    "difficulty_bias": 0.35,
    "escalation_bias": 0.3,
    "patience_bias": -0.3,
    "hardness_bias": 0.35,
    "samples": 146
  },
  "axis": {
    "X": {
      "pressure_gain": 1.4297180076849192,
      "difficulty_bias": 0.1625156547376087,
      "escalation_bias": 0.13980480766619768,
      "patience_bias": -0.13071264732862023,
      "hardness_bias": 0.16883157495015488,
      "samples": 146
    },
    "T": {
      "pressure_gain": 1.6990385752807977,
      "difficulty_bias": 0.2629298285626309,
      "escalation_bias": 0.2259945111149337,
      "patience_bias": -0.2203008809019952,
      "hardness_bias": 0.26767642697400856,
      "samples": 146
    },
    "N": {
      "pressure_gain": 1.6336356109495394,
      "difficulty_bias": 0.2430710000511238,
      "escalation_bias": 0.20950781345191766,
      "patience_bias": -0.20052520766657436,
      "hardness_bias": 0.2486795485152741,
      "samples": 146
    },
    "B": {
      "pressure_gain": 1.9112889376489588,
      "difficulty_bias": 0.33741996817477293,
      "escalation_bias": 0.28935003155710654,
      "patience_bias": -0.28865452359239857,
      "hardness_bias": 0.33817804161373394,
      "samples": 146
    },
    "A": {
      "pressure_gain": 1.5242167815839691,
      "difficulty_bias": 0.20278573623671486,
      "escalation_bias": 0.17436757818506676,
      "patience_bias": -0.16556874615377712,
      "hardness_bias": 0.20736454597745946,
      "samples": 146
    }
  },
  "dimensions": {
    "coherence_maintenance": {
      "pressure_gain": 1.8585034960937494,
      "difficulty_bias": 0.31629076171875,
      "escalation_bias": 0.2711063671875,
      "patience_bias": -0.2711063671875,
      "hardness_bias": 0.31629076171875,
      "samples": 146
    },
    "context_carryover": {
      "pressure_gain": 1.95,
      "difficulty_bias": 0.35,
      "escalation_bias": 0.3,
      "patience_bias": -0.3,
      "hardness_bias": 0.35,
      "samples": 146
    },
    "ambiguity_handling": {
      "pressure_gain": 1.887113139813615,
      "difficulty_bias": 0.3397153672997532,
      "escalation_bias": 0.29273888625693123,
      "patience_bias": -0.2872988862569313,
      "hardness_bias": 0.34787536729975316,
      "samples": 146
    },
    "contradiction_handling": {
      "pressure_gain": 1.95,
      "difficulty_bias": 0.35,
      "escalation_bias": 0.3,
      "patience_bias": -0.3,
      "hardness_bias": 0.35,
      "samples": 146
    },
    "implied_intent_inference": {
      "pressure_gain": 1.596789776908107,
      "difficulty_bias": 0.2472860018100502,
      "escalation_bias": 0.21377815286641746,
      "patience_bias": -0.1899955104673273,
      "hardness_bias": 0.2611990530052178,
      "samples": 146
    },
    "misunderstanding_repair": {
      "pressure_gain": 1.0,
      "difficulty_bias": 0.0,
      "escalation_bias": 0.0,
      "patience_bias": 0.0,
      "hardness_bias": 0.0,
      "samples": 146
    },
    "uncertainty_signaling": {
      "pressure_gain": 1.95,
      "difficulty_bias": 0.35,
      "escalation_bias": 0.3,
      "patience_bias": -0.3,
      "hardness_bias": 0.35,
      "samples": 146
    },
    "boundary_calibration": {
      "pressure_gain": 1.761111662911302,
      "difficulty_bias": 0.30467745100942056,
      "escalation_bias": 0.2640796559687084,
      "patience_bias": -0.24565908906858486,
      "hardness_bias": 0.31309486287474686,
      "samples": 146
    },
    "framing_selection": {
      "pressure_gain": 1.95,
      "difficulty_bias": 0.35,
      "escalation_bias": 0.3,
      "patience_bias": -0.3,
      "hardness_bias": 0.35,
      "samples": 146
    },
    "emotional_calibration": {
      "pressure_gain": 1.0177731942347252,
      "difficulty_bias": 0.007009805881694916,
      "escalation_bias": 0.006064112673891567,
      "patience_bias": -0.004562679685356338,
      "hardness_bias": 0.007955499089498273,
      "samples": 146
    },
    "semantic_precision": {
      "pressure_gain": 1.265912157408728,
      "difficulty_bias": 0.10721827579963933,
      "escalation_bias": 0.09301732934148157,
      "patience_bias": -0.07242708701770045,
      "hardness_bias": 0.12141922225779726,
      "samples": 146
    },
    "adaptive_strategy_selection": {
      "pressure_gain": 1.95,
      "difficulty_bias": 0.35,
      "escalation_bias": 0.3,
      "patience_bias": -0.3,
      "hardness_bias": 0.35,
      "samples": 146
    },
    "compression_elaboration_fit": {
      "pressure_gain": 1.115502443343592,
      "difficulty_bias": 0.048900338330511266,
      "escalation_bias": 0.04268022221900679,
      "patience_bias": -0.03559951554597773,
      "hardness_bias": 0.0551204544420158,
      "samples": 146
    },
    "perspective_integration": {
      "pressure_gain": 1.95,
      "difficulty_bias": 0.35,
      "escalation_bias": 0.3,
      "patience_bias": -0.3,
      "hardness_bias": 0.35,
      "samples": 146
    },
    "multi_turn_stability": {
      "pressure_gain": 1.227973689369095,
      "difficulty_bias": 0.09830187745542152,
      "escalation_bias": 0.0859852273177855,
      "patience_bias": -0.07343725353448297,
      "hardness_bias": 0.11061852759305758,
      "samples": 146
    }
  },
  "last_episode_id": "episode_2f7d9302769a",
  "last_update_ts": 1781500835.6707659
}