{
  "version": 1,
  "samples": 126,
  "global": {
    "pressure_gain_bias": 0.392,
    "difficulty_bias": 0.3348931375423164,
    "escalation_bias": 0.2834029654358089,
    "patience_bias": -0.2640088939504402,
    "hardness_bias": 0.34384515851973463,
    "samples": 126
  },
  "axis": {
    "X": {
      "pressure_gain": 1.469125165769671,
      "difficulty_bias": 0.1787227948455699,
      "escalation_bias": 0.15390103668098734,
      "patience_bias": -0.14237702527405205,
      "hardness_bias": 0.18696985870957275,
      "samples": 126
    },
    "T": {
      "pressure_gain": 1.6726238973374161,
      "difficulty_bias": 0.25323759095600556,
      "escalation_bias": 0.217684387783574,
      "patience_bias": -0.20922002222579855,
      "hardness_bias": 0.25870452786569775,
      "samples": 126
    },
    "N": {
      "pressure_gain": 1.6514887273854177,
      "difficulty_bias": 0.24659855712493525,
      "escalation_bias": 0.21216331986502684,
      "patience_bias": -0.20380126924186193,
      "hardness_bias": 0.25354552374952,
      "samples": 126
    },
    "B": {
      "pressure_gain": 1.9037679789644812,
      "difficulty_bias": 0.3391402553871899,
      "escalation_bias": 0.2908606982604176,
      "patience_bias": -0.2886070839228112,
      "hardness_bias": 0.3404072846449936,
      "samples": 126
    },
    "A": {
      "pressure_gain": 1.5561451660070662,
      "difficulty_bias": 0.21349595727105936,
      "escalation_bias": 0.18321770605943488,
      "patience_bias": -0.17387168932382382,
      "hardness_bias": 0.2165035827286955,
      "samples": 126
    }
  },
  "dimensions": {
    "coherence_maintenance": {
      "pressure_gain": 1.88961053804967,
      "difficulty_bias": 0.33438102278871207,
      "escalation_bias": 0.28709999999999997,
      "patience_bias": -0.27476482830247023,
      "hardness_bias": 0.33465,
      "samples": 126
    },
    "context_carryover": {
      "pressure_gain": 1.9019430613408128,
      "difficulty_bias": 0.33338468958468814,
      "escalation_bias": 0.28588978264543674,
      "patience_bias": -0.2777271398794008,
      "hardness_bias": 0.3379261814726703,
      "samples": 126
    },
    "ambiguity_handling": {
      "pressure_gain": 1.9441544659594994,
      "difficulty_bias": 0.35,
      "escalation_bias": 0.3,
      "patience_bias": -0.3,
      "hardness_bias": 0.35,
      "samples": 126
    },
    "contradiction_handling": {
      "pressure_gain": 1.95,
      "difficulty_bias": 0.35,
      "escalation_bias": 0.3,
      "patience_bias": -0.3,
      "hardness_bias": 0.35,
      "samples": 126
    },
    "implied_intent_inference": {
      "pressure_gain": 1.7422140395280243,
      "difficulty_bias": 0.3014105737366967,
      "escalation_bias": 0.25949319753163447,
      "patience_bias": -0.22938298876431673,
      "hardness_bias": 0.3139469255310779,
      "samples": 126
    },
    "misunderstanding_repair": {
      "pressure_gain": 1.0,
      "difficulty_bias": 0.0,
      "escalation_bias": 0.0,
      "patience_bias": 0.0,
      "hardness_bias": 0.0,
      "samples": 126
    },
    "uncertainty_signaling": {
      "pressure_gain": 1.95,
      "difficulty_bias": 0.35,
      "escalation_bias": 0.3,
      "patience_bias": -0.3,
      "hardness_bias": 0.35,
      "samples": 126
    },
    "boundary_calibration": {
      "pressure_gain": 1.825938495924707,
      "difficulty_bias": 0.31658284832821576,
      "escalation_bias": 0.2728392963242682,
      "patience_bias": -0.25599894463886724,
      "hardness_bias": 0.33019201632120804,
      "samples": 126
    },
    "framing_selection": {
      "pressure_gain": 1.95,
      "difficulty_bias": 0.35,
      "escalation_bias": 0.3,
      "patience_bias": -0.3,
      "hardness_bias": 0.35,
      "samples": 126
    },
    "emotional_calibration": {
      "pressure_gain": 1.0420526441100615,
      "difficulty_bias": 0.018940136788872006,
      "escalation_bias": 0.01665023845533868,
      "patience_bias": -0.014981290242410773,
      "hardness_bias": 0.021230035122405334,
      "samples": 126
    },
    "semantic_precision": {
      "pressure_gain": 1.441210540942301,
      "difficulty_bias": 0.17790022812588663,
      "escalation_bias": 0.15433753234787578,
      "patience_bias": -0.12017349847166352,
      "hardness_bias": 0.2014629239038978,
      "samples": 126
    },
    "adaptive_strategy_selection": {
      "pressure_gain": 1.95,
      "difficulty_bias": 0.35,
      "escalation_bias": 0.3,
      "patience_bias": -0.3,
      "hardness_bias": 0.35,
      "samples": 126
    },
    "compression_elaboration_fit": {
      "pressure_gain": 1.191645602082996,
      "difficulty_bias": 0.08113711286206171,
      "escalation_bias": 0.07081648359477148,
      "patience_bias": -0.059067933051221384,
      "hardness_bias": 0.09145774212935197,
      "samples": 126
    },
    "perspective_integration": {
      "pressure_gain": 1.95,
      "difficulty_bias": 0.35,
      "escalation_bias": 0.3,
      "patience_bias": -0.3,
      "hardness_bias": 0.35,
      "samples": 126
    },
    "multi_turn_stability": {
      "pressure_gain": 1.247352927794757,
      "difficulty_bias": 0.10445239349605513,
      "escalation_bias": 0.09113776573859789,
      "patience_bias": -0.07575850941753767,
      "hardness_bias": 0.11776702125351247,
      "samples": 126
    }
  },
  "last_episode_id": "episode_8b1b679ff819",
  "last_update_ts": 1780512287.9478037
}