{
  "version": 1,
  "samples": 412,
  "global": {
    "pressure_gain_bias": 0.4,
    "difficulty_bias": 0.35,
    "escalation_bias": 0.3,
    "patience_bias": -0.3,
    "hardness_bias": 0.35,
    "samples": 412
  },
  "axis": {
    "X": {
      "pressure_gain": 1.3257697075773582,
      "difficulty_bias": 0.1207969065383352,
      "escalation_bias": 0.10363387104797396,
      "patience_bias": -0.10329653688780427,
      "hardness_bias": 0.12129339474257285,
      "samples": 412
    },
    "T": {
      "pressure_gain": 1.792931965389654,
      "difficulty_bias": 0.3081643937427346,
      "escalation_bias": 0.26601870639984465,
      "patience_bias": -0.25939879771353624,
      "hardness_bias": 0.3179897347936344,
      "samples": 412
    },
    "N": {
      "pressure_gain": 1.537663504115094,
      "difficulty_bias": 0.2048216311964451,
      "escalation_bias": 0.1762679982678,
      "patience_bias": -0.17371698351773307,
      "hardness_bias": 0.2083709724769587,
      "samples": 412
    },
    "B": {
      "pressure_gain": 1.88983512740683,
      "difficulty_bias": 0.3342486593070828,
      "escalation_bias": 0.28697021987944915,
      "patience_bias": -0.2851457961231625,
      "hardness_bias": 0.33627800835258387,
      "samples": 412
    },
    "A": {
      "pressure_gain": 1.4324679467971357,
      "difficulty_bias": 0.1695673938233833,
      "escalation_bias": 0.14657531761505627,
      "patience_bias": -0.14226388742374974,
      "hardness_bias": 0.1760345390362245,
      "samples": 412
    }
  },
  "dimensions": {
    "coherence_maintenance": {
      "pressure_gain": 1.95,
      "difficulty_bias": 0.35,
      "escalation_bias": 0.3,
      "patience_bias": -0.3,
      "hardness_bias": 0.35,
      "samples": 412
    },
    "context_carryover": {
      "pressure_gain": 1.95,
      "difficulty_bias": 0.35,
      "escalation_bias": 0.3,
      "patience_bias": -0.3,
      "hardness_bias": 0.35,
      "samples": 412
    },
    "ambiguity_handling": {
      "pressure_gain": 1.95,
      "difficulty_bias": 0.35,
      "escalation_bias": 0.3,
      "patience_bias": -0.3,
      "hardness_bias": 0.35,
      "samples": 412
    },
    "contradiction_handling": {
      "pressure_gain": 1.95,
      "difficulty_bias": 0.35,
      "escalation_bias": 0.3,
      "patience_bias": -0.3,
      "hardness_bias": 0.35,
      "samples": 412
    },
    "implied_intent_inference": {
      "pressure_gain": 1.8851097460937494,
      "difficulty_bias": 0.32838451171875,
      "escalation_bias": 0.2817488671875,
      "patience_bias": -0.28078136718749996,
      "hardness_bias": 0.32983576171874995,
      "samples": 412
    },
    "misunderstanding_repair": {
      "pressure_gain": 1.0,
      "difficulty_bias": 0.0,
      "escalation_bias": 0.0,
      "patience_bias": 0.0,
      "hardness_bias": 0.0,
      "samples": 412
    },
    "uncertainty_signaling": {
      "pressure_gain": 1.95,
      "difficulty_bias": 0.35,
      "escalation_bias": 0.3,
      "patience_bias": -0.3,
      "hardness_bias": 0.35,
      "samples": 412
    },
    "boundary_calibration": {
      "pressure_gain": 1.6946897651798638,
      "difficulty_bias": 0.2734067211412771,
      "escalation_bias": 0.23645591555236578,
      "patience_bias": -0.22908037454291677,
      "hardness_bias": 0.28447003265545046,
      "samples": 412
    },
    "framing_selection": {
      "pressure_gain": 1.95,
      "difficulty_bias": 0.35,
      "escalation_bias": 0.3,
      "patience_bias": -0.3,
      "hardness_bias": 0.35,
      "samples": 412
    },
    "emotional_calibration": {
      "pressure_gain": 1.0000211345625396,
      "difficulty_bias": 8.335540525558888e-06,
      "escalation_bias": 7.210992400913171e-06,
      "patience_bias": -5.425599804660519e-06,
      "hardness_bias": 9.460088650204642e-06,
      "samples": 412
    },
    "semantic_precision": {
      "pressure_gain": 1.0406200949777222,
      "difficulty_bias": 0.018446603800373607,
      "escalation_bias": 0.016231341716910843,
      "patience_bias": -0.014740586766119626,
      "hardness_bias": 0.020661865883836363,
      "samples": 412
    },
    "adaptive_strategy_selection": {
      "pressure_gain": 1.433214703264071,
      "difficulty_bias": 0.1947254426090137,
      "escalation_bias": 0.17114422373929883,
      "patience_bias": -0.15631576847879378,
      "hardness_bias": 0.2169681254997714,
      "samples": 412
    },
    "compression_elaboration_fit": {
      "pressure_gain": 1.0002787280840457,
      "difficulty_bias": 0.0001221904195967915,
      "escalation_bias": 0.00010708716209251394,
      "patience_bias": -9.33482641508093e-05,
      "hardness_bias": 0.00013729367710106887,
      "samples": 412
    },
    "perspective_integration": {
      "pressure_gain": 1.95,
      "difficulty_bias": 0.35,
      "escalation_bias": 0.3,
      "patience_bias": -0.3,
      "hardness_bias": 0.35,
      "samples": 412
    },
    "multi_turn_stability": {
      "pressure_gain": 1.648238964356085,
      "difficulty_bias": 0.2946370857932029,
      "escalation_bias": 0.25927897435975006,
      "patience_bias": -0.23569305725187714,
      "hardness_bias": 0.32999519722665593,
      "samples": 412
    }
  },
  "last_episode_id": "episode_a501592dba53",
  "last_update_ts": 1784888397.0309172
}