{
  "version": 1,
  "samples": 100,
  "global": {
    "pressure_gain_bias": 0.4,
    "difficulty_bias": 0.35,
    "escalation_bias": 0.3,
    "patience_bias": -0.297474,
    "hardness_bias": 0.35,
    "samples": 100
  },
  "axis": {
    "X": {
      "pressure_gain": 1.5051612509329904,
      "difficulty_bias": 0.1958587440478618,
      "escalation_bias": 0.16905265581113685,
      "patience_bias": -0.15667440948523495,
      "hardness_bias": 0.20615305648796942,
      "samples": 100
    },
    "T": {
      "pressure_gain": 1.677604547754144,
      "difficulty_bias": 0.25394533112803247,
      "escalation_bias": 0.21814149424031656,
      "patience_bias": -0.21532306665850082,
      "hardness_bias": 0.2569553526950983,
      "samples": 100
    },
    "N": {
      "pressure_gain": 1.6825365661363725,
      "difficulty_bias": 0.25558042550698823,
      "escalation_bias": 0.21956257789283953,
      "patience_bias": -0.2132675106403909,
      "hardness_bias": 0.260425406936841,
      "samples": 100
    },
    "B": {
      "pressure_gain": 1.8204417857954969,
      "difficulty_bias": 0.3152881057386391,
      "escalation_bias": 0.2718169286082766,
      "patience_bias": -0.26246303214987776,
      "hardness_bias": 0.3251355119455108,
      "samples": 100
    },
    "A": {
      "pressure_gain": 1.5730548383387921,
      "difficulty_bias": 0.22071492371376902,
      "escalation_bias": 0.18933851985950345,
      "patience_bias": -0.17980555451521105,
      "hardness_bias": 0.22230887418230794,
      "samples": 100
    }
  },
  "dimensions": {
    "coherence_maintenance": {
      "pressure_gain": 1.9262499999999998,
      "difficulty_bias": 0.34125,
      "escalation_bias": 0.2925,
      "patience_bias": -0.2925,
      "hardness_bias": 0.34125,
      "samples": 100
    },
    "context_carryover": {
      "pressure_gain": 1.95,
      "difficulty_bias": 0.35,
      "escalation_bias": 0.3,
      "patience_bias": -0.3,
      "hardness_bias": 0.35,
      "samples": 100
    },
    "ambiguity_handling": {
      "pressure_gain": 1.706565377998808,
      "difficulty_bias": 0.30843948814683203,
      "escalation_bias": 0.27018237161028863,
      "patience_bias": -0.23430781092823022,
      "hardness_bias": 0.34164,
      "samples": 100
    },
    "contradiction_handling": {
      "pressure_gain": 1.95,
      "difficulty_bias": 0.35,
      "escalation_bias": 0.3,
      "patience_bias": -0.3,
      "hardness_bias": 0.35,
      "samples": 100
    },
    "implied_intent_inference": {
      "pressure_gain": 1.8049255126373527,
      "difficulty_bias": 0.3247080557293815,
      "escalation_bias": 0.2786158070768023,
      "patience_bias": -0.25205516458248206,
      "hardness_bias": 0.32996771419884746,
      "samples": 100
    },
    "misunderstanding_repair": {
      "pressure_gain": 1.0,
      "difficulty_bias": 0.0,
      "escalation_bias": 0.0,
      "patience_bias": 0.0,
      "hardness_bias": 0.0,
      "samples": 100
    },
    "uncertainty_signaling": {
      "pressure_gain": 1.95,
      "difficulty_bias": 0.35,
      "escalation_bias": 0.3,
      "patience_bias": -0.3,
      "hardness_bias": 0.35,
      "samples": 100
    },
    "boundary_calibration": {
      "pressure_gain": 1.787522077111198,
      "difficulty_bias": 0.2921651186110325,
      "escalation_bias": 0.25067157921473404,
      "patience_bias": -0.2470278053447242,
      "hardness_bias": 0.29484217696450904,
      "samples": 100
    },
    "framing_selection": {
      "pressure_gain": 1.9030937499999996,
      "difficulty_bias": 0.33271875,
      "escalation_bias": 0.2851875,
      "patience_bias": -0.2851875,
      "hardness_bias": 0.33271875,
      "samples": 100
    },
    "emotional_calibration": {
      "pressure_gain": 1.0191189382385426,
      "difficulty_bias": 0.008361437682326252,
      "escalation_bias": 0.007325897367672561,
      "patience_bias": -0.006367472218115599,
      "hardness_bias": 0.009396977996979946,
      "samples": 100
    },
    "semantic_precision": {
      "pressure_gain": 1.5409796658055657,
      "difficulty_bias": 0.22375589592910308,
      "escalation_bias": 0.19474000198376457,
      "patience_bias": -0.15735285240482014,
      "hardness_bias": 0.252771789874442,
      "samples": 100
    },
    "adaptive_strategy_selection": {
      "pressure_gain": 1.95,
      "difficulty_bias": 0.35,
      "escalation_bias": 0.3,
      "patience_bias": -0.3,
      "hardness_bias": 0.35,
      "samples": 100
    },
    "compression_elaboration_fit": {
      "pressure_gain": 1.21501962797992,
      "difficulty_bias": 0.08919027692782676,
      "escalation_bias": 0.07765184286365627,
      "patience_bias": -0.06299621321394856,
      "hardness_bias": 0.10072871099199723,
      "samples": 100
    },
    "perspective_integration": {
      "pressure_gain": 1.95,
      "difficulty_bias": 0.35,
      "escalation_bias": 0.3,
      "patience_bias": -0.3,
      "hardness_bias": 0.35,
      "samples": 100
    },
    "multi_turn_stability": {
      "pressure_gain": 1.2066262419404061,
      "difficulty_bias": 0.09108537510506032,
      "escalation_bias": 0.07987786712759633,
      "patience_bias": -0.07009567043548055,
      "hardness_bias": 0.10229288308252436,
      "samples": 100
    }
  },
  "last_episode_id": "episode_3b8cf2365a5c",
  "last_update_ts": 1780482574.8623013
}