{
  "version": 1,
  "samples": 218,
  "global": {
    "pressure_gain_bias": 0.4,
    "difficulty_bias": 0.35,
    "escalation_bias": 0.3,
    "patience_bias": -0.3,
    "hardness_bias": 0.35,
    "samples": 218
  },
  "axis": {
    "X": {
      "pressure_gain": 1.2614593616252068,
      "difficulty_bias": 0.09700741102554802,
      "escalation_bias": 0.08323126067925866,
      "patience_bias": -0.08168479716437974,
      "hardness_bias": 0.09806782207229123,
      "samples": 218
    },
    "T": {
      "pressure_gain": 1.6738363415319075,
      "difficulty_bias": 0.25275498355242465,
      "escalation_bias": 0.21718174426858838,
      "patience_bias": -0.21472593897629247,
      "hardness_bias": 0.25579357080059945,
      "samples": 218
    },
    "N": {
      "pressure_gain": 1.6139577890758565,
      "difficulty_bias": 0.23231565344557487,
      "escalation_bias": 0.19953218142687837,
      "patience_bias": -0.19696049574663793,
      "hardness_bias": 0.23447624819595533,
      "samples": 218
    },
    "B": {
      "pressure_gain": 1.8746072277721886,
      "difficulty_bias": 0.3222323766335953,
      "escalation_bias": 0.27619990645706627,
      "patience_bias": -0.2761965930269983,
      "hardness_bias": 0.3222344758310974,
      "samples": 218
    },
    "A": {
      "pressure_gain": 1.5577412382098899,
      "difficulty_bias": 0.20555155634803243,
      "escalation_bias": 0.17618974296363826,
      "patience_bias": -0.17616126417545921,
      "hardness_bias": 0.2055674411965921,
      "samples": 218
    }
  },
  "dimensions": {
    "coherence_maintenance": {
      "pressure_gain": 1.95,
      "difficulty_bias": 0.35,
      "escalation_bias": 0.3,
      "patience_bias": -0.3,
      "hardness_bias": 0.35,
      "samples": 218
    },
    "context_carryover": {
      "pressure_gain": 1.95,
      "difficulty_bias": 0.35,
      "escalation_bias": 0.3,
      "patience_bias": -0.3,
      "hardness_bias": 0.35,
      "samples": 218
    },
    "ambiguity_handling": {
      "pressure_gain": 1.5872341499570701,
      "difficulty_bias": 0.2163494236683949,
      "escalation_bias": 0.1854423631443385,
      "patience_bias": -0.1854423631443385,
      "hardness_bias": 0.2163494236683949,
      "samples": 218
    },
    "contradiction_handling": {
      "pressure_gain": 1.95,
      "difficulty_bias": 0.35,
      "escalation_bias": 0.3,
      "patience_bias": -0.3,
      "hardness_bias": 0.35,
      "samples": 218
    },
    "implied_intent_inference": {
      "pressure_gain": 1.5872341499570701,
      "difficulty_bias": 0.2163494236683949,
      "escalation_bias": 0.1854423631443385,
      "patience_bias": -0.1854423631443385,
      "hardness_bias": 0.2163494236683949,
      "samples": 218
    },
    "misunderstanding_repair": {
      "pressure_gain": 1.0,
      "difficulty_bias": 0.0,
      "escalation_bias": 0.0,
      "patience_bias": 0.0,
      "hardness_bias": 0.0,
      "samples": 218
    },
    "uncertainty_signaling": {
      "pressure_gain": 1.95,
      "difficulty_bias": 0.35,
      "escalation_bias": 0.3,
      "patience_bias": -0.3,
      "hardness_bias": 0.35,
      "samples": 218
    },
    "boundary_calibration": {
      "pressure_gain": 1.95,
      "difficulty_bias": 0.35,
      "escalation_bias": 0.3,
      "patience_bias": -0.3,
      "hardness_bias": 0.35,
      "samples": 218
    },
    "framing_selection": {
      "pressure_gain": 1.5872341499570701,
      "difficulty_bias": 0.2163494236683949,
      "escalation_bias": 0.1854423631443385,
      "patience_bias": -0.1854423631443385,
      "hardness_bias": 0.2163494236683949,
      "samples": 218
    },
    "emotional_calibration": {
      "pressure_gain": 1.0028714272490764,
      "difficulty_bias": 0.0011325002896846801,
      "escalation_bias": 0.000979714627732632,
      "patience_bias": -0.0007371439598488667,
      "hardness_bias": 0.001285285951636732,
      "samples": 218
    },
    "semantic_precision": {
      "pressure_gain": 1.042960618364973,
      "difficulty_bias": 0.01732212424307877,
      "escalation_bias": 0.015027827332566931,
      "patience_bias": -0.011701279381039112,
      "hardness_bias": 0.01961642115359061,
      "samples": 218
    },
    "adaptive_strategy_selection": {
      "pressure_gain": 1.95,
      "difficulty_bias": 0.35,
      "escalation_bias": 0.3,
      "patience_bias": -0.3,
      "hardness_bias": 0.35,
      "samples": 218
    },
    "compression_elaboration_fit": {
      "pressure_gain": 1.0378691261783821,
      "difficulty_bias": 0.01660128520349082,
      "escalation_bias": 0.014549295479929421,
      "patience_bias": -0.012682673171367648,
      "hardness_bias": 0.01865327492705222,
      "samples": 218
    },
    "perspective_integration": {
      "pressure_gain": 1.95,
      "difficulty_bias": 0.35,
      "escalation_bias": 0.3,
      "patience_bias": -0.3,
      "hardness_bias": 0.35,
      "samples": 218
    },
    "multi_turn_stability": {
      "pressure_gain": 1.114305425547125,
      "difficulty_bias": 0.05087704918545399,
      "escalation_bias": 0.04466620695701595,
      "patience_bias": -0.039645676086527235,
      "hardness_bias": 0.05708789141389212,
      "samples": 218
    }
  },
  "last_episode_id": "episode_7f4a7a769908",
  "last_update_ts": 1783531906.7193766
}