{
  "version": 1,
  "samples": 373,
  "global": {
    "pressure_gain_bias": 0.4,
    "difficulty_bias": 0.35,
    "escalation_bias": 0.3,
    "patience_bias": -0.3,
    "hardness_bias": 0.35,
    "samples": 373
  },
  "axis": {
    "X": {
      "pressure_gain": 1.3169708275588623,
      "difficulty_bias": 0.11680074464676922,
      "escalation_bias": 0.10011720760031564,
      "patience_bias": -0.10008394857373604,
      "hardness_bias": 0.11682488404351482,
      "samples": 373
    },
    "T": {
      "pressure_gain": 1.4581093215237586,
      "difficulty_bias": 0.17574269898735836,
      "escalation_bias": 0.151476883008308,
      "patience_bias": -0.14852458879536865,
      "hardness_bias": 0.18015982819143841,
      "samples": 373
    },
    "N": {
      "pressure_gain": 1.4014355870777204,
      "difficulty_bias": 0.1534831977935333,
      "escalation_bias": 0.1322308783899001,
      "patience_bias": -0.1298659940000819,
      "hardness_bias": 0.15702412092876838,
      "samples": 373
    },
    "B": {
      "pressure_gain": 1.6383607947037895,
      "difficulty_bias": 0.2351855559442018,
      "escalation_bias": 0.2015876193808031,
      "patience_bias": -0.20158761938053527,
      "hardness_bias": 0.23518555594437152,
      "samples": 373
    },
    "A": {
      "pressure_gain": 1.37695492773089,
      "difficulty_bias": 0.14252618448554724,
      "escalation_bias": 0.12260538311831833,
      "patience_bias": -0.1210650951274869,
      "hardness_bias": 0.14483661195874725,
      "samples": 373
    }
  },
  "dimensions": {
    "coherence_maintenance": {
      "pressure_gain": 1.95,
      "difficulty_bias": 0.35,
      "escalation_bias": 0.3,
      "patience_bias": -0.3,
      "hardness_bias": 0.35,
      "samples": 373
    },
    "context_carryover": {
      "pressure_gain": 1.369423214971781,
      "difficulty_bias": 0.1556679531071797,
      "escalation_bias": 0.1357898557060519,
      "patience_bias": -0.1275292200564092,
      "hardness_bias": 0.1680589065816439,
      "samples": 373
    },
    "ambiguity_handling": {
      "pressure_gain": 1.0116018363930444,
      "difficulty_bias": 0.00427436077638599,
      "escalation_bias": 0.003663737808330848,
      "patience_bias": -0.003663737808330848,
      "hardness_bias": 0.00427436077638599,
      "samples": 373
    },
    "contradiction_handling": {
      "pressure_gain": 1.95,
      "difficulty_bias": 0.35,
      "escalation_bias": 0.3,
      "patience_bias": -0.3,
      "hardness_bias": 0.35,
      "samples": 373
    },
    "implied_intent_inference": {
      "pressure_gain": 1.95,
      "difficulty_bias": 0.35,
      "escalation_bias": 0.3,
      "patience_bias": -0.3,
      "hardness_bias": 0.35,
      "samples": 373
    },
    "misunderstanding_repair": {
      "pressure_gain": 1.0,
      "difficulty_bias": 0.0,
      "escalation_bias": 0.0,
      "patience_bias": 0.0,
      "hardness_bias": 0.0,
      "samples": 373
    },
    "uncertainty_signaling": {
      "pressure_gain": 1.2186646625147268,
      "difficulty_bias": 0.09537142637683796,
      "escalation_bias": 0.08353363190114245,
      "patience_bias": -0.07728019937765783,
      "hardness_bias": 0.10475157516206497,
      "samples": 373
    },
    "boundary_calibration": {
      "pressure_gain": 1.95,
      "difficulty_bias": 0.35,
      "escalation_bias": 0.3,
      "patience_bias": -0.3,
      "hardness_bias": 0.35,
      "samples": 373
    },
    "framing_selection": {
      "pressure_gain": 1.95,
      "difficulty_bias": 0.35,
      "escalation_bias": 0.3,
      "patience_bias": -0.3,
      "hardness_bias": 0.35,
      "samples": 373
    },
    "emotional_calibration": {
      "pressure_gain": 1.0000567300610153,
      "difficulty_bias": 2.2374521435719072e-05,
      "escalation_bias": 1.9355973803057157e-05,
      "patience_bias": -1.456356654481871e-05,
      "hardness_bias": 2.5393069068381083e-05,
      "samples": 373
    },
    "semantic_precision": {
      "pressure_gain": 1.0008487620579447,
      "difficulty_bias": 0.00034222882211965456,
      "escalation_bias": 0.0002969009790526612,
      "patience_bias": -0.00023117921356937814,
      "hardness_bias": 0.000387556665186647,
      "samples": 373
    },
    "adaptive_strategy_selection": {
      "pressure_gain": 1.1565551855989948,
      "difficulty_bias": 0.06743398844722648,
      "escalation_bias": 0.05897744712177705,
      "patience_bias": -0.05485834753723685,
      "hardness_bias": 0.07361263782403688,
      "samples": 373
    },
    "compression_elaboration_fit": {
      "pressure_gain": 1.0007481707361534,
      "difficulty_bias": 0.00032798738775547006,
      "escalation_bias": 0.0002874467464206379,
      "patience_bias": -0.0002505683621626214,
      "hardness_bias": 0.00036852802909030186,
      "samples": 373
    },
    "perspective_integration": {
      "pressure_gain": 1.95,
      "difficulty_bias": 0.35,
      "escalation_bias": 0.3,
      "patience_bias": -0.3,
      "hardness_bias": 0.35,
      "samples": 373
    },
    "multi_turn_stability": {
      "pressure_gain": 1.0022583033465111,
      "difficulty_bias": 0.0010051649769582153,
      "escalation_bias": 0.0008824589398474014,
      "patience_bias": -0.0007832695828082827,
      "hardness_bias": 0.0011278710140690306,
      "samples": 373
    }
  },
  "last_episode_id": "episode_7335289fb2c2",
  "last_update_ts": 1784454892.1738393
}