{
  "version": 1,
  "samples": 294,
  "global": {
    "pressure_gain_bias": 0.4,
    "difficulty_bias": 0.35,
    "escalation_bias": 0.3,
    "patience_bias": -0.3,
    "hardness_bias": 0.35,
    "samples": 294
  },
  "axis": {
    "X": {
      "pressure_gain": 1.2163259509442481,
      "difficulty_bias": 0.08126431071702846,
      "escalation_bias": 0.06984127370611648,
      "patience_bias": -0.06900355464690482,
      "hardness_bias": 0.08233050431271297,
      "samples": 294
    },
    "T": {
      "pressure_gain": 1.597991078946005,
      "difficulty_bias": 0.22211090653641405,
      "escalation_bias": 0.19056321324056708,
      "patience_bias": -0.18984043654148888,
      "hardness_bias": 0.22306357375580163,
      "samples": 294
    },
    "N": {
      "pressure_gain": 1.4769379216532532,
      "difficulty_bias": 0.1804111332121363,
      "escalation_bias": 0.15520464477455828,
      "patience_bias": -0.15317419100275406,
      "hardness_bias": 0.18340903705091446,
      "samples": 294
    },
    "B": {
      "pressure_gain": 1.6704811105538457,
      "difficulty_bias": 0.24701935940390768,
      "escalation_bias": 0.21173087973097582,
      "patience_bias": -0.2117308786276379,
      "hardness_bias": 0.24701936010291864,
      "samples": 294
    },
    "A": {
      "pressure_gain": 1.449979164981613,
      "difficulty_bias": 0.1689777543253984,
      "escalation_bias": 0.14522164378809513,
      "patience_bias": -0.1438769563474334,
      "hardness_bias": 0.17097619410629664,
      "samples": 294
    }
  },
  "dimensions": {
    "coherence_maintenance": {
      "pressure_gain": 1.95,
      "difficulty_bias": 0.35,
      "escalation_bias": 0.3,
      "patience_bias": -0.3,
      "hardness_bias": 0.35,
      "samples": 294
    },
    "context_carryover": {
      "pressure_gain": 1.8585034960937494,
      "difficulty_bias": 0.31629076171875,
      "escalation_bias": 0.2711063671875,
      "patience_bias": -0.2711063671875,
      "hardness_bias": 0.31629076171875,
      "samples": 294
    },
    "ambiguity_handling": {
      "pressure_gain": 1.0857357786879167,
      "difficulty_bias": 0.03158686583239201,
      "escalation_bias": 0.027074456427764577,
      "patience_bias": -0.027074456427764577,
      "hardness_bias": 0.03158686583239201,
      "samples": 294
    },
    "contradiction_handling": {
      "pressure_gain": 1.95,
      "difficulty_bias": 0.35,
      "escalation_bias": 0.3,
      "patience_bias": -0.3,
      "hardness_bias": 0.35,
      "samples": 294
    },
    "implied_intent_inference": {
      "pressure_gain": 1.95,
      "difficulty_bias": 0.35,
      "escalation_bias": 0.3,
      "patience_bias": -0.3,
      "hardness_bias": 0.35,
      "samples": 294
    },
    "misunderstanding_repair": {
      "pressure_gain": 1.0,
      "difficulty_bias": 0.0,
      "escalation_bias": 0.0,
      "patience_bias": 0.0,
      "hardness_bias": 0.0,
      "samples": 294
    },
    "uncertainty_signaling": {
      "pressure_gain": 1.5773945306849908,
      "difficulty_bias": 0.23878872214289187,
      "escalation_bias": 0.20782032695371686,
      "patience_bias": -0.19681534904438366,
      "hardness_bias": 0.2552961890068918,
      "samples": 294
    },
    "boundary_calibration": {
      "pressure_gain": 1.95,
      "difficulty_bias": 0.35,
      "escalation_bias": 0.3,
      "patience_bias": -0.3,
      "hardness_bias": 0.35,
      "samples": 294
    },
    "framing_selection": {
      "pressure_gain": 1.5431765658685568,
      "difficulty_bias": 0.2055961189391953,
      "escalation_bias": 0.17688613559083277,
      "patience_bias": -0.17457301784050394,
      "hardness_bias": 0.20906579556468846,
      "samples": 294
    },
    "emotional_calibration": {
      "pressure_gain": 1.0004192263872294,
      "difficulty_bias": 0.00016534425698422044,
      "escalation_bias": 0.0001430376562853921,
      "patience_bias": -0.00010762250698015494,
      "hardness_bias": 0.00018765085768304954,
      "samples": 294
    },
    "semantic_precision": {
      "pressure_gain": 1.0062722204910994,
      "difficulty_bias": 0.0025290181278078655,
      "escalation_bias": 0.0021940523698075766,
      "patience_bias": -0.0017083786756128584,
      "hardness_bias": 0.002863983885808151,
      "samples": 294
    },
    "adaptive_strategy_selection": {
      "pressure_gain": 1.4673999506679096,
      "difficulty_bias": 0.1899595630486736,
      "escalation_bias": 0.1649649082845736,
      "patience_bias": -0.15746641843458675,
      "hardness_bias": 0.20120729782365393,
      "samples": 294
    },
    "compression_elaboration_fit": {
      "pressure_gain": 1.0055288661624513,
      "difficulty_bias": 0.0024237761278794808,
      "escalation_bias": 0.0021241870511508705,
      "patience_bias": -0.0018516614884728703,
      "hardness_bias": 0.0027233652046080893,
      "samples": 294
    },
    "perspective_integration": {
      "pressure_gain": 1.95,
      "difficulty_bias": 0.35,
      "escalation_bias": 0.3,
      "patience_bias": -0.3,
      "hardness_bias": 0.35,
      "samples": 294
    },
    "multi_turn_stability": {
      "pressure_gain": 1.0166885128670586,
      "difficulty_bias": 0.007428013901401058,
      "escalation_bias": 0.006521235242833802,
      "patience_bias": -0.0057882412171294684,
      "hardness_bias": 0.00833479255996833,
      "samples": 294
    }
  },
  "last_episode_id": "episode_61a016615435",
  "last_update_ts": 1783992696.7778935
}