{
  "version": 1,
  "samples": 357,
  "global": {
    "pressure_gain_bias": 0.4,
    "difficulty_bias": 0.35,
    "escalation_bias": 0.3,
    "patience_bias": -0.3,
    "hardness_bias": 0.35,
    "samples": 357
  },
  "axis": {
    "X": {
      "pressure_gain": 1.3167789304446158,
      "difficulty_bias": 0.1167744994560447,
      "escalation_bias": 0.100098436193442,
      "patience_bias": -0.10003803302637464,
      "hardness_bias": 0.11682312399457127,
      "samples": 357
    },
    "T": {
      "pressure_gain": 1.4924060220637572,
      "difficulty_bias": 0.18894689854873306,
      "escalation_bias": 0.16286332127509986,
      "patience_bias": -0.15966544723147966,
      "hardness_bias": 0.19372670249152435,
      "samples": 357
    },
    "N": {
      "pressure_gain": 1.4245823545525091,
      "difficulty_bias": 0.1632185695545697,
      "escalation_bias": 0.1407211632164842,
      "patience_bias": -0.1378431989027611,
      "hardness_bias": 0.1675259140694537,
      "samples": 357
    },
    "B": {
      "pressure_gain": 1.6408716547643871,
      "difficulty_bias": 0.23611060965381597,
      "escalation_bias": 0.20238052256073064,
      "patience_bias": -0.20238052255928518,
      "hardness_bias": 0.23611060965473168,
      "samples": 357
    },
    "A": {
      "pressure_gain": 1.394087915115454,
      "difficulty_bias": 0.14958903943946214,
      "escalation_bias": 0.1287498175257299,
      "patience_bias": -0.12689257162573897,
      "hardness_bias": 0.15237488393435933,
      "samples": 357
    }
  },
  "dimensions": {
    "coherence_maintenance": {
      "pressure_gain": 1.95,
      "difficulty_bias": 0.35,
      "escalation_bias": 0.3,
      "patience_bias": -0.3,
      "hardness_bias": 0.35,
      "samples": 357
    },
    "context_carryover": {
      "pressure_gain": 1.4507339357675144,
      "difficulty_bias": 0.18696777581080667,
      "escalation_bias": 0.16278031698089906,
      "patience_bias": -0.1539525349801724,
      "hardness_bias": 0.20020944881189684,
      "samples": 357
    },
    "ambiguity_handling": {
      "pressure_gain": 1.0173961396615832,
      "difficulty_bias": 0.006409104085848007,
      "escalation_bias": 0.00549351778786972,
      "patience_bias": -0.00549351778786972,
      "hardness_bias": 0.006409104085848007,
      "samples": 357
    },
    "contradiction_handling": {
      "pressure_gain": 1.95,
      "difficulty_bias": 0.35,
      "escalation_bias": 0.3,
      "patience_bias": -0.3,
      "hardness_bias": 0.35,
      "samples": 357
    },
    "implied_intent_inference": {
      "pressure_gain": 1.95,
      "difficulty_bias": 0.35,
      "escalation_bias": 0.3,
      "patience_bias": -0.3,
      "hardness_bias": 0.35,
      "samples": 357
    },
    "misunderstanding_repair": {
      "pressure_gain": 1.0,
      "difficulty_bias": 0.0,
      "escalation_bias": 0.0,
      "patience_bias": 0.0,
      "hardness_bias": 0.0,
      "samples": 357
    },
    "uncertainty_signaling": {
      "pressure_gain": 1.2738787596217067,
      "difficulty_bias": 0.11861098794176754,
      "escalation_bias": 0.10380279889320783,
      "patience_bias": -0.09632596659228322,
      "hardness_bias": 0.1298262363931546,
      "samples": 357
    },
    "boundary_calibration": {
      "pressure_gain": 1.95,
      "difficulty_bias": 0.35,
      "escalation_bias": 0.3,
      "patience_bias": -0.3,
      "hardness_bias": 0.35,
      "samples": 357
    },
    "framing_selection": {
      "pressure_gain": 1.95,
      "difficulty_bias": 0.35,
      "escalation_bias": 0.3,
      "patience_bias": -0.3,
      "hardness_bias": 0.35,
      "samples": 357
    },
    "emotional_calibration": {
      "pressure_gain": 1.00008506274619,
      "difficulty_bias": 3.3549025048327216e-05,
      "escalation_bias": 2.902292466094304e-05,
      "patience_bias": -2.1837046222812346e-05,
      "hardness_bias": 3.807512543571152e-05,
      "samples": 357
    },
    "semantic_precision": {
      "pressure_gain": 1.0012726591549186,
      "difficulty_bias": 0.0005131481072584031,
      "escalation_bias": 0.00044518218687837987,
      "patience_bias": -0.00034663701071657797,
      "hardness_bias": 0.000581114027638425,
      "samples": 357
    },
    "adaptive_strategy_selection": {
      "pressure_gain": 1.1976702790986111,
      "difficulty_bias": 0.0844007893926854,
      "escalation_bias": 0.07373987055735393,
      "patience_bias": -0.0688526917846714,
      "hardness_bias": 0.09173155755170927,
      "samples": 357
    },
    "compression_elaboration_fit": {
      "pressure_gain": 1.0011218295255961,
      "difficulty_bias": 0.0004917940756389653,
      "escalation_bias": 0.0004310062283759509,
      "patience_bias": -0.0003757096786477905,
      "hardness_bias": 0.0005525819229019791,
      "samples": 357
    },
    "perspective_integration": {
      "pressure_gain": 1.95,
      "difficulty_bias": 0.35,
      "escalation_bias": 0.3,
      "patience_bias": -0.3,
      "hardness_bias": 0.35,
      "samples": 357
    },
    "multi_turn_stability": {
      "pressure_gain": 1.003386167420677,
      "difficulty_bias": 0.0015071743584127587,
      "escalation_bias": 0.0013231852650844988,
      "patience_bias": -0.001174457783542907,
      "hardness_bias": 0.0016911634517410205,
      "samples": 357
    }
  },
  "last_episode_id": "episode_9ea3a7169b38",
  "last_update_ts": 1784368936.9423275
}