{
  "version": 1,
  "samples": 257,
  "global": {
    "pressure_gain_bias": 0.4,
    "difficulty_bias": 0.35,
    "escalation_bias": 0.3,
    "patience_bias": -0.3,
    "hardness_bias": 0.35,
    "samples": 257
  },
  "axis": {
    "X": {
      "pressure_gain": 1.2872935203134819,
      "difficulty_bias": 0.10940249633910176,
      "escalation_bias": 0.09407071124735003,
      "patience_bias": -0.0924478695955843,
      "hardness_bias": 0.11104717825055661,
      "samples": 257
    },
    "T": {
      "pressure_gain": 1.5664804234421523,
      "difficulty_bias": 0.21012975055436206,
      "escalation_bias": 0.18028315849127796,
      "patience_bias": -0.1794680583868444,
      "hardness_bias": 0.21113811055710685,
      "samples": 257
    },
    "N": {
      "pressure_gain": 1.5537013823121386,
      "difficulty_bias": 0.20450463817596568,
      "escalation_bias": 0.17534565680749525,
      "patience_bias": -0.17501536448823574,
      "hardness_bias": 0.20485678494970394,
      "samples": 257
    },
    "B": {
      "pressure_gain": 1.7279177497267395,
      "difficulty_bias": 0.2681803658271753,
      "escalation_bias": 0.22986889692593931,
      "patience_bias": -0.2298688425088038,
      "hardness_bias": 0.2681804003027226,
      "samples": 257
    },
    "A": {
      "pressure_gain": 1.5066353957005088,
      "difficulty_bias": 0.18903614770504296,
      "escalation_bias": 0.16222079148955765,
      "patience_bias": -0.1614480995140873,
      "hardness_bias": 0.18995961343117623,
      "samples": 257
    }
  },
  "dimensions": {
    "coherence_maintenance": {
      "pressure_gain": 1.95,
      "difficulty_bias": 0.35,
      "escalation_bias": 0.3,
      "patience_bias": -0.3,
      "hardness_bias": 0.35,
      "samples": 257
    },
    "context_carryover": {
      "pressure_gain": 1.5582394638029395,
      "difficulty_bias": 0.2056671708747679,
      "escalation_bias": 0.17628614646408677,
      "patience_bias": -0.17628614646408677,
      "hardness_bias": 0.2056671708747679,
      "samples": 257
    },
    "ambiguity_handling": {
      "pressure_gain": 1.2187717877686046,
      "difficulty_bias": 0.08060013233580289,
      "escalation_bias": 0.06908582771640247,
      "patience_bias": -0.06908582771640247,
      "hardness_bias": 0.08060013233580289,
      "samples": 257
    },
    "contradiction_handling": {
      "pressure_gain": 1.95,
      "difficulty_bias": 0.35,
      "escalation_bias": 0.3,
      "patience_bias": -0.3,
      "hardness_bias": 0.35,
      "samples": 257
    },
    "implied_intent_inference": {
      "pressure_gain": 1.95,
      "difficulty_bias": 0.35,
      "escalation_bias": 0.3,
      "patience_bias": -0.3,
      "hardness_bias": 0.35,
      "samples": 257
    },
    "misunderstanding_repair": {
      "pressure_gain": 1.0,
      "difficulty_bias": 0.0,
      "escalation_bias": 0.0,
      "patience_bias": 0.0,
      "hardness_bias": 0.0,
      "samples": 257
    },
    "uncertainty_signaling": {
      "pressure_gain": 1.5582394638029395,
      "difficulty_bias": 0.2056671708747679,
      "escalation_bias": 0.17628614646408677,
      "patience_bias": -0.17628614646408677,
      "hardness_bias": 0.2056671708747679,
      "samples": 257
    },
    "boundary_calibration": {
      "pressure_gain": 1.95,
      "difficulty_bias": 0.35,
      "escalation_bias": 0.3,
      "patience_bias": -0.3,
      "hardness_bias": 0.35,
      "samples": 257
    },
    "framing_selection": {
      "pressure_gain": 1.95,
      "difficulty_bias": 0.35,
      "escalation_bias": 0.3,
      "patience_bias": -0.3,
      "hardness_bias": 0.35,
      "samples": 257
    },
    "emotional_calibration": {
      "pressure_gain": 1.0010697390006578,
      "difficulty_bias": 0.0004219085573291258,
      "escalation_bias": 0.00036498885602581567,
      "patience_bias": -0.00027462010162514634,
      "hardness_bias": 0.0004788282586324373,
      "samples": 257
    },
    "semantic_precision": {
      "pressure_gain": 1.01600481049005,
      "difficulty_bias": 0.006453289695235391,
      "escalation_bias": 0.005598558346894423,
      "patience_bias": -0.004359265907061111,
      "hardness_bias": 0.007308021043576354,
      "samples": 257
    },
    "adaptive_strategy_selection": {
      "pressure_gain": 1.5306763902776692,
      "difficulty_bias": 0.19551235431282624,
      "escalation_bias": 0.16758201798242248,
      "patience_bias": -0.16758201798242248,
      "hardness_bias": 0.19551235431282624,
      "samples": 257
    },
    "compression_elaboration_fit": {
      "pressure_gain": 1.014107994972507,
      "difficulty_bias": 0.006184743927936963,
      "escalation_bias": 0.0054202831752045875,
      "patience_bias": -0.004724880328550187,
      "hardness_bias": 0.006949204680669331,
      "samples": 257
    },
    "perspective_integration": {
      "pressure_gain": 1.95,
      "difficulty_bias": 0.35,
      "escalation_bias": 0.3,
      "patience_bias": -0.3,
      "hardness_bias": 0.35,
      "samples": 257
    },
    "multi_turn_stability": {
      "pressure_gain": 1.0425840396040016,
      "difficulty_bias": 0.018954045856336553,
      "escalation_bias": 0.016640220854906587,
      "patience_bias": -0.014769841698373212,
      "hardness_bias": 0.021267870857766567,
      "samples": 257
    }
  },
  "last_episode_id": "episode_19eca96cb69a",
  "last_update_ts": 1783799088.7039573
}