{
  "version": 1,
  "samples": 362,
  "global": {
    "pressure_gain_bias": 0.4,
    "difficulty_bias": 0.35,
    "escalation_bias": 0.3,
    "patience_bias": -0.3,
    "hardness_bias": 0.35,
    "samples": 362
  },
  "axis": {
    "X": {
      "pressure_gain": 1.316903934047841,
      "difficulty_bias": 0.11679918594678287,
      "escalation_bias": 0.10011784182680007,
      "patience_bias": -0.1000688597405581,
      "hardness_bias": 0.11683702710791927,
      "samples": 362
    },
    "T": {
      "pressure_gain": 1.4776259498657833,
      "difficulty_bias": 0.18308190800645457,
      "escalation_bias": 0.15778557446932193,
      "patience_bias": -0.15476685776175328,
      "hardness_bias": 0.1875950164347282,
      "samples": 362
    },
    "N": {
      "pressure_gain": 1.4150203871891796,
      "difficulty_bias": 0.1591536099742641,
      "escalation_bias": 0.13717151245820075,
      "patience_bias": -0.13452358884884008,
      "hardness_bias": 0.16311703532052096,
      "samples": 362
    },
    "B": {
      "pressure_gain": 1.6399753175540135,
      "difficulty_bias": 0.23578038015370995,
      "escalation_bias": 0.2020974687033671,
      "patience_bias": -0.2020974687025136,
      "hardness_bias": 0.23578038015425062,
      "samples": 362
    },
    "A": {
      "pressure_gain": 1.3872755866859214,
      "difficulty_bias": 0.14673551686460862,
      "escalation_bias": 0.1262624777757734,
      "patience_bias": -0.1245503544547716,
      "hardness_bias": 0.1493036874646748,
      "samples": 362
    }
  },
  "dimensions": {
    "coherence_maintenance": {
      "pressure_gain": 1.95,
      "difficulty_bias": 0.35,
      "escalation_bias": 0.3,
      "patience_bias": -0.3,
      "hardness_bias": 0.35,
      "samples": 362
    },
    "context_carryover": {
      "pressure_gain": 1.3971397296556776,
      "difficulty_bias": 0.16473650206388285,
      "escalation_bias": 0.14342503625554406,
      "patience_bias": -0.1356469155527884,
      "hardness_bias": 0.17640368311801655,
      "samples": 362
    },
    "ambiguity_handling": {
      "pressure_gain": 1.0153276637368989,
      "difficulty_bias": 0.005647034008332652,
      "escalation_bias": 0.0048403148642851305,
      "patience_bias": -0.0048403148642851305,
      "hardness_bias": 0.005647034008332652,
      "samples": 362
    },
    "contradiction_handling": {
      "pressure_gain": 1.95,
      "difficulty_bias": 0.35,
      "escalation_bias": 0.3,
      "patience_bias": -0.3,
      "hardness_bias": 0.35,
      "samples": 362
    },
    "implied_intent_inference": {
      "pressure_gain": 1.95,
      "difficulty_bias": 0.35,
      "escalation_bias": 0.3,
      "patience_bias": -0.3,
      "hardness_bias": 0.35,
      "samples": 362
    },
    "misunderstanding_repair": {
      "pressure_gain": 1.0,
      "difficulty_bias": 0.0,
      "escalation_bias": 0.0,
      "patience_bias": 0.0,
      "hardness_bias": 0.0,
      "samples": 362
    },
    "uncertainty_signaling": {
      "pressure_gain": 1.2413133956052929,
      "difficulty_bias": 0.10450763066059213,
      "escalation_bias": 0.0914601990634547,
      "patience_bias": -0.08487239432313975,
      "hardness_bias": 0.11438933777106468,
      "samples": 362
    },
    "boundary_calibration": {
      "pressure_gain": 1.95,
      "difficulty_bias": 0.35,
      "escalation_bias": 0.3,
      "patience_bias": -0.3,
      "hardness_bias": 0.35,
      "samples": 362
    },
    "framing_selection": {
      "pressure_gain": 1.95,
      "difficulty_bias": 0.35,
      "escalation_bias": 0.3,
      "patience_bias": -0.3,
      "hardness_bias": 0.35,
      "samples": 362
    },
    "emotional_calibration": {
      "pressure_gain": 1.0000749484193332,
      "difficulty_bias": 2.95599014864869e-05,
      "escalation_bias": 2.5571973927450514e-05,
      "patience_bias": -1.9240527382609567e-05,
      "hardness_bias": 3.354782904552341e-05,
      "samples": 362
    },
    "semantic_precision": {
      "pressure_gain": 1.0011213345005128,
      "difficulty_bias": 0.0004521325873608935,
      "escalation_bias": 0.00039224810761884893,
      "patience_bias": -0.00030542037730134434,
      "hardness_bias": 0.0005120170671029371,
      "samples": 362
    },
    "adaptive_strategy_selection": {
      "pressure_gain": 1.1741664316189313,
      "difficulty_bias": 0.0743651720500267,
      "escalation_bias": 0.06497188237696232,
      "patience_bias": -0.06066581020767438,
      "hardness_bias": 0.08082428030395869,
      "samples": 362
    },
    "compression_elaboration_fit": {
      "pressure_gain": 1.0009884391636859,
      "difficulty_bias": 0.000433317642065147,
      "escalation_bias": 0.0003797577316331175,
      "patience_bias": -0.00033103617981000287,
      "hardness_bias": 0.0004868775524971759,
      "samples": 362
    },
    "perspective_integration": {
      "pressure_gain": 1.95,
      "difficulty_bias": 0.35,
      "escalation_bias": 0.3,
      "patience_bias": -0.3,
      "hardness_bias": 0.35,
      "samples": 362
    },
    "multi_turn_stability": {
      "pressure_gain": 1.0029835375313518,
      "difficulty_bias": 0.0013279648363391605,
      "escalation_bias": 0.001165852838582535,
      "patience_bias": -0.0010348096951120524,
      "hardness_bias": 0.0014900768340957884,
      "samples": 362
    }
  },
  "last_episode_id": "episode_ab7ca512ff68",
  "last_update_ts": 1784389045.319371
}