{
  "version": 1,
  "samples": 117,
  "global": {
    "pressure_gain_bias": 0.4,
    "difficulty_bias": 0.3288931375423164,
    "escalation_bias": 0.2804029654358089,
    "patience_bias": -0.2700088939504402,
    "hardness_bias": 0.3348451585197346,
    "samples": 117
  },
  "axis": {
    "X": {
      "pressure_gain": 1.4774392642403784,
      "difficulty_bias": 0.1830023266041953,
      "escalation_bias": 0.15771574173845934,
      "patience_bias": -0.14615319217007308,
      "hardness_bias": 0.1917812383718438,
      "samples": 117
    },
    "T": {
      "pressure_gain": 1.6787641843546135,
      "difficulty_bias": 0.25463712888761775,
      "escalation_bias": 0.2188037492868793,
      "patience_bias": -0.21295730943222374,
      "hardness_bias": 0.259181843491131,
      "samples": 117
    },
    "N": {
      "pressure_gain": 1.6382788386716178,
      "difficulty_bias": 0.23969567102702444,
      "escalation_bias": 0.20600059780683216,
      "patience_bias": -0.1991112587415112,
      "hardness_bias": 0.2450295903999237,
      "samples": 117
    },
    "B": {
      "pressure_gain": 1.8912608083226592,
      "difficulty_bias": 0.3364777102748943,
      "escalation_bias": 0.28878510505910215,
      "patience_bias": -0.2849859110428425,
      "hardness_bias": 0.3387952100456661,
      "samples": 117
    },
    "A": {
      "pressure_gain": 1.5592415648368678,
      "difficulty_bias": 0.21426428645672502,
      "escalation_bias": 0.1837399926757181,
      "patience_bias": -0.17441020488301456,
      "hardness_bias": 0.21642947756495326,
      "samples": 117
    }
  },
  "dimensions": {
    "coherence_maintenance": {
      "pressure_gain": 1.8406748356856326,
      "difficulty_bias": 0.30922978956234937,
      "escalation_bias": 0.2649946904304911,
      "patience_bias": -0.2577737681723434,
      "hardness_bias": 0.31127892412499997,
      "samples": 117
    },
    "context_carryover": {
      "pressure_gain": 1.904411704545454,
      "difficulty_bias": 0.329614724025974,
      "escalation_bias": 0.28209387662337654,
      "patience_bias": -0.279083474025974,
      "hardness_bias": 0.3296043214285715,
      "samples": 117
    },
    "ambiguity_handling": {
      "pressure_gain": 1.7711289582742922,
      "difficulty_bias": 0.2968456473318712,
      "escalation_bias": 0.25394464719829346,
      "patience_bias": -0.2516366273056017,
      "hardness_bias": 0.29569186279748016,
      "samples": 117
    },
    "contradiction_handling": {
      "pressure_gain": 1.95,
      "difficulty_bias": 0.35,
      "escalation_bias": 0.3,
      "patience_bias": -0.3,
      "hardness_bias": 0.35,
      "samples": 117
    },
    "implied_intent_inference": {
      "pressure_gain": 1.6661251627605589,
      "difficulty_bias": 0.2666022137788666,
      "escalation_bias": 0.22866394649310687,
      "patience_bias": -0.20316646067729177,
      "hardness_bias": 0.27284093180918395,
      "samples": 117
    },
    "misunderstanding_repair": {
      "pressure_gain": 1.0,
      "difficulty_bias": 0.0,
      "escalation_bias": 0.0,
      "patience_bias": 0.0,
      "hardness_bias": 0.0,
      "samples": 117
    },
    "uncertainty_signaling": {
      "pressure_gain": 1.95,
      "difficulty_bias": 0.35,
      "escalation_bias": 0.3,
      "patience_bias": -0.3,
      "hardness_bias": 0.35,
      "samples": 117
    },
    "boundary_calibration": {
      "pressure_gain": 1.8002902255463051,
      "difficulty_bias": 0.30324045487964746,
      "escalation_bias": 0.26093332363581934,
      "patience_bias": -0.24843431374243505,
      "hardness_bias": 0.3130352279127651,
      "samples": 117
    },
    "framing_selection": {
      "pressure_gain": 1.95,
      "difficulty_bias": 0.35,
      "escalation_bias": 0.3,
      "patience_bias": -0.3,
      "hardness_bias": 0.35,
      "samples": 117
    },
    "emotional_calibration": {
      "pressure_gain": 1.0124320353723981,
      "difficulty_bias": 0.005437001141686439,
      "escalation_bias": 0.004763643988653391,
      "patience_bias": -0.004140430753042401,
      "hardness_bias": 0.006110358294719488,
      "samples": 117
    },
    "semantic_precision": {
      "pressure_gain": 1.4524424806218497,
      "difficulty_bias": 0.18320682654205134,
      "escalation_bias": 0.15902700903570136,
      "patience_bias": -0.1246154780206016,
      "hardness_bias": 0.20738664404840168,
      "samples": 117
    },
    "adaptive_strategy_selection": {
      "pressure_gain": 1.95,
      "difficulty_bias": 0.35,
      "escalation_bias": 0.3,
      "patience_bias": -0.3,
      "hardness_bias": 0.35,
      "samples": 117
    },
    "compression_elaboration_fit": {
      "pressure_gain": 1.1814762964848822,
      "difficulty_bias": 0.0753562452406186,
      "escalation_bias": 0.06561604883594328,
      "patience_bias": -0.05331052643448422,
      "hardness_bias": 0.08509644164529392,
      "samples": 117
    },
    "perspective_integration": {
      "pressure_gain": 1.95,
      "difficulty_bias": 0.35,
      "escalation_bias": 0.3,
      "patience_bias": -0.3,
      "hardness_bias": 0.35,
      "samples": 117
    },
    "multi_turn_stability": {
      "pressure_gain": 1.2258210872121853,
      "difficulty_bias": 0.09680748029302144,
      "escalation_bias": 0.08461971018819037,
      "patience_bias": -0.07173725953773179,
      "hardness_bias": 0.10899525039785263,
      "samples": 117
    }
  },
  "last_episode_id": "episode_5ae4c09d5c23",
  "last_update_ts": 1780500180.1350625
}