{
  "version": 1,
  "samples": 162,
  "global": {
    "pressure_gain_bias": 0.4,
    "difficulty_bias": 0.35,
    "escalation_bias": 0.3,
    "patience_bias": -0.3,
    "hardness_bias": 0.35,
    "samples": 162
  },
  "axis": {
    "X": {
      "pressure_gain": 1.3931557826213943,
      "difficulty_bias": 0.14777047418143668,
      "escalation_bias": 0.12700797343291606,
      "patience_bias": -0.1206799355981554,
      "hardness_bias": 0.1521509733865002,
      "samples": 162
    },
    "T": {
      "pressure_gain": 1.6949998856631197,
      "difficulty_bias": 0.2620343292017807,
      "escalation_bias": 0.22531800355691456,
      "patience_bias": -0.22070797265948014,
      "hardness_bias": 0.26679535026658735,
      "samples": 162
    },
    "N": {
      "pressure_gain": 1.6136001702734797,
      "difficulty_bias": 0.23749637460725614,
      "escalation_bias": 0.20420946387502234,
      "patience_bias": -0.19677731721806216,
      "hardness_bias": 0.2407944992400423,
      "samples": 162
    },
    "B": {
      "pressure_gain": 1.9392536791236747,
      "difficulty_bias": 0.34650769229210954,
      "escalation_bias": 0.2970406281110134,
      "patience_bias": -0.2968749739107436,
      "hardness_bias": 0.3466872447931506,
      "samples": 162
    },
    "A": {
      "pressure_gain": 1.5365116015538987,
      "difficulty_bias": 0.20943788150855255,
      "escalation_bias": 0.18047414707629697,
      "patience_bias": -0.17174907597642516,
      "hardness_bias": 0.21509118911154118,
      "samples": 162
    }
  },
  "dimensions": {
    "coherence_maintenance": {
      "pressure_gain": 1.95,
      "difficulty_bias": 0.35,
      "escalation_bias": 0.3,
      "patience_bias": -0.3,
      "hardness_bias": 0.35,
      "samples": 162
    },
    "context_carryover": {
      "pressure_gain": 1.8340826016607046,
      "difficulty_bias": 0.310598234013977,
      "escalation_bias": 0.2666257131843017,
      "patience_bias": -0.2652304190811767,
      "hardness_bias": 0.3126911751686645,
      "samples": 162
    },
    "ambiguity_handling": {
      "pressure_gain": 1.95,
      "difficulty_bias": 0.35,
      "escalation_bias": 0.3,
      "patience_bias": -0.3,
      "hardness_bias": 0.35,
      "samples": 162
    },
    "contradiction_handling": {
      "pressure_gain": 1.95,
      "difficulty_bias": 0.35,
      "escalation_bias": 0.3,
      "patience_bias": -0.3,
      "hardness_bias": 0.35,
      "samples": 162
    },
    "implied_intent_inference": {
      "pressure_gain": 1.7936112795859638,
      "difficulty_bias": 0.34064521237950873,
      "escalation_bias": 0.29655685545927285,
      "patience_bias": -0.26595507122872436,
      "hardness_bias": 0.35,
      "samples": 162
    },
    "misunderstanding_repair": {
      "pressure_gain": 1.0,
      "difficulty_bias": 0.0,
      "escalation_bias": 0.0,
      "patience_bias": 0.0,
      "hardness_bias": 0.0,
      "samples": 162
    },
    "uncertainty_signaling": {
      "pressure_gain": 1.95,
      "difficulty_bias": 0.35,
      "escalation_bias": 0.3,
      "patience_bias": -0.3,
      "hardness_bias": 0.35,
      "samples": 162
    },
    "boundary_calibration": {
      "pressure_gain": 1.7548537800181232,
      "difficulty_bias": 0.3089136670999145,
      "escalation_bias": 0.2651432942999267,
      "patience_bias": -0.2509453766217163,
      "hardness_bias": 0.3108044602249145,
      "samples": 162
    },
    "framing_selection": {
      "pressure_gain": 1.95,
      "difficulty_bias": 0.35,
      "escalation_bias": 0.3,
      "patience_bias": -0.3,
      "hardness_bias": 0.35,
      "samples": 162
    },
    "emotional_calibration": {
      "pressure_gain": 1.0118533016924691,
      "difficulty_bias": 0.0046749809192453045,
      "escalation_bias": 0.004044279045818882,
      "patience_bias": -0.003042943104226378,
      "hardness_bias": 0.005305682792671734,
      "samples": 162
    },
    "semantic_precision": {
      "pressure_gain": 1.1773421808052362,
      "difficulty_bias": 0.07150603055451484,
      "escalation_bias": 0.062035132950848344,
      "patience_bias": -0.048303085072364284,
      "hardness_bias": 0.08097692815818146,
      "samples": 162
    },
    "adaptive_strategy_selection": {
      "pressure_gain": 1.95,
      "difficulty_bias": 0.35,
      "escalation_bias": 0.3,
      "patience_bias": -0.3,
      "hardness_bias": 0.35,
      "samples": 162
    },
    "compression_elaboration_fit": {
      "pressure_gain": 1.0770309089681858,
      "difficulty_bias": 0.03261262187541552,
      "escalation_bias": 0.028464300990708995,
      "patience_bias": -0.023742034903765648,
      "hardness_bias": 0.03676094276012209,
      "samples": 162
    },
    "perspective_integration": {
      "pressure_gain": 1.95,
      "difficulty_bias": 0.35,
      "escalation_bias": 0.3,
      "patience_bias": -0.3,
      "hardness_bias": 0.35,
      "samples": 162
    },
    "multi_turn_stability": {
      "pressure_gain": 1.2172443417626788,
      "difficulty_bias": 0.09491761249693373,
      "escalation_bias": 0.08315302814088261,
      "patience_bias": -0.07218938143335618,
      "hardness_bias": 0.10668219685298495,
      "samples": 162
    }
  },
  "last_episode_id": "episode_4145c3b9092c",
  "last_update_ts": 1783123191.6332426
}