{
  "version": 1,
  "samples": 227,
  "global": {
    "pressure_gain_bias": 0.4,
    "difficulty_bias": 0.35,
    "escalation_bias": 0.3,
    "patience_bias": -0.3,
    "hardness_bias": 0.35,
    "samples": 227
  },
  "axis": {
    "X": {
      "pressure_gain": 1.2193630294410025,
      "difficulty_bias": 0.08171133824299134,
      "escalation_bias": 0.0701460573161849,
      "patience_bias": -0.06876608633618878,
      "hardness_bias": 0.08277850960622363,
      "samples": 227
    },
    "T": {
      "pressure_gain": 1.6692745976478331,
      "difficulty_bias": 0.24987070936372946,
      "escalation_bias": 0.21456932015063157,
      "patience_bias": -0.21272848787876933,
      "hardness_bias": 0.2521481907423933,
      "samples": 227
    },
    "N": {
      "pressure_gain": 1.6325354864450152,
      "difficulty_bias": 0.23588003367889687,
      "escalation_bias": 0.20239621139006386,
      "patience_bias": -0.20106920959750824,
      "hardness_bias": 0.23708060884851867,
      "samples": 227
    },
    "B": {
      "pressure_gain": 1.830838177719593,
      "difficulty_bias": 0.3061016315044988,
      "escalation_bias": 0.26237310845919015,
      "patience_bias": -0.2623718247684929,
      "hardness_bias": 0.3061024447766216,
      "samples": 227
    },
    "A": {
      "pressure_gain": 1.5183911394631542,
      "difficulty_bias": 0.19134259252337596,
      "escalation_bias": 0.1640487973020864,
      "patience_bias": -0.16389840493882168,
      "hardness_bias": 0.19155778528500594,
      "samples": 227
    }
  },
  "dimensions": {
    "coherence_maintenance": {
      "pressure_gain": 1.95,
      "difficulty_bias": 0.35,
      "escalation_bias": 0.3,
      "patience_bias": -0.3,
      "hardness_bias": 0.35,
      "samples": 227
    },
    "context_carryover": {
      "pressure_gain": 1.95,
      "difficulty_bias": 0.35,
      "escalation_bias": 0.3,
      "patience_bias": -0.3,
      "hardness_bias": 0.35,
      "samples": 227
    },
    "ambiguity_handling": {
      "pressure_gain": 1.4675766820411529,
      "difficulty_bias": 0.1722650933835834,
      "escalation_bias": 0.14765579432878576,
      "patience_bias": -0.14765579432878576,
      "hardness_bias": 0.1722650933835834,
      "samples": 227
    },
    "contradiction_handling": {
      "pressure_gain": 1.95,
      "difficulty_bias": 0.35,
      "escalation_bias": 0.3,
      "patience_bias": -0.3,
      "hardness_bias": 0.35,
      "samples": 227
    },
    "implied_intent_inference": {
      "pressure_gain": 1.5437165020033496,
      "difficulty_bias": 0.204782510606498,
      "escalation_bias": 0.17606661028176016,
      "patience_bias": -0.1741810061150935,
      "hardness_bias": 0.20761091685649802,
      "samples": 227
    },
    "misunderstanding_repair": {
      "pressure_gain": 1.0,
      "difficulty_bias": 0.0,
      "escalation_bias": 0.0,
      "patience_bias": 0.0,
      "hardness_bias": 0.0,
      "samples": 227
    },
    "uncertainty_signaling": {
      "pressure_gain": 1.95,
      "difficulty_bias": 0.35,
      "escalation_bias": 0.3,
      "patience_bias": -0.3,
      "hardness_bias": 0.35,
      "samples": 227
    },
    "boundary_calibration": {
      "pressure_gain": 1.95,
      "difficulty_bias": 0.35,
      "escalation_bias": 0.3,
      "patience_bias": -0.3,
      "hardness_bias": 0.35,
      "samples": 227
    },
    "framing_selection": {
      "pressure_gain": 1.5471395564610002,
      "difficulty_bias": 0.20633844445088462,
      "escalation_bias": 0.17743583206482044,
      "patience_bias": -0.17542575319060286,
      "hardness_bias": 0.20935356276221107,
      "samples": 227
    },
    "emotional_calibration": {
      "pressure_gain": 1.0022863323359916,
      "difficulty_bias": 0.0009017369441135524,
      "escalation_bias": 0.0007800835748668514,
      "patience_bias": -0.000586940195760086,
      "hardness_bias": 0.001023390313360256,
      "samples": 227
    },
    "semantic_precision": {
      "pressure_gain": 1.0342067698123454,
      "difficulty_bias": 0.013792490406212768,
      "escalation_bias": 0.011965689738859175,
      "patience_bias": -0.009316974138889584,
      "hardness_bias": 0.015619291073566362,
      "samples": 227
    },
    "adaptive_strategy_selection": {
      "pressure_gain": 1.9262499999999998,
      "difficulty_bias": 0.34125,
      "escalation_bias": 0.2925,
      "patience_bias": -0.2925,
      "hardness_bias": 0.34125,
      "samples": 227
    },
    "compression_elaboration_fit": {
      "pressure_gain": 1.0301527429417714,
      "difficulty_bias": 0.013218532766928836,
      "escalation_bias": 0.011584665685807067,
      "patience_bias": -0.010098394722639957,
      "hardness_bias": 0.014852399848050606,
      "samples": 227
    },
    "perspective_integration": {
      "pressure_gain": 1.95,
      "difficulty_bias": 0.35,
      "escalation_bias": 0.3,
      "patience_bias": -0.3,
      "hardness_bias": 0.35,
      "samples": 227
    },
    "multi_turn_stability": {
      "pressure_gain": 1.0910140386429052,
      "difficulty_bias": 0.04051011313275674,
      "escalation_bias": 0.03556482001234397,
      "patience_bias": -0.03156729506138546,
      "hardness_bias": 0.045455406253169586,
      "samples": 227
    }
  },
  "last_episode_id": "episode_d7fcbb1e8db3",
  "last_update_ts": 1783604905.7090104
}