{
  "version": 1,
  "samples": 379,
  "global": {
    "pressure_gain_bias": 0.4,
    "difficulty_bias": 0.35,
    "escalation_bias": 0.3,
    "patience_bias": -0.3,
    "hardness_bias": 0.35,
    "samples": 379
  },
  "axis": {
    "X": {
      "pressure_gain": 1.3169568646089576,
      "difficulty_bias": 0.11678968460656104,
      "escalation_bias": 0.10010718850280703,
      "patience_bias": -0.10007950226628616,
      "hardness_bias": 0.11680937709728995,
      "samples": 379
    },
    "T": {
      "pressure_gain": 1.4473066933933822,
      "difficulty_bias": 0.17152503654140758,
      "escalation_bias": 0.14783306712600022,
      "patience_bias": -0.14498273384147112,
      "hardness_bias": 0.17579082240514488,
      "samples": 379
    },
    "N": {
      "pressure_gain": 1.3942740084688026,
      "difficulty_bias": 0.15045579452407754,
      "escalation_bias": 0.12958904314391906,
      "patience_bias": -0.12738927477155254,
      "hardness_bias": 0.153749946118508,
      "samples": 379
    },
    "B": {
      "pressure_gain": 1.6376522663807465,
      "difficulty_bias": 0.2349245191932789,
      "escalation_bias": 0.20136387359427027,
      "patience_bias": -0.20136387359412794,
      "hardness_bias": 0.2349245191933691,
      "samples": 379
    },
    "A": {
      "pressure_gain": 1.3711054745408886,
      "difficulty_bias": 0.14012715905831555,
      "escalation_bias": 0.12051964528925968,
      "patience_bias": -0.1190823636683486,
      "hardness_bias": 0.14228307909126384,
      "samples": 379
    }
  },
  "dimensions": {
    "coherence_maintenance": {
      "pressure_gain": 1.95,
      "difficulty_bias": 0.35,
      "escalation_bias": 0.3,
      "patience_bias": -0.3,
      "hardness_bias": 0.35,
      "samples": 379
    },
    "context_carryover": {
      "pressure_gain": 1.398458632310039,
      "difficulty_bias": 0.17032264879109088,
      "escalation_bias": 0.14882842849306469,
      "patience_bias": -0.13889687514061075,
      "hardness_bias": 0.18521997881977198,
      "samples": 379
    },
    "ambiguity_handling": {
      "pressure_gain": 1.0099667698789472,
      "difficulty_bias": 0.003671967850139481,
      "escalation_bias": 0.003147401014405269,
      "patience_bias": -0.003147401014405269,
      "hardness_bias": 0.003671967850139481,
      "samples": 379
    },
    "contradiction_handling": {
      "pressure_gain": 1.95,
      "difficulty_bias": 0.35,
      "escalation_bias": 0.3,
      "patience_bias": -0.3,
      "hardness_bias": 0.35,
      "samples": 379
    },
    "implied_intent_inference": {
      "pressure_gain": 1.9262499999999998,
      "difficulty_bias": 0.34125,
      "escalation_bias": 0.2925,
      "patience_bias": -0.2925,
      "hardness_bias": 0.34125,
      "samples": 379
    },
    "misunderstanding_repair": {
      "pressure_gain": 1.0,
      "difficulty_bias": 0.0,
      "escalation_bias": 0.0,
      "patience_bias": 0.0,
      "hardness_bias": 0.0,
      "samples": 379
    },
    "uncertainty_signaling": {
      "pressure_gain": 1.2300644924316064,
      "difficulty_bias": 0.10103135305017262,
      "escalation_bias": 0.0885611233187639,
      "patience_bias": -0.08169125085360816,
      "hardness_bias": 0.11133616174790632,
      "samples": 379
    },
    "boundary_calibration": {
      "pressure_gain": 1.95,
      "difficulty_bias": 0.35,
      "escalation_bias": 0.3,
      "patience_bias": -0.3,
      "hardness_bias": 0.35,
      "samples": 379
    },
    "framing_selection": {
      "pressure_gain": 1.95,
      "difficulty_bias": 0.35,
      "escalation_bias": 0.3,
      "patience_bias": -0.3,
      "hardness_bias": 0.35,
      "samples": 379
    },
    "emotional_calibration": {
      "pressure_gain": 1.0000487349971332,
      "difficulty_bias": 1.9221242116039366e-05,
      "escalation_bias": 1.6628103529684277e-05,
      "patience_bias": -1.2511098368527624e-05,
      "hardness_bias": 2.181438070239453e-05,
      "samples": 379
    },
    "semantic_precision": {
      "pressure_gain": 1.0007291445790933,
      "difficulty_bias": 0.0002939979327802522,
      "escalation_bias": 0.0002550582196475447,
      "patience_bias": -0.00019859873423343157,
      "hardness_bias": 0.0003329376459129589,
      "samples": 379
    },
    "adaptive_strategy_selection": {
      "pressure_gain": 1.163423433137685,
      "difficulty_bias": 0.07099913014023043,
      "escalation_bias": 0.062158107997661353,
      "patience_bias": -0.057602120426537916,
      "hardness_bias": 0.07783311149691566,
      "samples": 379
    },
    "compression_elaboration_fit": {
      "pressure_gain": 1.000642729763184,
      "difficulty_bias": 0.0002817635679568477,
      "escalation_bias": 0.0002469363880828536,
      "patience_bias": -0.00021525533717375796,
      "hardness_bias": 0.00031659074783084136,
      "samples": 379
    },
    "perspective_integration": {
      "pressure_gain": 1.95,
      "difficulty_bias": 0.35,
      "escalation_bias": 0.3,
      "patience_bias": -0.3,
      "hardness_bias": 0.35,
      "samples": 379
    },
    "multi_turn_stability": {
      "pressure_gain": 1.001940036819087,
      "difficulty_bias": 0.0008635053690057198,
      "escalation_bias": 0.0007580925021793744,
      "patience_bias": -0.0006728820697479778,
      "hardness_bias": 0.0009689182358320664,
      "samples": 379
    }
  },
  "last_episode_id": "episode_7c1a81bdd423",
  "last_update_ts": 1784561022.159828
}