{
  "version": 1,
  "samples": 381,
  "global": {
    "pressure_gain_bias": 0.4,
    "difficulty_bias": 0.35,
    "escalation_bias": 0.3,
    "patience_bias": -0.3,
    "hardness_bias": 0.35,
    "samples": 381
  },
  "axis": {
    "X": {
      "pressure_gain": 1.3169491290365984,
      "difficulty_bias": 0.11678539799145135,
      "escalation_bias": 0.10010337857259233,
      "patience_bias": -0.10007726134111598,
      "hardness_bias": 0.1168038798170934,
      "samples": 381
    },
    "T": {
      "pressure_gain": 1.4545816961013325,
      "difficulty_bias": 0.17500647485042883,
      "escalation_bias": 0.15091380753156494,
      "patience_bias": -0.14772562342564707,
      "hardness_bias": 0.17977946377538143,
      "samples": 381
    },
    "N": {
      "pressure_gain": 1.3954778227253422,
      "difficulty_bias": 0.15125647422510277,
      "escalation_bias": 0.1303184271095783,
      "patience_bias": -0.12796812557446177,
      "hardness_bias": 0.15477669718205483,
      "samples": 381
    },
    "B": {
      "pressure_gain": 1.6403657311940714,
      "difficulty_bias": 0.23623558517706472,
      "escalation_bias": 0.20252520634227128,
      "patience_bias": -0.20239373967548932,
      "hardness_bias": 0.2364327851771378,
      "samples": 381
    },
    "A": {
      "pressure_gain": 1.3716647480410384,
      "difficulty_bias": 0.1404226117900615,
      "escalation_bias": 0.12078367585315593,
      "patience_bias": -0.1193086455077011,
      "hardness_bias": 0.1426351553655249,
      "samples": 381
    }
  },
  "dimensions": {
    "coherence_maintenance": {
      "pressure_gain": 1.95,
      "difficulty_bias": 0.35,
      "escalation_bias": 0.3,
      "patience_bias": -0.3,
      "hardness_bias": 0.35,
      "samples": 381
    },
    "context_carryover": {
      "pressure_gain": 1.4898955965957534,
      "difficulty_bias": 0.21188490528459736,
      "escalation_bias": 0.18540321420735043,
      "patience_bias": -0.17214668033541594,
      "hardness_bias": 0.23176970609249925,
      "samples": 381
    },
    "ambiguity_handling": {
      "pressure_gain": 1.0847667698789474,
      "difficulty_bias": 0.03767196785013949,
      "escalation_bias": 0.03306740101440527,
      "patience_bias": -0.03034740101440527,
      "hardness_bias": 0.04175196785013949,
      "samples": 381
    },
    "contradiction_handling": {
      "pressure_gain": 1.95,
      "difficulty_bias": 0.35,
      "escalation_bias": 0.3,
      "patience_bias": -0.3,
      "hardness_bias": 0.35,
      "samples": 381
    },
    "implied_intent_inference": {
      "pressure_gain": 1.95,
      "difficulty_bias": 0.35,
      "escalation_bias": 0.3,
      "patience_bias": -0.3,
      "hardness_bias": 0.35,
      "samples": 381
    },
    "misunderstanding_repair": {
      "pressure_gain": 1.0,
      "difficulty_bias": 0.0,
      "escalation_bias": 0.0,
      "patience_bias": 0.0,
      "hardness_bias": 0.0,
      "samples": 381
    },
    "uncertainty_signaling": {
      "pressure_gain": 1.3048644924316066,
      "difficulty_bias": 0.1350313530501726,
      "escalation_bias": 0.1184811233187639,
      "patience_bias": -0.10889125085360817,
      "hardness_bias": 0.14941616174790634,
      "samples": 381
    },
    "boundary_calibration": {
      "pressure_gain": 1.9030937499999996,
      "difficulty_bias": 0.33271875,
      "escalation_bias": 0.2851875,
      "patience_bias": -0.2851875,
      "hardness_bias": 0.33271875,
      "samples": 381
    },
    "framing_selection": {
      "pressure_gain": 1.95,
      "difficulty_bias": 0.35,
      "escalation_bias": 0.3,
      "patience_bias": -0.3,
      "hardness_bias": 0.35,
      "samples": 381
    },
    "emotional_calibration": {
      "pressure_gain": 1.0000463287066497,
      "difficulty_bias": 1.827219328655992e-05,
      "escalation_bias": 1.5807090917906114e-05,
      "patience_bias": -1.1893362886581571e-05,
      "hardness_bias": 2.07372956552138e-05,
      "samples": 381
    },
    "semantic_precision": {
      "pressure_gain": 1.0006931430655004,
      "difficulty_bias": 0.0002794817848492272,
      "escalation_bias": 0.00024246472005244718,
      "patience_bias": -0.00018879292173065588,
      "hardness_bias": 0.00031649884964600656,
      "samples": 381
    },
    "adaptive_strategy_selection": {
      "pressure_gain": 1.1836753473092425,
      "difficulty_bias": 0.08028665188672467,
      "escalation_bias": 0.07033915529771982,
      "patience_bias": -0.06501206741587447,
      "hardness_bias": 0.08827728370949277,
      "samples": 381
    },
    "compression_elaboration_fit": {
      "pressure_gain": 1.0006109949811266,
      "difficulty_bias": 0.00026785149178897835,
      "escalation_bias": 0.00023474390392126272,
      "patience_bias": -0.00020462710490080365,
      "hardness_bias": 0.00030095907965669357,
      "samples": 381
    },
    "perspective_integration": {
      "pressure_gain": 1.95,
      "difficulty_bias": 0.35,
      "escalation_bias": 0.3,
      "patience_bias": -0.3,
      "hardness_bias": 0.35,
      "samples": 381
    },
    "multi_turn_stability": {
      "pressure_gain": 1.051040813935489,
      "difficulty_bias": 0.02318204042191577,
      "escalation_bias": 0.02039840334874022,
      "patience_bias": -0.018527710112076018,
      "hardness_bias": 0.025965677495091325,
      "samples": 381
    }
  },
  "last_episode_id": "episode_f2c3fb230529",
  "last_update_ts": 1784619930.16469
}