{
  "version": 1,
  "samples": 165,
  "global": {
    "pressure_gain_bias": 0.4,
    "difficulty_bias": 0.35,
    "escalation_bias": 0.3,
    "patience_bias": -0.3,
    "hardness_bias": 0.35,
    "samples": 165
  },
  "axis": {
    "X": {
      "pressure_gain": 1.3886486754962517,
      "difficulty_bias": 0.14587303084899597,
      "escalation_bias": 0.1253543994677413,
      "patience_bias": -0.11947803337001475,
      "hardness_bias": 0.1499325164384037,
      "samples": 165
    },
    "T": {
      "pressure_gain": 1.6857421866381854,
      "difficulty_bias": 0.25877401699816205,
      "escalation_bias": 0.22254280380328562,
      "patience_bias": -0.21802909418203417,
      "hardness_bias": 0.26356925410875726,
      "samples": 165
    },
    "N": {
      "pressure_gain": 1.6053972270610217,
      "difficulty_bias": 0.2344595029025972,
      "escalation_bias": 0.2015168881914309,
      "patience_bias": -0.19444091353998919,
      "hardness_bias": 0.23743290998137204,
      "samples": 165
    },
    "B": {
      "pressure_gain": 1.942165932081159,
      "difficulty_bias": 0.34745410768094775,
      "escalation_bias": 0.29784261789292876,
      "patience_bias": -0.29772185598093215,
      "hardness_bias": 0.34758500145420673,
      "samples": 165
    },
    "A": {
      "pressure_gain": 1.5547520097887244,
      "difficulty_bias": 0.21591354895306814,
      "escalation_bias": 0.18576565321862046,
      "patience_bias": -0.17855835115447538,
      "hardness_bias": 0.22003481019564686,
      "samples": 165
    }
  },
  "dimensions": {
    "coherence_maintenance": {
      "pressure_gain": 1.95,
      "difficulty_bias": 0.35,
      "escalation_bias": 0.3,
      "patience_bias": -0.3,
      "hardness_bias": 0.35,
      "samples": 165
    },
    "context_carryover": {
      "pressure_gain": 1.8375872732037069,
      "difficulty_bias": 0.3155749462095369,
      "escalation_bias": 0.27133606859582676,
      "patience_bias": -0.2683846671390436,
      "hardness_bias": 0.3200020483947117,
      "samples": 165
    },
    "ambiguity_handling": {
      "pressure_gain": 1.95,
      "difficulty_bias": 0.35,
      "escalation_bias": 0.3,
      "patience_bias": -0.3,
      "hardness_bias": 0.35,
      "samples": 165
    },
    "contradiction_handling": {
      "pressure_gain": 1.95,
      "difficulty_bias": 0.35,
      "escalation_bias": 0.3,
      "patience_bias": -0.3,
      "hardness_bias": 0.35,
      "samples": 165
    },
    "implied_intent_inference": {
      "pressure_gain": 1.8849112795859637,
      "difficulty_bias": 0.35,
      "escalation_bias": 0.3,
      "patience_bias": -0.29915507122872437,
      "hardness_bias": 0.35,
      "samples": 165
    },
    "misunderstanding_repair": {
      "pressure_gain": 1.0,
      "difficulty_bias": 0.0,
      "escalation_bias": 0.0,
      "patience_bias": 0.0,
      "hardness_bias": 0.0,
      "samples": 165
    },
    "uncertainty_signaling": {
      "pressure_gain": 1.95,
      "difficulty_bias": 0.35,
      "escalation_bias": 0.3,
      "patience_bias": -0.3,
      "hardness_bias": 0.35,
      "samples": 165
    },
    "boundary_calibration": {
      "pressure_gain": 1.6996433027639848,
      "difficulty_bias": 0.28631952841718483,
      "escalation_bias": 0.24575054804027113,
      "patience_bias": -0.23259107493474354,
      "hardness_bias": 0.2880720277512766,
      "samples": 165
    },
    "framing_selection": {
      "pressure_gain": 1.95,
      "difficulty_bias": 0.35,
      "escalation_bias": 0.3,
      "patience_bias": -0.3,
      "hardness_bias": 0.35,
      "samples": 165
    },
    "emotional_calibration": {
      "pressure_gain": 1.0109863437983682,
      "difficulty_bias": 0.004333049892948628,
      "escalation_bias": 0.0037484779487332856,
      "patience_bias": -0.0028203803437438207,
      "hardness_bias": 0.0049176218371639775,
      "samples": 165
    },
    "semantic_precision": {
      "pressure_gain": 1.164371262862278,
      "difficulty_bias": 0.06627603478848851,
      "escalation_bias": 0.057497844554865195,
      "patience_bias": -0.04477016724074339,
      "hardness_bias": 0.07505422502211195,
      "samples": 165
    },
    "adaptive_strategy_selection": {
      "pressure_gain": 1.95,
      "difficulty_bias": 0.35,
      "escalation_bias": 0.3,
      "patience_bias": -0.3,
      "hardness_bias": 0.35,
      "samples": 165
    },
    "compression_elaboration_fit": {
      "pressure_gain": 1.0996275078378812,
      "difficulty_bias": 0.043002373670316875,
      "escalation_bias": 0.03761887612929274,
      "patience_bias": -0.032169771930392214,
      "hardness_bias": 0.04838587121134106,
      "samples": 165
    },
    "perspective_integration": {
      "pressure_gain": 1.95,
      "difficulty_bias": 0.35,
      "escalation_bias": 0.3,
      "patience_bias": -0.3,
      "hardness_bias": 0.35,
      "samples": 165
    },
    "multi_turn_stability": {
      "pressure_gain": 1.2307694648881462,
      "difficulty_bias": 0.10125449287989763,
      "escalation_bias": 0.08874797237642654,
      "patience_bias": -0.07744378072508422,
      "hardness_bias": 0.11376101338336882,
      "samples": 165
    }
  },
  "last_episode_id": "episode_1205db5d79a5",
  "last_update_ts": 1783154325.3826573
}