{
  "version": 1,
  "samples": 365,
  "global": {
    "pressure_gain_bias": 0.4,
    "difficulty_bias": 0.35,
    "escalation_bias": 0.3,
    "patience_bias": -0.3,
    "hardness_bias": 0.35,
    "samples": 365
  },
  "axis": {
    "X": {
      "pressure_gain": 1.3169422027635753,
      "difficulty_bias": 0.11680457308427845,
      "escalation_bias": 0.10012173019382271,
      "patience_bias": -0.10007803487246486,
      "hardness_bias": 0.11683763565106849,
      "samples": 365
    },
    "T": {
      "pressure_gain": 1.4683121779318755,
      "difficulty_bias": 0.1793215893099594,
      "escalation_bias": 0.1545227710651076,
      "patience_bias": -0.1516440022919557,
      "hardness_bias": 0.18362587785047768,
      "samples": 365
    },
    "N": {
      "pressure_gain": 1.4091412610827008,
      "difficulty_bias": 0.156637186863236,
      "escalation_bias": 0.13497230437767968,
      "patience_bias": -0.13247295852391125,
      "hardness_bias": 0.1603783644207168,
      "samples": 365
    },
    "B": {
      "pressure_gain": 1.6394895193493264,
      "difficulty_bias": 0.23560140186716794,
      "escalation_bias": 0.20194405874342325,
      "patience_bias": -0.20194405874280105,
      "hardness_bias": 0.2356014018675621,
      "samples": 365
    },
    "A": {
      "pressure_gain": 1.3830734359266812,
      "difficulty_bias": 0.14496285859518684,
      "escalation_bias": 0.12471597458239986,
      "patience_bias": -0.12309863809053742,
      "hardness_bias": 0.14738885284891323,
      "samples": 365
    }
  },
  "dimensions": {
    "coherence_maintenance": {
      "pressure_gain": 1.95,
      "difficulty_bias": 0.35,
      "escalation_bias": 0.3,
      "patience_bias": -0.3,
      "hardness_bias": 0.35,
      "samples": 365
    },
    "context_carryover": {
      "pressure_gain": 1.36809268161633,
      "difficulty_bias": 0.15268757134261668,
      "escalation_bias": 0.1329348394631659,
      "patience_bias": -0.12572561536993523,
      "hardness_bias": 0.16350140748246286,
      "samples": 365
    },
    "ambiguity_handling": {
      "pressure_gain": 1.0142065888313923,
      "difficulty_bias": 0.005234006411566946,
      "escalation_bias": 0.004486291209914525,
      "patience_bias": -0.004486291209914525,
      "hardness_bias": 0.005234006411566946,
      "samples": 365
    },
    "contradiction_handling": {
      "pressure_gain": 1.95,
      "difficulty_bias": 0.35,
      "escalation_bias": 0.3,
      "patience_bias": -0.3,
      "hardness_bias": 0.35,
      "samples": 365
    },
    "implied_intent_inference": {
      "pressure_gain": 1.95,
      "difficulty_bias": 0.35,
      "escalation_bias": 0.3,
      "patience_bias": -0.3,
      "hardness_bias": 0.35,
      "samples": 365
    },
    "misunderstanding_repair": {
      "pressure_gain": 1.0,
      "difficulty_bias": 0.0,
      "escalation_bias": 0.0,
      "patience_bias": 0.0,
      "hardness_bias": 0.0,
      "samples": 365
    },
    "uncertainty_signaling": {
      "pressure_gain": 1.2236635830298492,
      "difficulty_bias": 0.09686387723680726,
      "escalation_bias": 0.0847707429413292,
      "patience_bias": -0.07866477435709886,
      "hardness_bias": 0.10602283011315289,
      "samples": 365
    },
    "boundary_calibration": {
      "pressure_gain": 1.95,
      "difficulty_bias": 0.35,
      "escalation_bias": 0.3,
      "patience_bias": -0.3,
      "hardness_bias": 0.35,
      "samples": 365
    },
    "framing_selection": {
      "pressure_gain": 1.95,
      "difficulty_bias": 0.35,
      "escalation_bias": 0.3,
      "patience_bias": -0.3,
      "hardness_bias": 0.35,
      "samples": 365
    },
    "emotional_calibration": {
      "pressure_gain": 1.0000694666451002,
      "difficulty_bias": 2.739787181682682e-05,
      "escalation_bias": 2.3701623771913078e-05,
      "patience_bias": -1.7833263184515888e-05,
      "hardness_bias": 3.1094119861740675e-05,
      "samples": 365
    },
    "semantic_precision": {
      "pressure_gain": 1.001039319394311,
      "difficulty_bias": 0.0004190633273384506,
      "escalation_bias": 0.00036355883587253904,
      "patience_bias": -0.0002830817400177882,
      "hardness_bias": 0.00047456781880436124,
      "samples": 365
    },
    "adaptive_strategy_selection": {
      "pressure_gain": 1.1614277899563026,
      "difficulty_bias": 0.06892605688805521,
      "escalation_bias": 0.060219798292484805,
      "patience_bias": -0.05622867493295369,
      "hardness_bias": 0.07491274192735195,
      "samples": 365
    },
    "compression_elaboration_fit": {
      "pressure_gain": 1.000916144105479,
      "difficulty_bias": 0.00040162451890097585,
      "escalation_bias": 0.000351982013792889,
      "patience_bias": -0.00030682398672108685,
      "hardness_bias": 0.00045126702400906214,
      "samples": 365
    },
    "perspective_integration": {
      "pressure_gain": 1.95,
      "difficulty_bias": 0.35,
      "escalation_bias": 0.3,
      "patience_bias": -0.3,
      "hardness_bias": 0.35,
      "samples": 365
    },
    "multi_turn_stability": {
      "pressure_gain": 1.0027653197315975,
      "difficulty_bias": 0.0012308366582312916,
      "escalation_bias": 0.0010805816333105843,
      "patience_bias": -0.0009591230672554974,
      "hardness_bias": 0.001381091683152001,
      "samples": 365
    }
  },
  "last_episode_id": "episode_d51a154b5a61",
  "last_update_ts": 1784399797.78459
}