{
  "version": 1,
  "samples": 390,
  "global": {
    "pressure_gain_bias": 0.4,
    "difficulty_bias": 0.35,
    "escalation_bias": 0.3,
    "patience_bias": -0.3,
    "hardness_bias": 0.35,
    "samples": 390
  },
  "axis": {
    "X": {
      "pressure_gain": 1.316907098148518,
      "difficulty_bias": 0.11676541367721388,
      "escalation_bias": 0.10008580464851029,
      "patience_bias": -0.10006548483908442,
      "hardness_bias": 0.1167795683064168,
      "samples": 390
    },
    "T": {
      "pressure_gain": 1.55864736951758,
      "difficulty_bias": 0.22053097375054106,
      "escalation_bias": 0.19039263790919306,
      "patience_bias": -0.1851937586869791,
      "hardness_bias": 0.22733388010384933,
      "samples": 390
    },
    "N": {
      "pressure_gain": 1.4294283638756422,
      "difficulty_bias": 0.16933013595991106,
      "escalation_bias": 0.14648153898405003,
      "patience_bias": -0.14178239665567766,
      "hardness_bias": 0.17637468568124723,
      "samples": 390
    },
    "B": {
      "pressure_gain": 1.6915266219090386,
      "difficulty_bias": 0.2596035736214534,
      "escalation_bias": 0.22310008878945958,
      "patience_bias": -0.22106049889070106,
      "hardness_bias": 0.2626629584695525,
      "samples": 390
    },
    "A": {
      "pressure_gain": 1.3896997602613161,
      "difficulty_bias": 0.1498926047322345,
      "escalation_bias": 0.12921004434929292,
      "patience_bias": -0.12665270323452207,
      "hardness_bias": 0.15372861565174173,
      "samples": 390
    }
  },
  "dimensions": {
    "coherence_maintenance": {
      "pressure_gain": 1.95,
      "difficulty_bias": 0.35,
      "escalation_bias": 0.3,
      "patience_bias": -0.3,
      "hardness_bias": 0.35,
      "samples": 390
    },
    "context_carryover": {
      "pressure_gain": 1.8897470331800026,
      "difficulty_bias": 0.35,
      "escalation_bias": 0.3,
      "patience_bias": -0.3,
      "hardness_bias": 0.35,
      "samples": 390
    },
    "ambiguity_handling": {
      "pressure_gain": 1.3762376006319743,
      "difficulty_bias": 0.17018016865388602,
      "escalation_bias": 0.14967671598904517,
      "patience_bias": -0.13634871598904513,
      "hardness_bias": 0.190172168653886,
      "samples": 390
    },
    "contradiction_handling": {
      "pressure_gain": 1.95,
      "difficulty_bias": 0.35,
      "escalation_bias": 0.3,
      "patience_bias": -0.3,
      "hardness_bias": 0.35,
      "samples": 390
    },
    "implied_intent_inference": {
      "pressure_gain": 1.9151499106445304,
      "difficulty_bias": 0.34125,
      "escalation_bias": 0.2925,
      "patience_bias": -0.2925,
      "hardness_bias": 0.34125,
      "samples": 390
    },
    "misunderstanding_repair": {
      "pressure_gain": 1.0,
      "difficulty_bias": 0.0,
      "escalation_bias": 0.0,
      "patience_bias": 0.0,
      "hardness_bias": 0.0,
      "samples": 390
    },
    "uncertainty_signaling": {
      "pressure_gain": 1.6414644924316075,
      "difficulty_bias": 0.28803135305017274,
      "escalation_bias": 0.2531211233187639,
      "patience_bias": -0.2312912508536082,
      "hardness_bias": 0.32077616174790635,
      "samples": 390
    },
    "boundary_calibration": {
      "pressure_gain": 1.827621660251544,
      "difficulty_bias": 0.3110451221403719,
      "escalation_bias": 0.2673498234149616,
      "patience_bias": -0.2647608078837116,
      "hardness_bias": 0.31492864543724686,
      "samples": 390
    },
    "framing_selection": {
      "pressure_gain": 1.95,
      "difficulty_bias": 0.35,
      "escalation_bias": 0.3,
      "patience_bias": -0.3,
      "hardness_bias": 0.35,
      "samples": 390
    },
    "emotional_calibration": {
      "pressure_gain": 1.0000368885613002,
      "difficulty_bias": 1.4548969114226265e-05,
      "escalation_bias": 1.258616707604235e-05,
      "patience_bias": -9.469917846613228e-06,
      "hardness_bias": 1.6511771152410237e-05,
      "samples": 390
    },
    "semantic_precision": {
      "pressure_gain": 1.0005519051212706,
      "difficulty_bias": 0.00022253332109567288,
      "escalation_bias": 0.00019305901968141395,
      "patience_bias": -0.0001503236280487581,
      "hardness_bias": 0.0002520076225099312,
      "samples": 390
    },
    "adaptive_strategy_selection": {
      "pressure_gain": 1.3389453457858478,
      "difficulty_bias": 0.15102202969981765,
      "escalation_bias": 0.13260174700489488,
      "patience_bias": -0.12156172158721565,
      "hardness_bias": 0.16758206782633658,
      "samples": 390
    },
    "compression_elaboration_fit": {
      "pressure_gain": 1.000486495899531,
      "difficulty_bias": 0.00021327286878601928,
      "escalation_bias": 0.00018691143172261938,
      "patience_bias": -0.00016293136693804245,
      "hardness_bias": 0.00023963430584941883,
      "samples": 390
    },
    "perspective_integration": {
      "pressure_gain": 1.95,
      "difficulty_bias": 0.35,
      "escalation_bias": 0.3,
      "patience_bias": -0.3,
      "hardness_bias": 0.35,
      "samples": 390
    },
    "multi_turn_stability": {
      "pressure_gain": 1.2560988900921506,
      "difficulty_bias": 0.11639025685676203,
      "escalation_bias": 0.10242163381140494,
      "patience_bias": -0.09309428325995306,
      "hardness_bias": 0.13035887990211914,
      "samples": 390
    }
  },
  "last_episode_id": "episode_f01cf5f489c5",
  "last_update_ts": 1784706296.7708602
}