{
  "version": 1,
  "samples": 173,
  "global": {
    "pressure_gain_bias": 0.4,
    "difficulty_bias": 0.35,
    "escalation_bias": 0.3,
    "patience_bias": -0.3,
    "hardness_bias": 0.35,
    "samples": 173
  },
  "axis": {
    "X": {
      "pressure_gain": 1.3769980704763927,
      "difficulty_bias": 0.1410552430636561,
      "escalation_bias": 0.12116360494016011,
      "patience_bias": -0.11634877373621172,
      "hardness_bias": 0.14436954545248587,
      "samples": 173
    },
    "T": {
      "pressure_gain": 1.6859309574448758,
      "difficulty_bias": 0.2588398724728799,
      "escalation_bias": 0.22258112647001788,
      "patience_bias": -0.21848281288376226,
      "hardness_bias": 0.26333299660198883,
      "samples": 173
    },
    "N": {
      "pressure_gain": 1.5793550990707477,
      "difficulty_bias": 0.22453308782186293,
      "escalation_bias": 0.19291218965152268,
      "patience_bias": -0.18660704603277217,
      "hardness_bias": 0.22719001444494857,
      "samples": 173
    },
    "B": {
      "pressure_gain": 1.9461082781400263,
      "difficulty_bias": 0.34871271433645706,
      "escalation_bias": 0.29890729274346517,
      "patience_bias": -0.29885530870013366,
      "hardness_bias": 0.3487690598138382,
      "samples": 173
    },
    "A": {
      "pressure_gain": 1.5887242745959291,
      "difficulty_bias": 0.22441638592709856,
      "escalation_bias": 0.19266564151890958,
      "patience_bias": -0.18947261214759054,
      "hardness_bias": 0.22623638075587255,
      "samples": 173
    }
  },
  "dimensions": {
    "coherence_maintenance": {
      "pressure_gain": 1.9262499999999998,
      "difficulty_bias": 0.34125,
      "escalation_bias": 0.2925,
      "patience_bias": -0.2925,
      "hardness_bias": 0.34125,
      "samples": 173
    },
    "context_carryover": {
      "pressure_gain": 1.95,
      "difficulty_bias": 0.35,
      "escalation_bias": 0.3,
      "patience_bias": -0.3,
      "hardness_bias": 0.35,
      "samples": 173
    },
    "ambiguity_handling": {
      "pressure_gain": 1.95,
      "difficulty_bias": 0.35,
      "escalation_bias": 0.3,
      "patience_bias": -0.3,
      "hardness_bias": 0.35,
      "samples": 173
    },
    "contradiction_handling": {
      "pressure_gain": 1.95,
      "difficulty_bias": 0.35,
      "escalation_bias": 0.3,
      "patience_bias": -0.3,
      "hardness_bias": 0.35,
      "samples": 173
    },
    "implied_intent_inference": {
      "pressure_gain": 1.9262499999999998,
      "difficulty_bias": 0.34125,
      "escalation_bias": 0.2925,
      "patience_bias": -0.2925,
      "hardness_bias": 0.34125,
      "samples": 173
    },
    "misunderstanding_repair": {
      "pressure_gain": 1.0,
      "difficulty_bias": 0.0,
      "escalation_bias": 0.0,
      "patience_bias": 0.0,
      "hardness_bias": 0.0,
      "samples": 173
    },
    "uncertainty_signaling": {
      "pressure_gain": 1.95,
      "difficulty_bias": 0.35,
      "escalation_bias": 0.3,
      "patience_bias": -0.3,
      "hardness_bias": 0.35,
      "samples": 173
    },
    "boundary_calibration": {
      "pressure_gain": 1.6215687238435175,
      "difficulty_bias": 0.2559794550570485,
      "escalation_bias": 0.22005994313648897,
      "patience_bias": -0.20774482908841294,
      "hardness_bias": 0.2593866087668976,
      "samples": 173
    },
    "framing_selection": {
      "pressure_gain": 1.95,
      "difficulty_bias": 0.35,
      "escalation_bias": 0.3,
      "patience_bias": -0.3,
      "hardness_bias": 0.35,
      "samples": 173
    },
    "emotional_calibration": {
      "pressure_gain": 1.0089720174785908,
      "difficulty_bias": 0.0035385930104350678,
      "escalation_bias": 0.0030612012778212525,
      "patience_bias": -0.0023032686947319814,
      "hardness_bias": 0.004015984743048887,
      "samples": 173
    },
    "semantic_precision": {
      "pressure_gain": 1.1342340882867223,
      "difficulty_bias": 0.05412444334960196,
      "escalation_bias": 0.046955718462423024,
      "patience_bias": -0.03656163782741419,
      "hardness_bias": 0.06129316823678099,
      "samples": 173
    },
    "adaptive_strategy_selection": {
      "pressure_gain": 1.95,
      "difficulty_bias": 0.35,
      "escalation_bias": 0.3,
      "patience_bias": -0.3,
      "hardness_bias": 0.35,
      "samples": 173
    },
    "compression_elaboration_fit": {
      "pressure_gain": 1.0813609839701808,
      "difficulty_bias": 0.03511796601962283,
      "escalation_bias": 0.030721523042734122,
      "patience_bias": -0.026271502270358404,
      "hardness_bias": 0.03951440899651158,
      "samples": 173
    },
    "perspective_integration": {
      "pressure_gain": 1.95,
      "difficulty_bias": 0.35,
      "escalation_bias": 0.3,
      "patience_bias": -0.3,
      "hardness_bias": 0.35,
      "samples": 173
    },
    "multi_turn_stability": {
      "pressure_gain": 1.2171872044517476,
      "difficulty_bias": 0.09567202141528312,
      "escalation_bias": 0.08389321185264341,
      "patience_bias": -0.07355594720416896,
      "hardness_bias": 0.10745083097792293,
      "samples": 173
    }
  },
  "last_episode_id": "episode_9617b6039456",
  "last_update_ts": 1783196212.1048906
}