{
  "version": 1,
  "samples": 299,
  "global": {
    "pressure_gain_bias": 0.4,
    "difficulty_bias": 0.35,
    "escalation_bias": 0.3,
    "patience_bias": -0.3,
    "hardness_bias": 0.35,
    "samples": 299
  },
  "axis": {
    "X": {
      "pressure_gain": 1.2083523110364467,
      "difficulty_bias": 0.07908781032338259,
      "escalation_bias": 0.06806862013181271,
      "patience_bias": -0.06692849599360837,
      "hardness_bias": 0.08063213669471808,
      "samples": 299
    },
    "T": {
      "pressure_gain": 1.603568005148326,
      "difficulty_bias": 0.22430225061744327,
      "escalation_bias": 0.19247213126318402,
      "patience_bias": -0.19165240682866583,
      "hardness_bias": 0.22542992101295622,
      "samples": 299
    },
    "N": {
      "pressure_gain": 1.4958689945856543,
      "difficulty_bias": 0.18961254721882537,
      "escalation_bias": 0.1633602474251946,
      "patience_bias": -0.16039516635058512,
      "hardness_bias": 0.1940182057277906,
      "samples": 299
    },
    "B": {
      "pressure_gain": 1.6660653566491743,
      "difficulty_bias": 0.24539250152113123,
      "escalation_bias": 0.210336430018102,
      "patience_bias": -0.21033642936659203,
      "hardness_bias": 0.24539250193389023,
      "samples": 299
    },
    "A": {
      "pressure_gain": 1.4590462253488494,
      "difficulty_bias": 0.17358673554927112,
      "escalation_bias": 0.14932603166397934,
      "patience_bias": -0.14744383008772813,
      "hardness_bias": 0.17639905988961593,
      "samples": 299
    }
  },
  "dimensions": {
    "coherence_maintenance": {
      "pressure_gain": 1.95,
      "difficulty_bias": 0.35,
      "escalation_bias": 0.3,
      "patience_bias": -0.3,
      "hardness_bias": 0.35,
      "samples": 299
    },
    "context_carryover": {
      "pressure_gain": 1.8454541583228976,
      "difficulty_bias": 0.3174803789380417,
      "escalation_bias": 0.2728495190361786,
      "patience_bias": -0.27031733922367857,
      "hardness_bias": 0.3212786486567917,
      "samples": 299
    },
    "ambiguity_handling": {
      "pressure_gain": 1.0755414253687352,
      "difficulty_bias": 0.02783105145164098,
      "escalation_bias": 0.023855186958549417,
      "patience_bias": -0.023855186958549417,
      "hardness_bias": 0.02783105145164098,
      "samples": 299
    },
    "contradiction_handling": {
      "pressure_gain": 1.95,
      "difficulty_bias": 0.35,
      "escalation_bias": 0.3,
      "patience_bias": -0.3,
      "hardness_bias": 0.35,
      "samples": 299
    },
    "implied_intent_inference": {
      "pressure_gain": 1.95,
      "difficulty_bias": 0.35,
      "escalation_bias": 0.3,
      "patience_bias": -0.3,
      "hardness_bias": 0.35,
      "samples": 299
    },
    "misunderstanding_repair": {
      "pressure_gain": 1.0,
      "difficulty_bias": 0.0,
      "escalation_bias": 0.0,
      "patience_bias": 0.0,
      "hardness_bias": 0.0,
      "samples": 299
    },
    "uncertainty_signaling": {
      "pressure_gain": 1.5931643338391086,
      "difficulty_bias": 0.24768756576240938,
      "escalation_bias": 0.21582053835261764,
      "patience_bias": -0.20351135140568427,
      "hardness_bias": 0.2661513461828096,
      "samples": 299
    },
    "boundary_calibration": {
      "pressure_gain": 1.95,
      "difficulty_bias": 0.35,
      "escalation_bias": 0.3,
      "patience_bias": -0.3,
      "hardness_bias": 0.35,
      "samples": 299
    },
    "framing_selection": {
      "pressure_gain": 1.6328767486108504,
      "difficulty_bias": 0.24740148727890077,
      "escalation_bias": 0.2137758209566651,
      "patience_bias": -0.20776490944503967,
      "hardness_bias": 0.25641785454633886,
      "samples": 299
    },
    "emotional_calibration": {
      "pressure_gain": 1.0003693785643302,
      "difficulty_bias": 0.00014568411275050239,
      "escalation_bias": 0.0001260298629412775,
      "patience_bias": -9.482572740875378e-05,
      "hardness_bias": 0.0001653383625597279,
      "samples": 299
    },
    "semantic_precision": {
      "pressure_gain": 1.0055264264625077,
      "difficulty_bias": 0.0022283069808392997,
      "escalation_bias": 0.0019331700940423862,
      "patience_bias": -0.001505245093709482,
      "hardness_bias": 0.0025234438676362096,
      "samples": 299
    },
    "adaptive_strategy_selection": {
      "pressure_gain": 1.4454126552434057,
      "difficulty_bias": 0.18213187490190874,
      "escalation_bias": 0.15828838189327038,
      "patience_bias": -0.1506746699725503,
      "hardness_bias": 0.19355244278298897,
      "samples": 299
    },
    "compression_elaboration_fit": {
      "pressure_gain": 1.004871460164896,
      "difficulty_bias": 0.0021355787079418717,
      "escalation_bias": 0.0018716120626587824,
      "patience_bias": -0.0016314909630528558,
      "hardness_bias": 0.0023995453532249605,
      "samples": 299
    },
    "perspective_integration": {
      "pressure_gain": 1.95,
      "difficulty_bias": 0.35,
      "escalation_bias": 0.3,
      "patience_bias": -0.3,
      "hardness_bias": 0.35,
      "samples": 299
    },
    "multi_turn_stability": {
      "pressure_gain": 1.0147041768157377,
      "difficulty_bias": 0.00654479105873804,
      "escalation_bias": 0.005745832287844241,
      "patience_bias": -0.005099994408538,
      "hardness_bias": 0.007343749829631855,
      "samples": 299
    }
  },
  "last_episode_id": "episode_804ff39676cf",
  "last_update_ts": 1784031095.8405056
}