{
  "version": 1,
  "samples": 256,
  "global": {
    "pressure_gain_bias": 0.4,
    "difficulty_bias": 0.35,
    "escalation_bias": 0.3,
    "patience_bias": -0.3,
    "hardness_bias": 0.35,
    "samples": 256
  },
  "axis": {
    "X": {
      "pressure_gain": 1.283397446663472,
      "difficulty_bias": 0.10834072933038845,
      "escalation_bias": 0.09319102926731779,
      "patience_bias": -0.09143711858736456,
      "hardness_bias": 0.11013438882275887,
      "samples": 256
    },
    "T": {
      "pressure_gain": 1.5719847851799122,
      "difficulty_bias": 0.21219523332962065,
      "escalation_bias": 0.18205808842293872,
      "patience_bias": -0.1812216949423286,
      "hardness_bias": 0.2132299361103952,
      "samples": 256
    },
    "N": {
      "pressure_gain": 1.558840518910693,
      "difficulty_bias": 0.206418045573195,
      "escalation_bias": 0.17698752868835432,
      "patience_bias": -0.1766462928834976,
      "hardness_bias": 0.20678100640502523,
      "samples": 256
    },
    "B": {
      "pressure_gain": 1.7303244705197622,
      "difficulty_bias": 0.26906706823997983,
      "escalation_bias": 0.23062892889117692,
      "patience_bias": -0.230628868427693,
      "hardness_bias": 0.2690671065461435,
      "samples": 256
    },
    "A": {
      "pressure_gain": 1.5080883511384295,
      "difficulty_bias": 0.189836002845869,
      "escalation_bias": 0.16292747135941876,
      "patience_bias": -0.16206892472000728,
      "hardness_bias": 0.19086207587490595,
      "samples": 256
    }
  },
  "dimensions": {
    "coherence_maintenance": {
      "pressure_gain": 1.95,
      "difficulty_bias": 0.35,
      "escalation_bias": 0.3,
      "patience_bias": -0.3,
      "hardness_bias": 0.35,
      "samples": 256
    },
    "context_carryover": {
      "pressure_gain": 1.5725532962081432,
      "difficulty_bias": 0.21094068807668503,
      "escalation_bias": 0.18080630406573003,
      "patience_bias": -0.18080630406573003,
      "hardness_bias": 0.21094068807668503,
      "samples": 256
    },
    "ambiguity_handling": {
      "pressure_gain": 1.2243813207883125,
      "difficulty_bias": 0.08266680239569528,
      "escalation_bias": 0.07085725919631022,
      "patience_bias": -0.07085725919631022,
      "hardness_bias": 0.08266680239569528,
      "samples": 256
    },
    "contradiction_handling": {
      "pressure_gain": 1.95,
      "difficulty_bias": 0.35,
      "escalation_bias": 0.3,
      "patience_bias": -0.3,
      "hardness_bias": 0.35,
      "samples": 256
    },
    "implied_intent_inference": {
      "pressure_gain": 1.95,
      "difficulty_bias": 0.35,
      "escalation_bias": 0.3,
      "patience_bias": -0.3,
      "hardness_bias": 0.35,
      "samples": 256
    },
    "misunderstanding_repair": {
      "pressure_gain": 1.0,
      "difficulty_bias": 0.0,
      "escalation_bias": 0.0,
      "patience_bias": 0.0,
      "hardness_bias": 0.0,
      "samples": 256
    },
    "uncertainty_signaling": {
      "pressure_gain": 1.5725532962081432,
      "difficulty_bias": 0.21094068807668503,
      "escalation_bias": 0.18080630406573003,
      "patience_bias": -0.18080630406573003,
      "hardness_bias": 0.21094068807668503,
      "samples": 256
    },
    "boundary_calibration": {
      "pressure_gain": 1.95,
      "difficulty_bias": 0.35,
      "escalation_bias": 0.3,
      "patience_bias": -0.3,
      "hardness_bias": 0.35,
      "samples": 256
    },
    "framing_selection": {
      "pressure_gain": 1.95,
      "difficulty_bias": 0.35,
      "escalation_bias": 0.3,
      "patience_bias": -0.3,
      "hardness_bias": 0.35,
      "samples": 256
    },
    "emotional_calibration": {
      "pressure_gain": 1.001097168205803,
      "difficulty_bias": 0.00043272672546577006,
      "escalation_bias": 0.00037434754464186224,
      "patience_bias": -0.0002816616426924578,
      "hardness_bias": 0.0004911059062896793,
      "samples": 256
    },
    "semantic_precision": {
      "pressure_gain": 1.0164151902462053,
      "difficulty_bias": 0.0066187586617798885,
      "escalation_bias": 0.005742111125019921,
      "patience_bias": -0.004471041955960114,
      "hardness_bias": 0.00749540619853985,
      "samples": 256
    },
    "adaptive_strategy_selection": {
      "pressure_gain": 1.544283477207866,
      "difficulty_bias": 0.2005254916028987,
      "escalation_bias": 0.1718789928024846,
      "patience_bias": -0.1718789928024846,
      "hardness_bias": 0.2005254916028987,
      "samples": 256
    },
    "compression_elaboration_fit": {
      "pressure_gain": 1.0144697384333405,
      "difficulty_bias": 0.0063433271055763725,
      "escalation_bias": 0.0055592647950816285,
      "patience_bias": -0.00484603110620532,
      "hardness_bias": 0.0071273894160711095,
      "samples": 256
    },
    "perspective_integration": {
      "pressure_gain": 1.95,
      "difficulty_bias": 0.35,
      "escalation_bias": 0.3,
      "patience_bias": -0.3,
      "hardness_bias": 0.35,
      "samples": 256
    },
    "multi_turn_stability": {
      "pressure_gain": 1.0436759380553864,
      "difficulty_bias": 0.019440047032140056,
      "escalation_bias": 0.017066893184519576,
      "patience_bias": -0.01514855558807509,
      "hardness_bias": 0.02181320087976058,
      "samples": 256
    }
  },
  "last_episode_id": "episode_d90cd4dec9e1",
  "last_update_ts": 1783794692.401532
}