{
  "version": 1,
  "samples": 370,
  "global": {
    "pressure_gain_bias": 0.4,
    "difficulty_bias": 0.35,
    "escalation_bias": 0.3,
    "patience_bias": -0.3,
    "hardness_bias": 0.35,
    "samples": 370
  },
  "axis": {
    "X": {
      "pressure_gain": 1.3169689964420308,
      "difficulty_bias": 0.11680432149928231,
      "escalation_bias": 0.10012064783638416,
      "patience_bias": -0.10008397277753918,
      "hardness_bias": 0.11683129971219242,
      "samples": 370
    },
    "T": {
      "pressure_gain": 1.463525763598828,
      "difficulty_bias": 0.17782304025791085,
      "escalation_bias": 0.15327026059939847,
      "patience_bias": -0.1502812768164019,
      "hardness_bias": 0.18229430774052252,
      "samples": 370
    },
    "N": {
      "pressure_gain": 1.4051058318491405,
      "difficulty_bias": 0.15502587580664104,
      "escalation_bias": 0.13357615266950928,
      "patience_bias": -0.13113033701307605,
      "hardness_bias": 0.1586876904982383,
      "samples": 370
    },
    "B": {
      "pressure_gain": 1.6387575230395517,
      "difficulty_bias": 0.23533171901553235,
      "escalation_bias": 0.20171290201339398,
      "patience_bias": -0.2017129020130266,
      "hardness_bias": 0.23533171901576513,
      "samples": 370
    },
    "A": {
      "pressure_gain": 1.3795008702715301,
      "difficulty_bias": 0.1435823612795284,
      "escalation_bias": 0.12352493613681721,
      "patience_bias": -0.12193474276491113,
      "hardness_bias": 0.14596764514665064,
      "samples": 370
    }
  },
  "dimensions": {
    "coherence_maintenance": {
      "pressure_gain": 1.95,
      "difficulty_bias": 0.35,
      "escalation_bias": 0.3,
      "patience_bias": -0.3,
      "hardness_bias": 0.35,
      "samples": 370
    },
    "context_carryover": {
      "pressure_gain": 1.3985752584870614,
      "difficulty_bias": 0.16795207267249113,
      "escalation_bias": 0.14650534845812171,
      "patience_bias": -0.13759284687216897,
      "hardness_bias": 0.18132082505142047,
      "samples": 370
    },
    "ambiguity_handling": {
      "pressure_gain": 1.012517364236667,
      "difficulty_bias": 0.004611660508246993,
      "escalation_bias": 0.003952851864211708,
      "patience_bias": -0.003952851864211708,
      "hardness_bias": 0.004611660508246993,
      "samples": 370
    },
    "contradiction_handling": {
      "pressure_gain": 1.95,
      "difficulty_bias": 0.35,
      "escalation_bias": 0.3,
      "patience_bias": -0.3,
      "hardness_bias": 0.35,
      "samples": 370
    },
    "implied_intent_inference": {
      "pressure_gain": 1.95,
      "difficulty_bias": 0.35,
      "escalation_bias": 0.3,
      "patience_bias": -0.3,
      "hardness_bias": 0.35,
      "samples": 370
    },
    "misunderstanding_repair": {
      "pressure_gain": 1.0,
      "difficulty_bias": 0.0,
      "escalation_bias": 0.0,
      "patience_bias": 0.0,
      "hardness_bias": 0.0,
      "samples": 370
    },
    "uncertainty_signaling": {
      "pressure_gain": 1.2359199986672489,
      "difficulty_bias": 0.1028974070385143,
      "escalation_bias": 0.0901254647191139,
      "patience_bias": -0.08337855931775826,
      "hardness_bias": 0.11301776514054786,
      "samples": 370
    },
    "boundary_calibration": {
      "pressure_gain": 1.95,
      "difficulty_bias": 0.35,
      "escalation_bias": 0.3,
      "patience_bias": -0.3,
      "hardness_bias": 0.35,
      "samples": 370
    },
    "framing_selection": {
      "pressure_gain": 1.95,
      "difficulty_bias": 0.35,
      "escalation_bias": 0.3,
      "patience_bias": -0.3,
      "hardness_bias": 0.35,
      "samples": 370
    },
    "emotional_calibration": {
      "pressure_gain": 1.0000612067618297,
      "difficulty_bias": 2.41401468650183e-05,
      "escalation_bias": 2.0883398631056797e-05,
      "patience_bias": -1.571281139042124e-05,
      "hardness_bias": 2.739689509897991e-05,
      "samples": 370
    },
    "semantic_precision": {
      "pressure_gain": 1.000915739842352,
      "difficulty_bias": 0.0003692348929627589,
      "escalation_bias": 0.00032033012457004196,
      "patience_bias": -0.00024942210199835135,
      "hardness_bias": 0.00041813966135547477,
      "samples": 370
    },
    "adaptive_strategy_selection": {
      "pressure_gain": 1.16890931873996,
      "difficulty_bias": 0.07275536102467162,
      "escalation_bias": 0.06363149439123605,
      "patience_bias": -0.05918734709592472,
      "hardness_bias": 0.0794215819676387,
      "samples": 370
    },
    "compression_elaboration_fit": {
      "pressure_gain": 1.0008072106258337,
      "difficulty_bias": 0.00035386963395118065,
      "escalation_bias": 0.00031012983649287456,
      "patience_bias": -0.00027034129331930364,
      "hardness_bias": 0.0003976094314094863,
      "samples": 370
    },
    "perspective_integration": {
      "pressure_gain": 1.95,
      "difficulty_bias": 0.35,
      "escalation_bias": 0.3,
      "patience_bias": -0.3,
      "hardness_bias": 0.35,
      "samples": 370
    },
    "multi_turn_stability": {
      "pressure_gain": 1.0024365113062719,
      "difficulty_bias": 0.001084484878796436,
      "escalation_bias": 0.000952095823433195,
      "patience_bias": -0.0008450792039604528,
      "hardness_bias": 0.0012168739341596783,
      "samples": 370
    }
  },
  "last_episode_id": "episode_b005c578c0b0",
  "last_update_ts": 1784418785.441712
}