{
  "version": 1,
  "samples": 307,
  "global": {
    "pressure_gain_bias": 0.4,
    "difficulty_bias": 0.35,
    "escalation_bias": 0.3,
    "patience_bias": -0.3,
    "hardness_bias": 0.35,
    "samples": 307
  },
  "axis": {
    "X": {
      "pressure_gain": 1.2351409743924833,
      "difficulty_bias": 0.09246313843776145,
      "escalation_bias": 0.07995701166598163,
      "patience_bias": -0.07736398307041796,
      "hardness_bias": 0.09591409516670098,
      "samples": 307
    },
    "T": {
      "pressure_gain": 1.5921666263997705,
      "difficulty_bias": 0.22075613985576842,
      "escalation_bias": 0.189523158112432,
      "patience_bias": -0.188400247316801,
      "hardness_bias": 0.22236821930697517,
      "samples": 307
    },
    "N": {
      "pressure_gain": 1.4983245257075903,
      "difficulty_bias": 0.1918492611706889,
      "escalation_bias": 0.16543815929679648,
      "patience_bias": -0.16191826605541962,
      "hardness_bias": 0.1970949360335868,
      "samples": 307
    },
    "B": {
      "pressure_gain": 1.660065001107392,
      "difficulty_bias": 0.24318184324634184,
      "escalation_bias": 0.20844157998692664,
      "patience_bias": -0.20844157970647298,
      "hardness_bias": 0.24318184342402108,
      "samples": 307
    },
    "A": {
      "pressure_gain": 1.454957187006182,
      "difficulty_bias": 0.17278320533092045,
      "escalation_bias": 0.14872275702068316,
      "patience_bias": -0.14654216495283626,
      "hardness_bias": 0.17604936775331448,
      "samples": 307
    }
  },
  "dimensions": {
    "coherence_maintenance": {
      "pressure_gain": 1.95,
      "difficulty_bias": 0.35,
      "escalation_bias": 0.3,
      "patience_bias": -0.3,
      "hardness_bias": 0.35,
      "samples": 307
    },
    "context_carryover": {
      "pressure_gain": 1.777504253736384,
      "difficulty_bias": 0.2974456956067635,
      "escalation_bias": 0.25628004664944043,
      "patience_bias": -0.2516369701966893,
      "hardness_bias": 0.30441031028589033,
      "samples": 307
    },
    "ambiguity_handling": {
      "pressure_gain": 1.061691041278595,
      "difficulty_bias": 0.02272827836579982,
      "escalation_bias": 0.019481381456399844,
      "patience_bias": -0.019481381456399844,
      "hardness_bias": 0.02272827836579982,
      "samples": 307
    },
    "contradiction_handling": {
      "pressure_gain": 1.95,
      "difficulty_bias": 0.35,
      "escalation_bias": 0.3,
      "patience_bias": -0.3,
      "hardness_bias": 0.35,
      "samples": 307
    },
    "implied_intent_inference": {
      "pressure_gain": 1.95,
      "difficulty_bias": 0.35,
      "escalation_bias": 0.3,
      "patience_bias": -0.3,
      "hardness_bias": 0.35,
      "samples": 307
    },
    "misunderstanding_repair": {
      "pressure_gain": 1.0,
      "difficulty_bias": 0.0,
      "escalation_bias": 0.0,
      "patience_bias": 0.0,
      "hardness_bias": 0.0,
      "samples": 307
    },
    "uncertainty_signaling": {
      "pressure_gain": 1.5323828345875192,
      "difficulty_bias": 0.223621647897012,
      "escalation_bias": 0.19499081862874415,
      "patience_bias": -0.18338789711917586,
      "hardness_bias": 0.24102603016136462,
      "samples": 307
    },
    "boundary_calibration": {
      "pressure_gain": 1.95,
      "difficulty_bias": 0.35,
      "escalation_bias": 0.3,
      "patience_bias": -0.3,
      "hardness_bias": 0.35,
      "samples": 307
    },
    "framing_selection": {
      "pressure_gain": 1.8346494999673437,
      "difficulty_bias": 0.3391163742591251,
      "escalation_bias": 0.2944849214992624,
      "patience_bias": -0.28113681902921905,
      "hardness_bias": 0.35,
      "samples": 307
    },
    "emotional_calibration": {
      "pressure_gain": 1.000301653670794,
      "difficulty_bias": 0.00011897319344263409,
      "escalation_bias": 0.00010292251488630194,
      "patience_bias": -7.743960132194477e-05,
      "hardness_bias": 0.0001350238719989668,
      "samples": 307
    },
    "semantic_precision": {
      "pressure_gain": 1.004513166138413,
      "difficulty_bias": 0.0018197509150156234,
      "escalation_bias": 0.0015787268440856591,
      "patience_bias": -0.0012292611207316189,
      "hardness_bias": 0.0020607749859455847,
      "samples": 307
    },
    "adaptive_strategy_selection": {
      "pressure_gain": 1.3972989894202807,
      "difficulty_bias": 0.16356353357618791,
      "escalation_bias": 0.1422710555224822,
      "patience_bias": -0.13501296192235826,
      "hardness_bias": 0.174450673976374,
      "samples": 307
    },
    "compression_elaboration_fit": {
      "pressure_gain": 1.0039782867301306,
      "difficulty_bias": 0.0017440242037034524,
      "escalation_bias": 0.0015284553667263409,
      "patience_bias": -0.0013323600376357954,
      "hardness_bias": 0.001959593040680563,
      "samples": 307
    },
    "perspective_integration": {
      "pressure_gain": 1.95,
      "difficulty_bias": 0.35,
      "escalation_bias": 0.3,
      "patience_bias": -0.3,
      "hardness_bias": 0.35,
      "samples": 307
    },
    "multi_turn_stability": {
      "pressure_gain": 1.0120081925179405,
      "difficulty_bias": 0.005344815422711064,
      "escalation_bias": 0.004692344301408859,
      "patience_bias": -0.004164919632400009,
      "hardness_bias": 0.005997286544013282,
      "samples": 307
    }
  },
  "last_episode_id": "episode_e8451848d322",
  "last_update_ts": 1784071970.2160358
}