{
  "version": 1,
  "samples": 264,
  "global": {
    "pressure_gain_bias": 0.4,
    "difficulty_bias": 0.35,
    "escalation_bias": 0.3,
    "patience_bias": -0.3,
    "hardness_bias": 0.35,
    "samples": 264
  },
  "axis": {
    "X": {
      "pressure_gain": 1.3052759930005866,
      "difficulty_bias": 0.11426266615911265,
      "escalation_bias": 0.09809253027832865,
      "patience_bias": -0.09710930938889387,
      "hardness_bias": 0.11519125135211389,
      "samples": 264
    },
    "T": {
      "pressure_gain": 1.5296966472614888,
      "difficulty_bias": 0.19634202814946727,
      "escalation_bias": 0.16843673450127652,
      "patience_bias": -0.16775566714896714,
      "hardness_bias": 0.19718457313223448,
      "samples": 264
    },
    "N": {
      "pressure_gain": 1.5191509117552493,
      "difficulty_bias": 0.19166344595361487,
      "escalation_bias": 0.16432826165530204,
      "patience_bias": -0.16406201355675912,
      "hardness_bias": 0.19195089889697198,
      "samples": 264
    },
    "B": {
      "pressure_gain": 1.7126343015367849,
      "difficulty_bias": 0.26254954754824444,
      "escalation_bias": 0.22504247503373107,
      "patience_bias": -0.2250424490061839,
      "hardness_bias": 0.26254956403779184,
      "samples": 264
    },
    "A": {
      "pressure_gain": 1.4901514456238545,
      "difficulty_bias": 0.18172093738316925,
      "escalation_bias": 0.15585158792606335,
      "patience_bias": -0.155482011749541,
      "hardness_bias": 0.18216262817723508,
      "samples": 264
    }
  },
  "dimensions": {
    "coherence_maintenance": {
      "pressure_gain": 1.95,
      "difficulty_bias": 0.35,
      "escalation_bias": 0.3,
      "patience_bias": -0.3,
      "hardness_bias": 0.35,
      "samples": 264
    },
    "context_carryover": {
      "pressure_gain": 1.4675766820411529,
      "difficulty_bias": 0.1722650933835834,
      "escalation_bias": 0.14765579432878576,
      "patience_bias": -0.14765579432878576,
      "hardness_bias": 0.1722650933835834,
      "samples": 264
    },
    "ambiguity_handling": {
      "pressure_gain": 1.1832414103298952,
      "difficulty_bias": 0.06750999327943631,
      "escalation_bias": 0.05786570852523113,
      "patience_bias": -0.05786570852523113,
      "hardness_bias": 0.06750999327943631,
      "samples": 264
    },
    "contradiction_handling": {
      "pressure_gain": 1.95,
      "difficulty_bias": 0.35,
      "escalation_bias": 0.3,
      "patience_bias": -0.3,
      "hardness_bias": 0.35,
      "samples": 264
    },
    "implied_intent_inference": {
      "pressure_gain": 1.95,
      "difficulty_bias": 0.35,
      "escalation_bias": 0.3,
      "patience_bias": -0.3,
      "hardness_bias": 0.35,
      "samples": 264
    },
    "misunderstanding_repair": {
      "pressure_gain": 1.0,
      "difficulty_bias": 0.0,
      "escalation_bias": 0.0,
      "patience_bias": 0.0,
      "hardness_bias": 0.0,
      "samples": 264
    },
    "uncertainty_signaling": {
      "pressure_gain": 1.4675766820411529,
      "difficulty_bias": 0.1722650933835834,
      "escalation_bias": 0.14765579432878576,
      "patience_bias": -0.14765579432878576,
      "hardness_bias": 0.1722650933835834,
      "samples": 264
    },
    "boundary_calibration": {
      "pressure_gain": 1.95,
      "difficulty_bias": 0.35,
      "escalation_bias": 0.3,
      "patience_bias": -0.3,
      "hardness_bias": 0.35,
      "samples": 264
    },
    "framing_selection": {
      "pressure_gain": 1.95,
      "difficulty_bias": 0.35,
      "escalation_bias": 0.3,
      "patience_bias": -0.3,
      "hardness_bias": 0.35,
      "samples": 264
    },
    "emotional_calibration": {
      "pressure_gain": 1.0008960043941895,
      "difficulty_bias": 0.0003533870608444855,
      "escalation_bias": 0.0003057115975283159,
      "patience_bias": -0.0002300194885272712,
      "hardness_bias": 0.0004010625241606563,
      "samples": 264
    },
    "semantic_precision": {
      "pressure_gain": 1.0134054947220223,
      "difficulty_bias": 0.005405221199147764,
      "escalation_bias": 0.004689305407076657,
      "patience_bias": -0.003651284477584474,
      "hardness_bias": 0.0061211369912188675,
      "samples": 264
    },
    "adaptive_strategy_selection": {
      "pressure_gain": 1.4444900833653709,
      "difficulty_bias": 0.16375950439776896,
      "escalation_bias": 0.14036528948380195,
      "patience_bias": -0.14036528948380195,
      "hardness_bias": 0.16375950439776896,
      "samples": 264
    },
    "compression_elaboration_fit": {
      "pressure_gain": 1.0118167379901084,
      "difficulty_bias": 0.005180289521988659,
      "escalation_bias": 0.004539983621939526,
      "patience_bias": -0.003957520043486001,
      "hardness_bias": 0.005820595422037787,
      "samples": 264
    },
    "perspective_integration": {
      "pressure_gain": 1.95,
      "difficulty_bias": 0.35,
      "escalation_bias": 0.3,
      "patience_bias": -0.3,
      "hardness_bias": 0.35,
      "samples": 264
    },
    "multi_turn_stability": {
      "pressure_gain": 1.0356680335895716,
      "difficulty_bias": 0.015875749472076376,
      "escalation_bias": 0.013937709102049079,
      "patience_bias": -0.01237109524387956,
      "hardness_bias": 0.017813789842103717,
      "samples": 264
    }
  },
  "last_episode_id": "episode_9cc6ac609d89",
  "last_update_ts": 1783815987.1103728
}