{
  "version": 1,
  "samples": 387,
  "global": {
    "pressure_gain_bias": 0.4,
    "difficulty_bias": 0.35,
    "escalation_bias": 0.3,
    "patience_bias": -0.3,
    "hardness_bias": 0.35,
    "samples": 387
  },
  "axis": {
    "X": {
      "pressure_gain": 1.3169217629120598,
      "difficulty_bias": 0.11677203803793959,
      "escalation_bias": 0.10009160693375267,
      "patience_bias": -0.10006955164355621,
      "hardness_bias": 0.11678746539338303,
      "samples": 387
    },
    "T": {
      "pressure_gain": 1.51426983436065,
      "difficulty_bias": 0.20248625519124924,
      "escalation_bias": 0.17513012163206734,
      "patience_bias": -0.16962502949217523,
      "hardness_bias": 0.21022360115824124,
      "samples": 387
    },
    "N": {
      "pressure_gain": 1.4134461384723027,
      "difficulty_bias": 0.16102505149851548,
      "escalation_bias": 0.13907133308249398,
      "patience_bias": -0.1353923294498191,
      "hardness_bias": 0.16653906459803272,
      "samples": 387
    },
    "B": {
      "pressure_gain": 1.6718252290607454,
      "difficulty_bias": 0.2506005464833823,
      "escalation_bias": 0.21517274638104594,
      "patience_bias": -0.21386977349751798,
      "hardness_bias": 0.2525550058086211,
      "samples": 387
    },
    "A": {
      "pressure_gain": 1.3797314275806036,
      "difficulty_bias": 0.14492339920834035,
      "escalation_bias": 0.12482592677932043,
      "patience_bias": -0.12270538055470462,
      "hardness_bias": 0.1481042175128236,
      "samples": 387
    }
  },
  "dimensions": {
    "coherence_maintenance": {
      "pressure_gain": 1.95,
      "difficulty_bias": 0.35,
      "escalation_bias": 0.3,
      "patience_bias": -0.3,
      "hardness_bias": 0.35,
      "samples": 387
    },
    "context_carryover": {
      "pressure_gain": 1.7522967120948378,
      "difficulty_bias": 0.3311581396023629,
      "escalation_bias": 0.2903636604069841,
      "patience_bias": -0.26756526778962836,
      "hardness_bias": 0.35,
      "samples": 387
    },
    "ambiguity_handling": {
      "pressure_gain": 1.309166769878948,
      "difficulty_bias": 0.1396719678501395,
      "escalation_bias": 0.12282740101440529,
      "patience_bias": -0.11194740101440528,
      "hardness_bias": 0.1559919678501395,
      "samples": 387
    },
    "contradiction_handling": {
      "pressure_gain": 1.95,
      "difficulty_bias": 0.35,
      "escalation_bias": 0.3,
      "patience_bias": -0.3,
      "hardness_bias": 0.35,
      "samples": 387
    },
    "implied_intent_inference": {
      "pressure_gain": 1.8794172460937493,
      "difficulty_bias": 0.32579701171875,
      "escalation_bias": 0.27947186718749994,
      "patience_bias": -0.27871136718749995,
      "hardness_bias": 0.32693776171875,
      "samples": 387
    },
    "misunderstanding_repair": {
      "pressure_gain": 1.0,
      "difficulty_bias": 0.0,
      "escalation_bias": 0.0,
      "patience_bias": 0.0,
      "hardness_bias": 0.0,
      "samples": 387
    },
    "uncertainty_signaling": {
      "pressure_gain": 1.5292644924316072,
      "difficulty_bias": 0.2370313530501727,
      "escalation_bias": 0.2082411233187639,
      "patience_bias": -0.19049125085360818,
      "hardness_bias": 0.26365616174790635,
      "samples": 387
    },
    "boundary_calibration": {
      "pressure_gain": 1.8312653888247672,
      "difficulty_bias": 0.30931768272491456,
      "escalation_bias": 0.26549882804992675,
      "patience_bias": -0.26420597804992674,
      "hardness_bias": 0.3112569577249145,
      "samples": 387
    },
    "framing_selection": {
      "pressure_gain": 1.95,
      "difficulty_bias": 0.35,
      "escalation_bias": 0.3,
      "patience_bias": -0.3,
      "hardness_bias": 0.35,
      "samples": 387
    },
    "emotional_calibration": {
      "pressure_gain": 1.00003979952331,
      "difficulty_bias": 1.5697062042692577e-05,
      "escalation_bias": 1.3579370738999484e-05,
      "patience_bias": -1.0217211048454065e-05,
      "hardness_bias": 1.781475334638573e-05,
      "samples": 387
    },
    "semantic_precision": {
      "pressure_gain": 1.0005954572356468,
      "difficulty_bias": 0.00024009394207796935,
      "escalation_bias": 0.0002082937551140527,
      "patience_bias": -0.00016218601451677405,
      "hardness_bias": 0.00027189412904188537,
      "samples": 387
    },
    "adaptive_strategy_selection": {
      "pressure_gain": 1.2983372136265108,
      "difficulty_bias": 0.13248573558955656,
      "escalation_bias": 0.11628217641527679,
      "patience_bias": -0.1067517657304776,
      "hardness_bias": 0.14678135161675546,
      "samples": 387
    },
    "compression_elaboration_fit": {
      "pressure_gain": 1.000524886420371,
      "difficulty_bias": 0.00023010272597827398,
      "escalation_bias": 0.00020166104671770667,
      "patience_bias": -0.00017578865935087776,
      "hardness_bias": 0.00025854440523884095,
      "samples": 387
    },
    "perspective_integration": {
      "pressure_gain": 1.95,
      "difficulty_bias": 0.35,
      "escalation_bias": 0.3,
      "patience_bias": -0.3,
      "hardness_bias": 0.35,
      "samples": 387
    },
    "multi_turn_stability": {
      "pressure_gain": 1.1891249317588173,
      "difficulty_bias": 0.0859475485234287,
      "escalation_bias": 0.07563205047807162,
      "patience_bias": -0.06874011659328638,
      "hardness_bias": 0.09626304656878582,
      "samples": 387
    }
  },
  "last_episode_id": "episode_e3f177daf071",
  "last_update_ts": 1784678376.5275853
}