{
  "version": 1,
  "samples": 293,
  "global": {
    "pressure_gain_bias": 0.4,
    "difficulty_bias": 0.35,
    "escalation_bias": 0.3,
    "patience_bias": -0.3,
    "hardness_bias": 0.35,
    "samples": 293
  },
  "axis": {
    "X": {
      "pressure_gain": 1.219996685762243,
      "difficulty_bias": 0.08257921630321727,
      "escalation_bias": 0.07096351798394698,
      "patience_bias": -0.0701376896438536,
      "hardness_bias": 0.08362213700271146,
      "samples": 293
    },
    "T": {
      "pressure_gain": 1.5968348281266422,
      "difficulty_bias": 0.2218373489063804,
      "escalation_bias": 0.1903432886958029,
      "patience_bias": -0.18956735140148284,
      "hardness_bias": 0.2228622836442715,
      "samples": 293
    },
    "N": {
      "pressure_gain": 1.4731560834351907,
      "difficulty_bias": 0.1785600554849377,
      "escalation_bias": 0.1535627714530326,
      "patience_bias": -0.15172439702036167,
      "hardness_bias": 0.18126857619688644,
      "samples": 293
    },
    "B": {
      "pressure_gain": 1.6714332421454612,
      "difficulty_bias": 0.2473701450475866,
      "escalation_bias": 0.21203155316672256,
      "patience_bias": -0.21203155194079157,
      "hardness_bias": 0.24737014582426547,
      "samples": 293
    },
    "A": {
      "pressure_gain": 1.447480555510388,
      "difficulty_bias": 0.16775455802641775,
      "escalation_bias": 0.14413645945771408,
      "patience_bias": -0.14292008414771906,
      "hardness_bias": 0.16955846390241647,
      "samples": 293
    }
  },
  "dimensions": {
    "coherence_maintenance": {
      "pressure_gain": 1.95,
      "difficulty_bias": 0.35,
      "escalation_bias": 0.3,
      "patience_bias": -0.3,
      "hardness_bias": 0.35,
      "samples": 293
    },
    "context_carryover": {
      "pressure_gain": 1.8805164062499995,
      "difficulty_bias": 0.32440078125,
      "escalation_bias": 0.2780578125,
      "patience_bias": -0.2780578125,
      "hardness_bias": 0.32440078125,
      "samples": 293
    },
    "ambiguity_handling": {
      "pressure_gain": 1.087934131987607,
      "difficulty_bias": 0.03239678546912001,
      "escalation_bias": 0.027768673259245723,
      "patience_bias": -0.027768673259245723,
      "hardness_bias": 0.03239678546912001,
      "samples": 293
    },
    "contradiction_handling": {
      "pressure_gain": 1.95,
      "difficulty_bias": 0.35,
      "escalation_bias": 0.3,
      "patience_bias": -0.3,
      "hardness_bias": 0.35,
      "samples": 293
    },
    "implied_intent_inference": {
      "pressure_gain": 1.95,
      "difficulty_bias": 0.35,
      "escalation_bias": 0.3,
      "patience_bias": -0.3,
      "hardness_bias": 0.35,
      "samples": 293
    },
    "misunderstanding_repair": {
      "pressure_gain": 1.0,
      "difficulty_bias": 0.0,
      "escalation_bias": 0.0,
      "patience_bias": 0.0,
      "hardness_bias": 0.0,
      "samples": 293
    },
    "uncertainty_signaling": {
      "pressure_gain": 1.5399945306849907,
      "difficulty_bias": 0.2217887221428919,
      "escalation_bias": 0.19286032695371685,
      "patience_bias": -0.18321534904438366,
      "hardness_bias": 0.23625618900689183,
      "samples": 293
    },
    "boundary_calibration": {
      "pressure_gain": 1.95,
      "difficulty_bias": 0.35,
      "escalation_bias": 0.3,
      "patience_bias": -0.3,
      "hardness_bias": 0.35,
      "samples": 293
    },
    "framing_selection": {
      "pressure_gain": 1.5571041701215969,
      "difficulty_bias": 0.21086781429661056,
      "escalation_bias": 0.18142167752905924,
      "patience_bias": -0.17904924906718353,
      "hardness_bias": 0.21442645698942406,
      "samples": 293
    },
    "emotional_calibration": {
      "pressure_gain": 1.0004299757817738,
      "difficulty_bias": 0.00016958385331714918,
      "escalation_bias": 0.00014670528849783804,
      "patience_bias": -0.00011038205844118455,
      "hardness_bias": 0.00019246241813646107,
      "samples": 293
    },
    "semantic_precision": {
      "pressure_gain": 1.006433046657538,
      "difficulty_bias": 0.0025938647464696057,
      "escalation_bias": 0.0022503101228795656,
      "patience_bias": -0.001752183257038829,
      "hardness_bias": 0.002937419370059642,
      "samples": 293
    },
    "adaptive_strategy_selection": {
      "pressure_gain": 1.4419166173345763,
      "difficulty_bias": 0.17837622971534026,
      "escalation_bias": 0.15477157495124028,
      "patience_bias": -0.14819975176792008,
      "hardness_bias": 0.1882339644903206,
      "samples": 293
    },
    "compression_elaboration_fit": {
      "pressure_gain": 1.0056706319614885,
      "difficulty_bias": 0.0024859242337225444,
      "escalation_bias": 0.0021786533857957647,
      "patience_bias": -0.001899139988177303,
      "hardness_bias": 0.0027931950816493223,
      "samples": 293
    },
    "perspective_integration": {
      "pressure_gain": 1.95,
      "difficulty_bias": 0.35,
      "escalation_bias": 0.3,
      "patience_bias": -0.3,
      "hardness_bias": 0.35,
      "samples": 293
    },
    "multi_turn_stability": {
      "pressure_gain": 1.0171164234533936,
      "difficulty_bias": 0.007618475796308777,
      "escalation_bias": 0.006688446402906464,
      "patience_bias": -0.005936657658594326,
      "hardness_bias": 0.008548505189711108,
      "samples": 293
    }
  },
  "last_episode_id": "episode_501c3b6297ac",
  "last_update_ts": 1783986544.6118252
}