{
  "version": 1,
  "samples": 320,
  "global": {
    "pressure_gain_bias": 0.4,
    "difficulty_bias": 0.35,
    "escalation_bias": 0.3,
    "patience_bias": -0.3,
    "hardness_bias": 0.35,
    "samples": 320
  },
  "axis": {
    "X": {
      "pressure_gain": 1.294687344509031,
      "difficulty_bias": 0.1109054113983346,
      "escalation_bias": 0.09524445728360408,
      "patience_bias": -0.09440813982192194,
      "hardness_bias": 0.11183443916345302,
      "samples": 320
    },
    "T": {
      "pressure_gain": 1.5602230392017995,
      "difficulty_bias": 0.21050056610675466,
      "escalation_bias": 0.18092174402314368,
      "patience_bias": -0.17915405374995957,
      "hardness_bias": 0.2131057642809731,
      "samples": 320
    },
    "N": {
      "pressure_gain": 1.4788006197034123,
      "difficulty_bias": 0.18470518024255766,
      "escalation_bias": 0.15932058595570325,
      "patience_bias": -0.15578955818026147,
      "hardness_bias": 0.18997719260975843,
      "samples": 320
    },
    "B": {
      "pressure_gain": 1.6525685814735707,
      "difficulty_bias": 0.24042000388713175,
      "escalation_bias": 0.20607428906174308,
      "patience_bias": -0.20607428899045555,
      "hardness_bias": 0.24042000393229543,
      "samples": 320
    },
    "A": {
      "pressure_gain": 1.4369474712192076,
      "difficulty_bias": 0.16617008020050733,
      "escalation_bias": 0.14305739651411825,
      "patience_bias": -0.140866607356015,
      "hardness_bias": 0.16945506273337002,
      "samples": 320
    }
  },
  "dimensions": {
    "coherence_maintenance": {
      "pressure_gain": 1.95,
      "difficulty_bias": 0.35,
      "escalation_bias": 0.3,
      "patience_bias": -0.3,
      "hardness_bias": 0.35,
      "samples": 320
    },
    "context_carryover": {
      "pressure_gain": 1.636475703613878,
      "difficulty_bias": 0.24800481791434104,
      "escalation_bias": 0.21420579068896098,
      "patience_bias": -0.20849997702062062,
      "hardness_bias": 0.2565635384168518,
      "samples": 320
    },
    "ambiguity_handling": {
      "pressure_gain": 1.0443896892555273,
      "difficulty_bias": 0.016354096041511727,
      "escalation_bias": 0.01401779660701005,
      "patience_bias": -0.01401779660701005,
      "hardness_bias": 0.016354096041511727,
      "samples": 320
    },
    "contradiction_handling": {
      "pressure_gain": 1.95,
      "difficulty_bias": 0.35,
      "escalation_bias": 0.3,
      "patience_bias": -0.3,
      "hardness_bias": 0.35,
      "samples": 320
    },
    "implied_intent_inference": {
      "pressure_gain": 1.95,
      "difficulty_bias": 0.35,
      "escalation_bias": 0.3,
      "patience_bias": -0.3,
      "hardness_bias": 0.35,
      "samples": 320
    },
    "misunderstanding_repair": {
      "pressure_gain": 1.0,
      "difficulty_bias": 0.0,
      "escalation_bias": 0.0,
      "patience_bias": 0.0,
      "hardness_bias": 0.0,
      "samples": 320
    },
    "uncertainty_signaling": {
      "pressure_gain": 1.4250268057304412,
      "difficulty_bias": 0.17963656735645628,
      "escalation_bias": 0.15675456338273752,
      "patience_bias": -0.14702329361252517,
      "hardness_bias": 0.194233472011775,
      "samples": 320
    },
    "boundary_calibration": {
      "pressure_gain": 1.95,
      "difficulty_bias": 0.35,
      "escalation_bias": 0.3,
      "patience_bias": -0.3,
      "hardness_bias": 0.35,
      "samples": 320
    },
    "framing_selection": {
      "pressure_gain": 1.95,
      "difficulty_bias": 0.35,
      "escalation_bias": 0.3,
      "patience_bias": -0.3,
      "hardness_bias": 0.35,
      "samples": 320
    },
    "emotional_calibration": {
      "pressure_gain": 1.0002170544123066,
      "difficulty_bias": 8.560696945941867e-05,
      "escalation_bias": 7.405772959104945e-05,
      "patience_bias": -5.57215402351438e-05,
      "hardness_bias": 9.715620932778829e-05,
      "samples": 320
    },
    "semantic_precision": {
      "pressure_gain": 1.003247441415974,
      "difficulty_bias": 0.001309398835970613,
      "escalation_bias": 0.0011359703544611623,
      "patience_bias": -0.0008845128568467261,
      "hardness_bias": 0.001482827317480062,
      "samples": 320
    },
    "adaptive_strategy_selection": {
      "pressure_gain": 1.3150979208618963,
      "difficulty_bias": 0.130660491703666,
      "escalation_bias": 0.11375257318305558,
      "patience_bias": -0.10760004215335899,
      "hardness_bias": 0.13988928824821115,
      "samples": 320
    },
    "compression_elaboration_fit": {
      "pressure_gain": 1.0028625698004083,
      "difficulty_bias": 0.0012549098029794204,
      "escalation_bias": 0.0010997975940060592,
      "patience_bias": -0.0009586975162252323,
      "hardness_bias": 0.0014100220119527807,
      "samples": 320
    },
    "perspective_integration": {
      "pressure_gain": 1.95,
      "difficulty_bias": 0.35,
      "escalation_bias": 0.3,
      "patience_bias": -0.3,
      "hardness_bias": 0.35,
      "samples": 320
    },
    "multi_turn_stability": {
      "pressure_gain": 1.008640475559242,
      "difficulty_bias": 0.0038458533171917986,
      "escalation_bias": 0.0033763687741766284,
      "patience_bias": -0.002996861204231846,
      "hardness_bias": 0.0043153378602069775,
      "samples": 320
    }
  },
  "last_episode_id": "episode_a4a8166ab1f9",
  "last_update_ts": 1784151303.2795365
}