{
  "version": 1,
  "samples": 118,
  "global": {
    "pressure_gain_bias": 0.386,
    "difficulty_bias": 0.3188931375423164,
    "escalation_bias": 0.2714029654358089,
    "patience_bias": -0.2600088939504402,
    "hardness_bias": 0.3238451585197346,
    "samples": 118
  },
  "axis": {
    "X": {
      "pressure_gain": 1.4764704262528203,
      "difficulty_bias": 0.18249968501016392,
      "escalation_bias": 0.15726736378790496,
      "patience_bias": -0.1457224399882092,
      "hardness_bias": 0.19120843377747754,
      "samples": 118
    },
    "T": {
      "pressure_gain": 1.6749422638110585,
      "difficulty_bias": 0.2530821057999997,
      "escalation_bias": 0.21745389336855825,
      "patience_bias": -0.21144089979542297,
      "hardness_bias": 0.2576347102604392,
      "samples": 118
    },
    "N": {
      "pressure_gain": 1.6409506001890346,
      "difficulty_bias": 0.24097058240569713,
      "escalation_bias": 0.20712848830195668,
      "patience_bias": -0.2000246316551504,
      "hardness_bias": 0.24653722610651685,
      "samples": 118
    },
    "B": {
      "pressure_gain": 1.8897380853009744,
      "difficulty_bias": 0.33551908945235737,
      "escalation_bias": 0.2879097955871365,
      "patience_bias": -0.2844155103259903,
      "hardness_bias": 0.33756734124868426,
      "samples": 118
    },
    "A": {
      "pressure_gain": 1.5558414761428991,
      "difficulty_bias": 0.2128774297588657,
      "escalation_bias": 0.1825475716691723,
      "patience_bias": -0.17332209436672508,
      "hardness_bias": 0.2150288600922564,
      "samples": 118
    }
  },
  "dimensions": {
    "coherence_maintenance": {
      "pressure_gain": 1.8196579647934916,
      "difficulty_bias": 0.30149904482329065,
      "escalation_bias": 0.25836982316972884,
      "patience_bias": -0.25132942396803476,
      "hardness_bias": 0.30349695102187496,
      "samples": 118
    },
    "context_carryover": {
      "pressure_gain": 1.8818014119318176,
      "difficulty_bias": 0.32137435592532465,
      "escalation_bias": 0.2750415297077921,
      "patience_bias": -0.27210638717532465,
      "hardness_bias": 0.3213642133928572,
      "samples": 118
    },
    "ambiguity_handling": {
      "pressure_gain": 1.7518507343174348,
      "difficulty_bias": 0.2894245061485744,
      "escalation_bias": 0.2475960310183361,
      "patience_bias": -0.24534571162296168,
      "hardness_bias": 0.28829956622754316,
      "samples": 118
    },
    "contradiction_handling": {
      "pressure_gain": 1.9262499999999998,
      "difficulty_bias": 0.34125,
      "escalation_bias": 0.2925,
      "patience_bias": -0.2925,
      "hardness_bias": 0.34125,
      "samples": 118
    },
    "implied_intent_inference": {
      "pressure_gain": 1.6494720336915447,
      "difficulty_bias": 0.25993715843439497,
      "escalation_bias": 0.22294734783077919,
      "patience_bias": -0.19808729916035947,
      "hardness_bias": 0.26601990851395435,
      "samples": 118
    },
    "misunderstanding_repair": {
      "pressure_gain": 1.0,
      "difficulty_bias": 0.0,
      "escalation_bias": 0.0,
      "patience_bias": 0.0,
      "hardness_bias": 0.0,
      "samples": 118
    },
    "uncertainty_signaling": {
      "pressure_gain": 1.95,
      "difficulty_bias": 0.35,
      "escalation_bias": 0.3,
      "patience_bias": -0.3,
      "hardness_bias": 0.35,
      "samples": 118
    },
    "boundary_calibration": {
      "pressure_gain": 1.8331068922129719,
      "difficulty_bias": 0.31815712154631415,
      "escalation_bias": 0.274059990302486,
      "patience_bias": -0.26036764707576837,
      "hardness_bias": 0.32974189457943176,
      "samples": 118
    },
    "framing_selection": {
      "pressure_gain": 1.95,
      "difficulty_bias": 0.35,
      "escalation_bias": 0.3,
      "patience_bias": -0.3,
      "hardness_bias": 0.35,
      "samples": 118
    },
    "emotional_calibration": {
      "pressure_gain": 1.012121234488088,
      "difficulty_bias": 0.005301076113144278,
      "escalation_bias": 0.004644552888937056,
      "patience_bias": -0.00403691998421634,
      "hardness_bias": 0.005957599337351501,
      "samples": 118
    },
    "semantic_precision": {
      "pressure_gain": 1.4411314186063033,
      "difficulty_bias": 0.17862665587850005,
      "escalation_bias": 0.15505133380980882,
      "patience_bias": -0.12150009107008657,
      "hardness_bias": 0.20220197794719164,
      "samples": 118
    },
    "adaptive_strategy_selection": {
      "pressure_gain": 1.9262499999999998,
      "difficulty_bias": 0.34125,
      "escalation_bias": 0.2925,
      "patience_bias": -0.2925,
      "hardness_bias": 0.34125,
      "samples": 118
    },
    "compression_elaboration_fit": {
      "pressure_gain": 1.2118824693243884,
      "difficulty_bias": 0.08917723289493959,
      "escalation_bias": 0.07777851797174576,
      "patience_bias": -0.064367316557941,
      "hardness_bias": 0.10057594781813343,
      "samples": 118
    },
    "perspective_integration": {
      "pressure_gain": 1.95,
      "difficulty_bias": 0.35,
      "escalation_bias": 0.3,
      "patience_bias": -0.3,
      "hardness_bias": 0.35,
      "samples": 118
    },
    "multi_turn_stability": {
      "pressure_gain": 1.2201755600318807,
      "difficulty_bias": 0.09438729328569591,
      "escalation_bias": 0.0825042174334856,
      "patience_bias": -0.06994382804928849,
      "hardness_bias": 0.10627036913790631,
      "samples": 118
    }
  },
  "last_episode_id": "episode_67befffc4e7b",
  "last_update_ts": 1780505353.6426353
}