{
  "version": 1,
  "samples": 266,
  "global": {
    "pressure_gain_bias": 0.4,
    "difficulty_bias": 0.35,
    "escalation_bias": 0.3,
    "patience_bias": -0.3,
    "hardness_bias": 0.35,
    "samples": 266
  },
  "axis": {
    "X": {
      "pressure_gain": 1.3060356769328696,
      "difficulty_bias": 0.11423179977972453,
      "escalation_bias": 0.09804058337416431,
      "patience_bias": -0.09717630756543898,
      "hardness_bias": 0.11503048512818069,
      "samples": 266
    },
    "T": {
      "pressure_gain": 1.5198874258072197,
      "difficulty_bias": 0.19266854207925196,
      "escalation_bias": 0.16528085906135048,
      "patience_bias": -0.1646337289739977,
      "hardness_bias": 0.19346910285034188,
      "samples": 266
    },
    "N": {
      "pressure_gain": 1.5098919417215737,
      "difficulty_bias": 0.188227135909903,
      "escalation_bias": 0.161380322159667,
      "patience_bias": -0.16112916732553523,
      "hardness_bias": 0.1884989914348065,
      "samples": 266
    },
    "B": {
      "pressure_gain": 1.7087333910201072,
      "difficulty_bias": 0.261112357062877,
      "escalation_bias": 0.22381059639057846,
      "patience_bias": -0.22381057530826523,
      "hardness_bias": 0.2611123704194104,
      "samples": 266
    },
    "A": {
      "pressure_gain": 1.4842754520770662,
      "difficulty_bias": 0.1793397207462728,
      "escalation_bias": 0.1537932960480305,
      "patience_bias": -0.1534939393450474,
      "hardness_bias": 0.1796974902894661,
      "samples": 266
    }
  },
  "dimensions": {
    "coherence_maintenance": {
      "pressure_gain": 1.95,
      "difficulty_bias": 0.35,
      "escalation_bias": 0.3,
      "patience_bias": -0.3,
      "hardness_bias": 0.35,
      "samples": 266
    },
    "context_carryover": {
      "pressure_gain": 1.4444900833653709,
      "difficulty_bias": 0.16375950439776896,
      "escalation_bias": 0.14036528948380195,
      "patience_bias": -0.14036528948380195,
      "hardness_bias": 0.16375950439776896,
      "samples": 266
    },
    "ambiguity_handling": {
      "pressure_gain": 1.1741938656948563,
      "difficulty_bias": 0.06417668736126414,
      "escalation_bias": 0.05500858916679784,
      "patience_bias": -0.05500858916679784,
      "hardness_bias": 0.06417668736126414,
      "samples": 266
    },
    "contradiction_handling": {
      "pressure_gain": 1.95,
      "difficulty_bias": 0.35,
      "escalation_bias": 0.3,
      "patience_bias": -0.3,
      "hardness_bias": 0.35,
      "samples": 266
    },
    "implied_intent_inference": {
      "pressure_gain": 1.95,
      "difficulty_bias": 0.35,
      "escalation_bias": 0.3,
      "patience_bias": -0.3,
      "hardness_bias": 0.35,
      "samples": 266
    },
    "misunderstanding_repair": {
      "pressure_gain": 1.0,
      "difficulty_bias": 0.0,
      "escalation_bias": 0.0,
      "patience_bias": 0.0,
      "hardness_bias": 0.0,
      "samples": 266
    },
    "uncertainty_signaling": {
      "pressure_gain": 1.4444900833653709,
      "difficulty_bias": 0.16375950439776896,
      "escalation_bias": 0.14036528948380195,
      "patience_bias": -0.14036528948380195,
      "hardness_bias": 0.16375950439776896,
      "samples": 266
    },
    "boundary_calibration": {
      "pressure_gain": 1.95,
      "difficulty_bias": 0.35,
      "escalation_bias": 0.3,
      "patience_bias": -0.3,
      "hardness_bias": 0.35,
      "samples": 266
    },
    "framing_selection": {
      "pressure_gain": 1.9030937499999996,
      "difficulty_bias": 0.33271875,
      "escalation_bias": 0.2851875,
      "patience_bias": -0.2851875,
      "hardness_bias": 0.33271875,
      "samples": 266
    },
    "emotional_calibration": {
      "pressure_gain": 1.0008517641772263,
      "difficulty_bias": 0.00033593857471528907,
      "escalation_bias": 0.00029061708740035525,
      "patience_bias": -0.00021866227628123717,
      "hardness_bias": 0.00038126006203022386,
      "samples": 266
    },
    "semantic_precision": {
      "pressure_gain": 1.0127435984201223,
      "difficulty_bias": 0.005138338402439843,
      "escalation_bias": 0.004457770952602247,
      "patience_bias": -0.0034710023065037403,
      "hardness_bias": 0.005818905852277436,
      "samples": 266
    },
    "adaptive_strategy_selection": {
      "pressure_gain": 1.4225433854992053,
      "difficulty_bias": 0.1556738788681291,
      "escalation_bias": 0.1334347533155392,
      "patience_bias": -0.1334347533155392,
      "hardness_bias": 0.1556738788681291,
      "samples": 266
    },
    "compression_elaboration_fit": {
      "pressure_gain": 1.0112332865518467,
      "difficulty_bias": 0.00492451272684047,
      "escalation_bias": 0.004315821930606261,
      "patience_bias": -0.00376211749133888,
      "hardness_bias": 0.005533203523074672,
      "samples": 266
    },
    "perspective_integration": {
      "pressure_gain": 1.95,
      "difficulty_bias": 0.35,
      "escalation_bias": 0.3,
      "patience_bias": -0.3,
      "hardness_bias": 0.35,
      "samples": 266
    },
    "multi_turn_stability": {
      "pressure_gain": 1.0339069244310863,
      "difficulty_bias": 0.015091884341892604,
      "escalation_bias": 0.013249534715135406,
      "patience_bias": -0.011760272416213005,
      "hardness_bias": 0.016934233968649844,
      "samples": 266
    }
  },
  "last_episode_id": "episode_9c06ef67cebe",
  "last_update_ts": 1783821131.3866172
}