{
  "version": 1,
  "samples": 161,
  "global": {
    "pressure_gain_bias": 0.4,
    "difficulty_bias": 0.35,
    "escalation_bias": 0.3,
    "patience_bias": -0.3,
    "hardness_bias": 0.35,
    "samples": 161
  },
  "axis": {
    "X": {
      "pressure_gain": 1.394647333190523,
      "difficulty_bias": 0.1484049338507163,
      "escalation_bias": 0.12756147374040055,
      "patience_bias": -0.12107600147289153,
      "hardness_bias": 0.15289802187570933,
      "samples": 161
    },
    "T": {
      "pressure_gain": 1.6980988750544521,
      "difficulty_bias": 0.26316718627935226,
      "escalation_bias": 0.22628745797712047,
      "patience_bias": -0.22162293997295818,
      "hardness_bias": 0.26794396799911,
      "samples": 161
    },
    "N": {
      "pressure_gain": 1.6157822377488178,
      "difficulty_bias": 0.23827277589786497,
      "escalation_bias": 0.2049139378133346,
      "patience_bias": -0.1973567446302364,
      "hardness_bias": 0.2417136879339345,
      "samples": 161
    },
    "B": {
      "pressure_gain": 1.9380596434707495,
      "difficulty_bias": 0.34611965810234396,
      "escalation_bias": 0.29671180901223704,
      "patience_bias": -0.2965277487897151,
      "hardness_bias": 0.34631916088127845,
      "samples": 161
    },
    "A": {
      "pressure_gain": 1.531545806186333,
      "difficulty_bias": 0.20712930492137288,
      "escalation_bias": 0.17843213173443095,
      "patience_bias": -0.16987100770607522,
      "hardness_bias": 0.2130642841980087,
      "samples": 161
    }
  },
  "dimensions": {
    "coherence_maintenance": {
      "pressure_gain": 1.95,
      "difficulty_bias": 0.35,
      "escalation_bias": 0.3,
      "patience_bias": -0.3,
      "hardness_bias": 0.35,
      "samples": 161
    },
    "context_carryover": {
      "pressure_gain": 1.8554693350366203,
      "difficulty_bias": 0.3185622912963867,
      "escalation_bias": 0.2734622699326172,
      "patience_bias": -0.2720311990576172,
      "hardness_bias": 0.3207088976088867,
      "samples": 161
    },
    "ambiguity_handling": {
      "pressure_gain": 1.95,
      "difficulty_bias": 0.35,
      "escalation_bias": 0.3,
      "patience_bias": -0.3,
      "hardness_bias": 0.35,
      "samples": 161
    },
    "contradiction_handling": {
      "pressure_gain": 1.95,
      "difficulty_bias": 0.35,
      "escalation_bias": 0.3,
      "patience_bias": -0.3,
      "hardness_bias": 0.35,
      "samples": 161
    },
    "implied_intent_inference": {
      "pressure_gain": 1.7639112795859637,
      "difficulty_bias": 0.3271452123795087,
      "escalation_bias": 0.28467685545927285,
      "patience_bias": -0.2551550712287244,
      "hardness_bias": 0.35,
      "samples": 161
    },
    "misunderstanding_repair": {
      "pressure_gain": 1.0,
      "difficulty_bias": 0.0,
      "escalation_bias": 0.0,
      "patience_bias": 0.0,
      "hardness_bias": 0.0,
      "samples": 161
    },
    "uncertainty_signaling": {
      "pressure_gain": 1.95,
      "difficulty_bias": 0.35,
      "escalation_bias": 0.3,
      "patience_bias": -0.3,
      "hardness_bias": 0.35,
      "samples": 161
    },
    "boundary_calibration": {
      "pressure_gain": 1.7742090051467931,
      "difficulty_bias": 0.3168345303588867,
      "escalation_bias": 0.27194184030761714,
      "patience_bias": -0.25737987345817054,
      "hardness_bias": 0.31877380535888666,
      "samples": 161
    },
    "framing_selection": {
      "pressure_gain": 1.95,
      "difficulty_bias": 0.35,
      "escalation_bias": 0.3,
      "patience_bias": -0.3,
      "hardness_bias": 0.35,
      "samples": 161
    },
    "emotional_calibration": {
      "pressure_gain": 1.0121572325050965,
      "difficulty_bias": 0.004794852224866979,
      "escalation_bias": 0.004147978508532187,
      "patience_bias": -0.003120967286386029,
      "hardness_bias": 0.0054417259412017785,
      "samples": 161
    },
    "semantic_precision": {
      "pressure_gain": 1.1818894162104987,
      "difficulty_bias": 0.07333951851745112,
      "escalation_bias": 0.06362577738548549,
      "patience_bias": -0.04954162571524542,
      "hardness_bias": 0.08305325964941689,
      "samples": 161
    },
    "adaptive_strategy_selection": {
      "pressure_gain": 1.95,
      "difficulty_bias": 0.35,
      "escalation_bias": 0.3,
      "patience_bias": -0.3,
      "hardness_bias": 0.35,
      "samples": 161
    },
    "compression_elaboration_fit": {
      "pressure_gain": 1.0790060604801905,
      "difficulty_bias": 0.033448842949144124,
      "escalation_bias": 0.029194154862265637,
      "patience_bias": -0.02435080502950323,
      "hardness_bias": 0.037703531036022656,
      "samples": 161
    },
    "perspective_integration": {
      "pressure_gain": 1.95,
      "difficulty_bias": 0.35,
      "escalation_bias": 0.3,
      "patience_bias": -0.3,
      "hardness_bias": 0.35,
      "samples": 161
    },
    "multi_turn_stability": {
      "pressure_gain": 1.2228147095001836,
      "difficulty_bias": 0.09735139743275255,
      "escalation_bias": 0.08528515706757192,
      "patience_bias": -0.07404039121369865,
      "hardness_bias": 0.10941763779793329,
      "samples": 161
    }
  },
  "last_episode_id": "episode_00bdb1010ddb",
  "last_update_ts": 1783118774.9469345
}