{
  "version": 1,
  "samples": 330,
  "global": {
    "pressure_gain_bias": 0.4,
    "difficulty_bias": 0.35,
    "escalation_bias": 0.3,
    "patience_bias": -0.3,
    "hardness_bias": 0.35,
    "samples": 330
  },
  "axis": {
    "X": {
      "pressure_gain": 1.3096449757193527,
      "difficulty_bias": 0.11491635738129027,
      "escalation_bias": 0.09856608175733865,
      "patience_bias": -0.09822447893422709,
      "hardness_bias": 0.11527456857432437,
      "samples": 330
    },
    "T": {
      "pressure_gain": 1.543520015904674,
      "difficulty_bias": 0.205978986703952,
      "escalation_bias": 0.177244453189863,
      "patience_bias": -0.17479224456996897,
      "hardness_bias": 0.20962265264783078,
      "samples": 330
    },
    "N": {
      "pressure_gain": 1.4645646183090795,
      "difficulty_bias": 0.17931678931721493,
      "escalation_bias": 0.1546846529027963,
      "patience_bias": -0.1512197095645612,
      "hardness_bias": 0.18449517413662156,
      "samples": 330
    },
    "B": {
      "pressure_gain": 1.6482663476266737,
      "difficulty_bias": 0.23883497024322226,
      "escalation_bias": 0.2047156887853547,
      "patience_bias": -0.20471568876049834,
      "hardness_bias": 0.23883497025896985,
      "samples": 330
    },
    "A": {
      "pressure_gain": 1.4243585441055557,
      "difficulty_bias": 0.16149794443110643,
      "escalation_bias": 0.1390486769824581,
      "patience_bias": -0.13687209133870923,
      "hardness_bias": 0.16476240406269094,
      "samples": 330
    }
  },
  "dimensions": {
    "coherence_maintenance": {
      "pressure_gain": 1.95,
      "difficulty_bias": 0.35,
      "escalation_bias": 0.3,
      "patience_bias": -0.3,
      "hardness_bias": 0.35,
      "samples": 330
    },
    "context_carryover": {
      "pressure_gain": 1.650500506441255,
      "difficulty_bias": 0.261952434183848,
      "escalation_bias": 0.22722013536015098,
      "patience_bias": -0.2178069641511664,
      "hardness_bias": 0.27607219099732516,
      "samples": 330
    },
    "ambiguity_handling": {
      "pressure_gain": 1.0344610306296775,
      "difficulty_bias": 0.012696169179356565,
      "escalation_bias": 0.01088243072516277,
      "patience_bias": -0.01088243072516277,
      "hardness_bias": 0.012696169179356565,
      "samples": 330
    },
    "contradiction_handling": {
      "pressure_gain": 1.95,
      "difficulty_bias": 0.35,
      "escalation_bias": 0.3,
      "patience_bias": -0.3,
      "hardness_bias": 0.35,
      "samples": 330
    },
    "implied_intent_inference": {
      "pressure_gain": 1.95,
      "difficulty_bias": 0.35,
      "escalation_bias": 0.3,
      "patience_bias": -0.3,
      "hardness_bias": 0.35,
      "samples": 330
    },
    "misunderstanding_repair": {
      "pressure_gain": 1.0,
      "difficulty_bias": 0.0,
      "escalation_bias": 0.0,
      "patience_bias": 0.0,
      "hardness_bias": 0.0,
      "samples": 330
    },
    "uncertainty_signaling": {
      "pressure_gain": 1.4141066849615425,
      "difficulty_bias": 0.17715860739760583,
      "escalation_bias": 0.15481700790159036,
      "patience_bias": -0.14443330243884178,
      "hardness_bias": 0.19273416559172896,
      "samples": 330
    },
    "boundary_calibration": {
      "pressure_gain": 1.95,
      "difficulty_bias": 0.35,
      "escalation_bias": 0.3,
      "patience_bias": -0.3,
      "hardness_bias": 0.35,
      "samples": 330
    },
    "framing_selection": {
      "pressure_gain": 1.95,
      "difficulty_bias": 0.35,
      "escalation_bias": 0.3,
      "patience_bias": -0.3,
      "hardness_bias": 0.35,
      "samples": 330
    },
    "emotional_calibration": {
      "pressure_gain": 1.0001685057696108,
      "difficulty_bias": 6.645922614309914e-05,
      "escalation_bias": 5.7493209134907986e-05,
      "patience_bias": -4.3258282204285905e-05,
      "hardness_bias": 7.542524315129057e-05,
      "samples": 330
    },
    "semantic_precision": {
      "pressure_gain": 1.0025210849632162,
      "difficulty_bias": 0.001016525101878927,
      "escalation_bias": 0.0008818874345829873,
      "patience_bias": -0.0006866735307984634,
      "hardness_bias": 0.0011511627691748647,
      "samples": 330
    },
    "adaptive_strategy_selection": {
      "pressure_gain": 1.3029825455320887,
      "difficulty_bias": 0.1274574262762847,
      "escalation_bias": 0.11115914811316309,
      "patience_bias": -0.10447440854594629,
      "hardness_bias": 0.1374845356271101,
      "samples": 330
    },
    "compression_elaboration_fit": {
      "pressure_gain": 1.0022222977278257,
      "difficulty_bias": 0.0009742236515560403,
      "escalation_bias": 0.000853805449173546,
      "patience_bias": -0.0007442652792871431,
      "hardness_bias": 0.0010946418539385337,
      "samples": 330
    },
    "perspective_integration": {
      "pressure_gain": 1.95,
      "difficulty_bias": 0.35,
      "escalation_bias": 0.3,
      "patience_bias": -0.3,
      "hardness_bias": 0.35,
      "samples": 330
    },
    "multi_turn_stability": {
      "pressure_gain": 1.006707857114925,
      "difficulty_bias": 0.002985649847604982,
      "escalation_bias": 0.0026211750903280566,
      "patience_bias": -0.002326552122440675,
      "hardness_bias": 0.003350124604881913,
      "samples": 330
    }
  },
  "last_episode_id": "episode_6049ce5e0d0d",
  "last_update_ts": 1784218677.2968886
}