{
  "version": 1,
  "samples": 324,
  "global": {
    "pressure_gain_bias": 0.4,
    "difficulty_bias": 0.35,
    "escalation_bias": 0.3,
    "patience_bias": -0.3,
    "hardness_bias": 0.35,
    "samples": 324
  },
  "axis": {
    "X": {
      "pressure_gain": 1.3026177325251964,
      "difficulty_bias": 0.11303637458785029,
      "escalation_bias": 0.09700971002084123,
      "patience_bias": -0.09643205648595851,
      "hardness_bias": 0.1136657556102122,
      "samples": 324
    },
    "T": {
      "pressure_gain": 1.555456819699668,
      "difficulty_bias": 0.20958328689776573,
      "escalation_bias": 0.1802374476657339,
      "patience_bias": -0.1781171376971772,
      "hardness_bias": 0.21272264512718148,
      "samples": 324
    },
    "N": {
      "pressure_gain": 1.4742348850662714,
      "difficulty_bias": 0.18307907581971716,
      "escalation_bias": 0.15793354119654981,
      "patience_bias": -0.1543812225883629,
      "hardness_bias": 0.18838539421701705,
      "samples": 324
    },
    "B": {
      "pressure_gain": 1.6507160644337289,
      "difficulty_bias": 0.23973749754521234,
      "escalation_bias": 0.20548928362043692,
      "patience_bias": -0.20548928357366522,
      "hardness_bias": 0.2397374975748442,
      "samples": 324
    },
    "A": {
      "pressure_gain": 1.432483019450306,
      "difficulty_bias": 0.164585608439705,
      "escalation_bias": 0.14170659920668907,
      "patience_bias": -0.13949023416229758,
      "hardness_bias": 0.16790936789615618,
      "samples": 324
    }
  },
  "dimensions": {
    "coherence_maintenance": {
      "pressure_gain": 1.95,
      "difficulty_bias": 0.35,
      "escalation_bias": 0.3,
      "patience_bias": -0.3,
      "hardness_bias": 0.35,
      "samples": 324
    },
    "context_carryover": {
      "pressure_gain": 1.6575484569390653,
      "difficulty_bias": 0.2606042196585392,
      "escalation_bias": 0.22558863891327974,
      "patience_bias": -0.21784106169241818,
      "hardness_bias": 0.2722255854898318,
      "samples": 324
    },
    "ambiguity_handling": {
      "pressure_gain": 1.040114424648826,
      "difficulty_bias": 0.014778998554832392,
      "escalation_bias": 0.012667713046999193,
      "patience_bias": -0.012667713046999193,
      "hardness_bias": 0.014778998554832392,
      "samples": 324
    },
    "contradiction_handling": {
      "pressure_gain": 1.95,
      "difficulty_bias": 0.35,
      "escalation_bias": 0.3,
      "patience_bias": -0.3,
      "hardness_bias": 0.35,
      "samples": 324
    },
    "implied_intent_inference": {
      "pressure_gain": 1.95,
      "difficulty_bias": 0.35,
      "escalation_bias": 0.3,
      "patience_bias": -0.3,
      "hardness_bias": 0.35,
      "samples": 324
    },
    "misunderstanding_repair": {
      "pressure_gain": 1.0,
      "difficulty_bias": 0.0,
      "escalation_bias": 0.0,
      "patience_bias": 0.0,
      "hardness_bias": 0.0,
      "samples": 324
    },
    "uncertainty_signaling": {
      "pressure_gain": 1.4286046201425628,
      "difficulty_bias": 0.18225444592215045,
      "escalation_bias": 0.15915525289532198,
      "patience_bias": -0.14887520552814656,
      "hardness_bias": 0.19767451697291374,
      "samples": 324
    },
    "boundary_calibration": {
      "pressure_gain": 1.95,
      "difficulty_bias": 0.35,
      "escalation_bias": 0.3,
      "patience_bias": -0.3,
      "hardness_bias": 0.35,
      "samples": 324
    },
    "framing_selection": {
      "pressure_gain": 1.95,
      "difficulty_bias": 0.35,
      "escalation_bias": 0.3,
      "patience_bias": -0.3,
      "hardness_bias": 0.35,
      "samples": 324
    },
    "emotional_calibration": {
      "pressure_gain": 1.0001961494440081,
      "difficulty_bias": 7.736198165358084e-05,
      "escalation_bias": 6.692507343861211e-05,
      "patience_bias": -5.035488115747316e-05,
      "hardness_bias": 8.779888986854994e-05,
      "samples": 324
    },
    "semantic_precision": {
      "pressure_gain": 1.0029346734831297,
      "difficulty_bias": 0.0011832878720651138,
      "escalation_bias": 0.0010265626534355413,
      "patience_bias": -0.0007993235578345105,
      "hardness_bias": 0.0013400130906946841,
      "samples": 324
    },
    "adaptive_strategy_selection": {
      "pressure_gain": 1.3156709284001062,
      "difficulty_bias": 0.13184002277140255,
      "escalation_bias": 0.11488042544758865,
      "patience_bias": -0.10831900469523595,
      "hardness_bias": 0.14168215389993183,
      "samples": 324
    },
    "compression_elaboration_fit": {
      "pressure_gain": 1.0025868696646978,
      "difficulty_bias": 0.0011340467927791068,
      "escalation_bias": 0.0009938737678417855,
      "patience_bias": -0.0008663633361850068,
      "hardness_bias": 0.001274219817716427,
      "samples": 324
    },
    "perspective_integration": {
      "pressure_gain": 1.95,
      "difficulty_bias": 0.35,
      "escalation_bias": 0.3,
      "patience_bias": -0.3,
      "hardness_bias": 0.35,
      "samples": 324
    },
    "multi_turn_stability": {
      "pressure_gain": 1.007808293132128,
      "difficulty_bias": 0.0034754510718662153,
      "escalation_bias": 0.0030511835755077936,
      "patience_bias": -0.0027082271801481734,
      "hardness_bias": 0.0038997185682246444,
      "samples": 324
    }
  },
  "last_episode_id": "episode_ccbd8b7804c4",
  "last_update_ts": 1784174639.308286
}