{
  "version": 1,
  "samples": 400,
  "global": {
    "pressure_gain_bias": 0.4,
    "difficulty_bias": 0.35,
    "escalation_bias": 0.3,
    "patience_bias": -0.3,
    "hardness_bias": 0.35,
    "samples": 400
  },
  "axis": {
    "X": {
      "pressure_gain": 1.3168596125432581,
      "difficulty_bias": 0.11674503264618485,
      "escalation_bias": 0.10006802747400051,
      "patience_bias": -0.1000524453742599,
      "hardness_bias": 0.11675579384312693,
      "samples": 400
    },
    "T": {
      "pressure_gain": 1.6917191940434653,
      "difficulty_bias": 0.26788854963126024,
      "escalation_bias": 0.23099351746391733,
      "patience_bias": -0.22603141321180586,
      "hardness_bias": 0.2749797820026915,
      "samples": 400
    },
    "N": {
      "pressure_gain": 1.5039010104439265,
      "difficulty_bias": 0.19705241531319176,
      "escalation_bias": 0.16990296324848037,
      "patience_bias": -0.1661291798619447,
      "hardness_bias": 0.20173688851588545,
      "samples": 400
    },
    "B": {
      "pressure_gain": 1.7817600229802097,
      "difficulty_bias": 0.30131766310865987,
      "escalation_bias": 0.259862162799658,
      "patience_bias": -0.2542609265026123,
      "hardness_bias": 0.308201644057698,
      "samples": 400
    },
    "A": {
      "pressure_gain": 1.4205657475323545,
      "difficulty_bias": 0.16349651651258865,
      "escalation_bias": 0.14116042288885233,
      "patience_bias": -0.13758849228462053,
      "hardness_bias": 0.16885441215650387,
      "samples": 400
    }
  },
  "dimensions": {
    "coherence_maintenance": {
      "pressure_gain": 1.95,
      "difficulty_bias": 0.35,
      "escalation_bias": 0.3,
      "patience_bias": -0.3,
      "hardness_bias": 0.35,
      "samples": 400
    },
    "context_carryover": {
      "pressure_gain": 1.95,
      "difficulty_bias": 0.35,
      "escalation_bias": 0.3,
      "patience_bias": -0.3,
      "hardness_bias": 0.35,
      "samples": 400
    },
    "ambiguity_handling": {
      "pressure_gain": 1.7502376006319753,
      "difficulty_bias": 0.3401801686538862,
      "escalation_bias": 0.29927671598904515,
      "patience_bias": -0.27234871598904514,
      "hardness_bias": 0.35,
      "samples": 400
    },
    "contradiction_handling": {
      "pressure_gain": 1.95,
      "difficulty_bias": 0.35,
      "escalation_bias": 0.3,
      "patience_bias": -0.3,
      "hardness_bias": 0.35,
      "samples": 400
    },
    "implied_intent_inference": {
      "pressure_gain": 1.9262499999999998,
      "difficulty_bias": 0.34125,
      "escalation_bias": 0.2925,
      "patience_bias": -0.2925,
      "hardness_bias": 0.34125,
      "samples": 400
    },
    "misunderstanding_repair": {
      "pressure_gain": 1.0,
      "difficulty_bias": 0.0,
      "escalation_bias": 0.0,
      "patience_bias": 0.0,
      "hardness_bias": 0.0,
      "samples": 400
    },
    "uncertainty_signaling": {
      "pressure_gain": 1.95,
      "difficulty_bias": 0.35,
      "escalation_bias": 0.3,
      "patience_bias": -0.3,
      "hardness_bias": 0.35,
      "samples": 400
    },
    "boundary_calibration": {
      "pressure_gain": 1.743821499051347,
      "difficulty_bias": 0.28489864067854165,
      "escalation_bias": 0.245508826483403,
      "patience_bias": -0.24092385582711745,
      "hardness_bias": 0.29177609666297005,
      "samples": 400
    },
    "framing_selection": {
      "pressure_gain": 1.95,
      "difficulty_bias": 0.35,
      "escalation_bias": 0.3,
      "patience_bias": -0.3,
      "hardness_bias": 0.35,
      "samples": 400
    },
    "emotional_calibration": {
      "pressure_gain": 1.0000286376828078,
      "difficulty_bias": 1.1294795676299295e-05,
      "escalation_bias": 9.771014314179735e-06,
      "patience_bias": -7.351777731402859e-06,
      "hardness_bias": 1.2818577038418904e-05,
      "samples": 400
    },
    "semantic_precision": {
      "pressure_gain": 1.0004284602935443,
      "difficulty_bias": 0.00017275920879412758,
      "escalation_bias": 0.0001498774355521876,
      "patience_bias": -0.00011670068516885654,
      "hardness_bias": 0.00019564098203606712,
      "samples": 400
    },
    "adaptive_strategy_selection": {
      "pressure_gain": 1.3803647836980648,
      "difficulty_bias": 0.17027804817769837,
      "escalation_bias": 0.14958899005383522,
      "patience_bias": -0.13686166939850683,
      "hardness_bias": 0.1893690291606911,
      "samples": 400
    },
    "compression_elaboration_fit": {
      "pressure_gain": 1.000377681177231,
      "difficulty_bias": 0.00016557004536361513,
      "escalation_bias": 0.00014510488092295504,
      "patience_bias": -0.00012648844632063164,
      "hardness_bias": 0.00018603520980427492,
      "samples": 400
    },
    "perspective_integration": {
      "pressure_gain": 1.9169814062499995,
      "difficulty_bias": 0.34097578125,
      "escalation_bias": 0.2925,
      "patience_bias": -0.2913178125,
      "hardness_bias": 0.34125,
      "samples": 400
    },
    "multi_turn_stability": {
      "pressure_gain": 1.452373147068517,
      "difficulty_bias": 0.20560628644837506,
      "escalation_bias": 0.18093178465758805,
      "patience_bias": -0.16446755498887994,
      "hardness_bias": 0.23028078823916215,
      "samples": 400
    }
  },
  "last_episode_id": "episode_1f645d6e4f6a",
  "last_update_ts": 1784772157.390094
}