{
  "version": 1,
  "samples": 136,
  "global": {
    "pressure_gain_bias": 0.4,
    "difficulty_bias": 0.35,
    "escalation_bias": 0.3,
    "patience_bias": -0.3,
    "hardness_bias": 0.35,
    "samples": 136
  },
  "axis": {
    "X": {
      "pressure_gain": 1.4529197452924092,
      "difficulty_bias": 0.171971067159434,
      "escalation_bias": 0.1480196750108959,
      "patience_bias": -0.1371805239066507,
      "hardness_bias": 0.17954623902661174,
      "samples": 136
    },
    "T": {
      "pressure_gain": 1.6923842271465301,
      "difficulty_bias": 0.260831719117947,
      "escalation_bias": 0.22419384807865841,
      "patience_bias": -0.21641196931694126,
      "hardness_bias": 0.2660698984851598,
      "samples": 136
    },
    "N": {
      "pressure_gain": 1.6503709349071043,
      "difficulty_bias": 0.24789811144439966,
      "escalation_bias": 0.21348381475182093,
      "patience_bias": -0.20439022699282236,
      "hardness_bias": 0.25491680324343213,
      "samples": 136
    },
    "B": {
      "pressure_gain": 1.9263347776112574,
      "difficulty_bias": 0.343318531236913,
      "escalation_bias": 0.2943180822803297,
      "patience_bias": -0.29349988821219947,
      "hardness_bias": 0.34372790968577854,
      "samples": 136
    },
    "A": {
      "pressure_gain": 1.550447321981836,
      "difficulty_bias": 0.21192430143468297,
      "escalation_bias": 0.18203874413514898,
      "patience_bias": -0.17268927747780585,
      "hardness_bias": 0.2158646659994095,
      "samples": 136
    }
  },
  "dimensions": {
    "coherence_maintenance": {
      "pressure_gain": 1.95,
      "difficulty_bias": 0.35,
      "escalation_bias": 0.3,
      "patience_bias": -0.3,
      "hardness_bias": 0.35,
      "samples": 136
    },
    "context_carryover": {
      "pressure_gain": 1.95,
      "difficulty_bias": 0.35,
      "escalation_bias": 0.3,
      "patience_bias": -0.3,
      "hardness_bias": 0.35,
      "samples": 136
    },
    "ambiguity_handling": {
      "pressure_gain": 1.8585034960937494,
      "difficulty_bias": 0.31629076171875,
      "escalation_bias": 0.2711063671875,
      "patience_bias": -0.2711063671875,
      "hardness_bias": 0.31629076171875,
      "samples": 136
    },
    "contradiction_handling": {
      "pressure_gain": 1.95,
      "difficulty_bias": 0.35,
      "escalation_bias": 0.3,
      "patience_bias": -0.3,
      "hardness_bias": 0.35,
      "samples": 136
    },
    "implied_intent_inference": {
      "pressure_gain": 1.6634902785250107,
      "difficulty_bias": 0.2722201452490401,
      "escalation_bias": 0.23485952557869574,
      "patience_bias": -0.20818415675509125,
      "hardness_bias": 0.2855866983409569,
      "samples": 136
    },
    "misunderstanding_repair": {
      "pressure_gain": 1.0,
      "difficulty_bias": 0.0,
      "escalation_bias": 0.0,
      "patience_bias": 0.0,
      "hardness_bias": 0.0,
      "samples": 136
    },
    "uncertainty_signaling": {
      "pressure_gain": 1.95,
      "difficulty_bias": 0.35,
      "escalation_bias": 0.3,
      "patience_bias": -0.3,
      "hardness_bias": 0.35,
      "samples": 136
    },
    "boundary_calibration": {
      "pressure_gain": 1.84921848648652,
      "difficulty_bias": 0.3354576105748337,
      "escalation_bias": 0.2902599531626583,
      "patience_bias": -0.2707136351773922,
      "hardness_bias": 0.34125,
      "samples": 136
    },
    "framing_selection": {
      "pressure_gain": 1.9030937499999996,
      "difficulty_bias": 0.33271875,
      "escalation_bias": 0.2851875,
      "patience_bias": -0.2851875,
      "hardness_bias": 0.33271875,
      "samples": 136
    },
    "emotional_calibration": {
      "pressure_gain": 1.0228938762057262,
      "difficulty_bias": 0.009029419583348864,
      "escalation_bias": 0.007811260205686483,
      "patience_bias": -0.005877245390073926,
      "hardness_bias": 0.010247578961011253,
      "samples": 136
    },
    "semantic_precision": {
      "pressure_gain": 1.3425248119675992,
      "difficulty_bias": 0.13810921665124332,
      "escalation_bias": 0.1198167979715446,
      "patience_bias": -0.09329424650549821,
      "hardness_bias": 0.15640163533094234,
      "samples": 136
    },
    "adaptive_strategy_selection": {
      "pressure_gain": 1.9262499999999998,
      "difficulty_bias": 0.34125,
      "escalation_bias": 0.2925,
      "patience_bias": -0.2925,
      "hardness_bias": 0.34125,
      "samples": 136
    },
    "compression_elaboration_fit": {
      "pressure_gain": 1.148780157603895,
      "difficulty_bias": 0.06298914406559032,
      "escalation_bias": 0.054976933859515076,
      "patience_bias": -0.045856186070428136,
      "hardness_bias": 0.07100135427166565,
      "samples": 136
    },
    "perspective_integration": {
      "pressure_gain": 1.95,
      "difficulty_bias": 0.35,
      "escalation_bias": 0.3,
      "patience_bias": -0.3,
      "hardness_bias": 0.35,
      "samples": 136
    },
    "multi_turn_stability": {
      "pressure_gain": 1.2364623166976825,
      "difficulty_bias": 0.10096537285128197,
      "escalation_bias": 0.0882122616013563,
      "patience_bias": -0.07439963320330716,
      "hardness_bias": 0.11371848410120773,
      "samples": 136
    }
  },
  "last_episode_id": "episode_63c9b45f1516",
  "last_update_ts": 1781343257.1613908
}