{
  "version": 1,
  "samples": 325,
  "global": {
    "pressure_gain_bias": 0.4,
    "difficulty_bias": 0.35,
    "escalation_bias": 0.3,
    "patience_bias": -0.3,
    "hardness_bias": 0.35,
    "samples": 325
  },
  "axis": {
    "X": {
      "pressure_gain": 1.3041243776844755,
      "difficulty_bias": 0.11344037491597779,
      "escalation_bias": 0.09734427736988052,
      "patience_bias": -0.09681646538662991,
      "hardness_bias": 0.11401225060522595,
      "samples": 325
    },
    "T": {
      "pressure_gain": 1.5532018987736818,
      "difficulty_bias": 0.208874214173394,
      "escalation_bias": 0.1796444971300461,
      "patience_bias": -0.1774732758158179,
      "hardness_bias": 0.21209111966301686,
      "samples": 325
    },
    "N": {
      "pressure_gain": 1.472491786645047,
      "difficulty_bias": 0.18239796091764732,
      "escalation_bias": 0.15734503369344766,
      "patience_bias": -0.1538097013176174,
      "hardness_bias": 0.18767935540767752,
      "samples": 325
    },
    "B": {
      "pressure_gain": 1.6502815101247763,
      "difficulty_bias": 0.23957739857705648,
      "escalation_bias": 0.2053520559324207,
      "patience_bias": -0.20535205589032618,
      "hardness_bias": 0.23957739860372515,
      "samples": 325
    },
    "A": {
      "pressure_gain": 1.4311606893449456,
      "difficulty_bias": 0.16407851500247175,
      "escalation_bias": 0.1412695531130668,
      "patience_bias": -0.139061578398663,
      "hardness_bias": 0.16738976777495504,
      "samples": 325
    }
  },
  "dimensions": {
    "coherence_maintenance": {
      "pressure_gain": 1.95,
      "difficulty_bias": 0.35,
      "escalation_bias": 0.3,
      "patience_bias": -0.3,
      "hardness_bias": 0.35,
      "samples": 325
    },
    "context_carryover": {
      "pressure_gain": 1.6411097455155885,
      "difficulty_bias": 0.2540891141670757,
      "escalation_bias": 0.21994892294044774,
      "patience_bias": -0.2123950351501077,
      "hardness_bias": 0.265419945852586,
      "samples": 325
    },
    "ambiguity_handling": {
      "pressure_gain": 1.0391115640326054,
      "difficulty_bias": 0.014409523590961582,
      "escalation_bias": 0.012351020220824214,
      "patience_bias": -0.012351020220824214,
      "hardness_bias": 0.014409523590961582,
      "samples": 325
    },
    "contradiction_handling": {
      "pressure_gain": 1.95,
      "difficulty_bias": 0.35,
      "escalation_bias": 0.3,
      "patience_bias": -0.3,
      "hardness_bias": 0.35,
      "samples": 325
    },
    "implied_intent_inference": {
      "pressure_gain": 1.95,
      "difficulty_bias": 0.35,
      "escalation_bias": 0.3,
      "patience_bias": -0.3,
      "hardness_bias": 0.35,
      "samples": 325
    },
    "misunderstanding_repair": {
      "pressure_gain": 1.0,
      "difficulty_bias": 0.0,
      "escalation_bias": 0.0,
      "patience_bias": 0.0,
      "hardness_bias": 0.0,
      "samples": 325
    },
    "uncertainty_signaling": {
      "pressure_gain": 1.4178895046389985,
      "difficulty_bias": 0.17769808477409668,
      "escalation_bias": 0.15517637157293893,
      "patience_bias": -0.1451533253899429,
      "hardness_bias": 0.19273265404859088,
      "samples": 325
    },
    "boundary_calibration": {
      "pressure_gain": 1.95,
      "difficulty_bias": 0.35,
      "escalation_bias": 0.3,
      "patience_bias": -0.3,
      "hardness_bias": 0.35,
      "samples": 325
    },
    "framing_selection": {
      "pressure_gain": 1.95,
      "difficulty_bias": 0.35,
      "escalation_bias": 0.3,
      "patience_bias": -0.3,
      "hardness_bias": 0.35,
      "samples": 325
    },
    "emotional_calibration": {
      "pressure_gain": 1.0001912457079079,
      "difficulty_bias": 7.542793211224132e-05,
      "escalation_bias": 6.52519466026468e-05,
      "patience_bias": -4.9096009128536325e-05,
      "hardness_bias": 8.56039176218362e-05,
      "samples": 325
    },
    "semantic_precision": {
      "pressure_gain": 1.0028613066460514,
      "difficulty_bias": 0.0011537056752634858,
      "escalation_bias": 0.0010008985870996528,
      "patience_bias": -0.0007793404688886476,
      "hardness_bias": 0.001306512763427317,
      "samples": 325
    },
    "adaptive_strategy_selection": {
      "pressure_gain": 1.3077791551901035,
      "difficulty_bias": 0.1285440222021175,
      "escalation_bias": 0.11200841481139893,
      "patience_bias": -0.10561102957785505,
      "hardness_bias": 0.13814010005243352,
      "samples": 325
    },
    "compression_elaboration_fit": {
      "pressure_gain": 1.0025221979230803,
      "difficulty_bias": 0.001105695622959629,
      "escalation_bias": 0.0009690269236457408,
      "patience_bias": -0.0008447042527803816,
      "hardness_bias": 0.0012423643222735162,
      "samples": 325
    },
    "perspective_integration": {
      "pressure_gain": 1.95,
      "difficulty_bias": 0.35,
      "escalation_bias": 0.3,
      "patience_bias": -0.3,
      "hardness_bias": 0.35,
      "samples": 325
    },
    "multi_turn_stability": {
      "pressure_gain": 1.0076130858038246,
      "difficulty_bias": 0.00338856479506956,
      "escalation_bias": 0.002974903986120099,
      "patience_bias": -0.002640521500644469,
      "hardness_bias": 0.003802225604019028,
      "samples": 325
    }
  },
  "last_episode_id": "episode_3bd10f1eb094",
  "last_update_ts": 1784182765.7083058
}