{
  "version": 1,
  "samples": 196,
  "global": {
    "pressure_gain_bias": 0.4,
    "difficulty_bias": 0.35,
    "escalation_bias": 0.3,
    "patience_bias": -0.3,
    "hardness_bias": 0.35,
    "samples": 196
  },
  "axis": {
    "X": {
      "pressure_gain": 1.350963632903412,
      "difficulty_bias": 0.1304924459694181,
      "escalation_bias": 0.11199408769217467,
      "patience_bias": -0.109296168302434,
      "hardness_bias": 0.13234337456229847,
      "samples": 196
    },
    "T": {
      "pressure_gain": 1.6665795967069506,
      "difficulty_bias": 0.2547999894726405,
      "escalation_bias": 0.21951015275018868,
      "patience_bias": -0.21465354987963223,
      "hardness_bias": 0.26108438192505395,
      "samples": 196
    },
    "N": {
      "pressure_gain": 1.5397465456808404,
      "difficulty_bias": 0.21071209076609348,
      "escalation_bias": 0.18137925358670065,
      "patience_bias": -0.1755486153489305,
      "hardness_bias": 0.21500901063653896,
      "samples": 196
    },
    "B": {
      "pressure_gain": 1.9463326912836751,
      "difficulty_bias": 0.3487368370594835,
      "escalation_bias": 0.2989246661103945,
      "patience_bias": -0.2988910194006813,
      "hardness_bias": 0.3487581536672078,
      "samples": 196
    },
    "A": {
      "pressure_gain": 1.627641971152491,
      "difficulty_bias": 0.23192644540190932,
      "escalation_bias": 0.19882145943150675,
      "patience_bias": -0.1985322674162279,
      "hardness_bias": 0.23208775041736446,
      "samples": 196
    }
  },
  "dimensions": {
    "coherence_maintenance": {
      "pressure_gain": 1.95,
      "difficulty_bias": 0.35,
      "escalation_bias": 0.3,
      "patience_bias": -0.3,
      "hardness_bias": 0.35,
      "samples": 196
    },
    "context_carryover": {
      "pressure_gain": 1.7815255397385212,
      "difficulty_bias": 0.30336689200860456,
      "escalation_bias": 0.26189093708670125,
      "patience_bias": -0.2553733333090606,
      "hardness_bias": 0.3130580960810032,
      "samples": 196
    },
    "ambiguity_handling": {
      "pressure_gain": 1.95,
      "difficulty_bias": 0.35,
      "escalation_bias": 0.3,
      "patience_bias": -0.3,
      "hardness_bias": 0.35,
      "samples": 196
    },
    "contradiction_handling": {
      "pressure_gain": 1.95,
      "difficulty_bias": 0.35,
      "escalation_bias": 0.3,
      "patience_bias": -0.3,
      "hardness_bias": 0.35,
      "samples": 196
    },
    "implied_intent_inference": {
      "pressure_gain": 1.95,
      "difficulty_bias": 0.35,
      "escalation_bias": 0.3,
      "patience_bias": -0.3,
      "hardness_bias": 0.35,
      "samples": 196
    },
    "misunderstanding_repair": {
      "pressure_gain": 1.0,
      "difficulty_bias": 0.0,
      "escalation_bias": 0.0,
      "patience_bias": 0.0,
      "hardness_bias": 0.0,
      "samples": 196
    },
    "uncertainty_signaling": {
      "pressure_gain": 1.95,
      "difficulty_bias": 0.35,
      "escalation_bias": 0.3,
      "patience_bias": -0.3,
      "hardness_bias": 0.35,
      "samples": 196
    },
    "boundary_calibration": {
      "pressure_gain": 1.5397340801609583,
      "difficulty_bias": 0.22850008170586178,
      "escalation_bias": 0.19778206517952313,
      "patience_bias": -0.18467748070632617,
      "hardness_bias": 0.2386055562219803,
      "samples": 196
    },
    "framing_selection": {
      "pressure_gain": 1.95,
      "difficulty_bias": 0.35,
      "escalation_bias": 0.3,
      "patience_bias": -0.3,
      "hardness_bias": 0.35,
      "samples": 196
    },
    "emotional_calibration": {
      "pressure_gain": 1.0050118293147852,
      "difficulty_bias": 0.0019766818583573454,
      "escalation_bias": 0.0017100076252921867,
      "patience_bias": -0.0012866213860630864,
      "hardness_bias": 0.0022433560914225104,
      "samples": 196
    },
    "semantic_precision": {
      "pressure_gain": 1.0749840646570634,
      "difficulty_bias": 0.03023427812900536,
      "escalation_bias": 0.026229780185824482,
      "patience_bias": -0.020423576826201807,
      "hardness_bias": 0.03423877607218626,
      "samples": 196
    },
    "adaptive_strategy_selection": {
      "pressure_gain": 1.95,
      "difficulty_bias": 0.35,
      "escalation_bias": 0.3,
      "patience_bias": -0.3,
      "hardness_bias": 0.35,
      "samples": 196
    },
    "compression_elaboration_fit": {
      "pressure_gain": 1.0660973029238678,
      "difficulty_bias": 0.028976115579001992,
      "escalation_bias": 0.025394543991740976,
      "patience_bias": -0.022136515285393815,
      "hardness_bias": 0.03255768716626301,
      "samples": 196
    },
    "perspective_integration": {
      "pressure_gain": 1.95,
      "difficulty_bias": 0.35,
      "escalation_bias": 0.3,
      "patience_bias": -0.3,
      "hardness_bias": 0.35,
      "samples": 196
    },
    "multi_turn_stability": {
      "pressure_gain": 1.1995102897975696,
      "difficulty_bias": 0.08880151382534493,
      "escalation_bias": 0.07796102286044511,
      "patience_bias": -0.06919811800169126,
      "hardness_bias": 0.09964200479024488,
      "samples": 196
    }
  },
  "last_episode_id": "episode_c284fcfebd9a",
  "last_update_ts": 1783367241.3993251
}