{
  "version": 1,
  "samples": 188,
  "global": {
    "pressure_gain_bias": 0.4,
    "difficulty_bias": 0.35,
    "escalation_bias": 0.3,
    "patience_bias": -0.3,
    "hardness_bias": 0.35,
    "samples": 188
  },
  "axis": {
    "X": {
      "pressure_gain": 1.3582595381580287,
      "difficulty_bias": 0.13345115923620327,
      "escalation_bias": 0.11456260083675657,
      "patience_bias": -0.11126069004588816,
      "hardness_bias": 0.13571773958139485,
      "samples": 188
    },
    "T": {
      "pressure_gain": 1.685877091634854,
      "difficulty_bias": 0.2608091712659826,
      "escalation_bias": 0.22452567661585807,
      "patience_bias": -0.2199542723616353,
      "hardness_bias": 0.26647856668180153,
      "samples": 188
    },
    "N": {
      "pressure_gain": 1.5484781418591294,
      "difficulty_bias": 0.21345379695008407,
      "escalation_bias": 0.18358122496448329,
      "patience_bias": -0.17776065846755162,
      "hardness_bias": 0.2170069845230464,
      "samples": 188
    },
    "B": {
      "pressure_gain": 1.946470907232951,
      "difficulty_bias": 0.34877156906398515,
      "escalation_bias": 0.29895427622645043,
      "patience_bias": -0.2989260101107499,
      "hardness_bias": 0.3488095146913636,
      "samples": 188
    },
    "A": {
      "pressure_gain": 1.6226875958081861,
      "difficulty_bias": 0.23101396577587413,
      "escalation_bias": 0.198075537348145,
      "patience_bias": -0.1974037277223227,
      "hardness_bias": 0.23138868657157674,
      "samples": 188
    }
  },
  "dimensions": {
    "coherence_maintenance": {
      "pressure_gain": 1.95,
      "difficulty_bias": 0.35,
      "escalation_bias": 0.3,
      "patience_bias": -0.3,
      "hardness_bias": 0.35,
      "samples": 188
    },
    "context_carryover": {
      "pressure_gain": 1.8152048066120243,
      "difficulty_bias": 0.3101659565287402,
      "escalation_bias": 0.2670420549786781,
      "patience_bias": -0.26289273213952513,
      "hardness_bias": 0.31629076171875,
      "samples": 188
    },
    "ambiguity_handling": {
      "pressure_gain": 1.9262499999999998,
      "difficulty_bias": 0.34125,
      "escalation_bias": 0.2925,
      "patience_bias": -0.2925,
      "hardness_bias": 0.34125,
      "samples": 188
    },
    "contradiction_handling": {
      "pressure_gain": 1.95,
      "difficulty_bias": 0.35,
      "escalation_bias": 0.3,
      "patience_bias": -0.3,
      "hardness_bias": 0.35,
      "samples": 188
    },
    "implied_intent_inference": {
      "pressure_gain": 1.95,
      "difficulty_bias": 0.35,
      "escalation_bias": 0.3,
      "patience_bias": -0.3,
      "hardness_bias": 0.35,
      "samples": 188
    },
    "misunderstanding_repair": {
      "pressure_gain": 1.0,
      "difficulty_bias": 0.0,
      "escalation_bias": 0.0,
      "patience_bias": 0.0,
      "hardness_bias": 0.0,
      "samples": 188
    },
    "uncertainty_signaling": {
      "pressure_gain": 1.95,
      "difficulty_bias": 0.35,
      "escalation_bias": 0.3,
      "patience_bias": -0.3,
      "hardness_bias": 0.35,
      "samples": 188
    },
    "boundary_calibration": {
      "pressure_gain": 1.60602915507026,
      "difficulty_bias": 0.2553701854798911,
      "escalation_bias": 0.22078827537353643,
      "patience_bias": -0.2065375932076273,
      "hardness_bias": 0.26534279653144793,
      "samples": 188
    },
    "framing_selection": {
      "pressure_gain": 1.95,
      "difficulty_bias": 0.35,
      "escalation_bias": 0.3,
      "patience_bias": -0.3,
      "hardness_bias": 0.35,
      "samples": 188
    },
    "emotional_calibration": {
      "pressure_gain": 1.0061370455465963,
      "difficulty_bias": 0.0024204708169295016,
      "escalation_bias": 0.002093924996704452,
      "patience_bias": -0.0015754834316084937,
      "hardness_bias": 0.002747016637154557,
      "samples": 188
    },
    "semantic_precision": {
      "pressure_gain": 1.0918188930959307,
      "difficulty_bias": 0.03702223884576048,
      "escalation_bias": 0.032118682733813186,
      "patience_bias": -0.02500891657204773,
      "hardness_bias": 0.04192579495770784,
      "samples": 188
    },
    "adaptive_strategy_selection": {
      "pressure_gain": 1.95,
      "difficulty_bias": 0.35,
      "escalation_bias": 0.3,
      "patience_bias": -0.3,
      "hardness_bias": 0.35,
      "samples": 188
    },
    "compression_elaboration_fit": {
      "pressure_gain": 1.0809369459878202,
      "difficulty_bias": 0.03548160360273383,
      "escalation_bias": 0.031095925923214217,
      "patience_bias": -0.027106430410271515,
      "hardness_bias": 0.039867281282253454,
      "samples": 188
    },
    "perspective_integration": {
      "pressure_gain": 1.95,
      "difficulty_bias": 0.35,
      "escalation_bias": 0.3,
      "patience_bias": -0.3,
      "hardness_bias": 0.35,
      "samples": 188
    },
    "multi_turn_stability": {
      "pressure_gain": 1.2443027602496803,
      "difficulty_bias": 0.10873852653862512,
      "escalation_bias": 0.09546421438222527,
      "patience_bias": -0.08473393151325133,
      "hardness_bias": 0.1220128386950251,
      "samples": 188
    }
  },
  "last_episode_id": "episode_9bb6c032fef2",
  "last_update_ts": 1783288628.1027946
}