{
  "version": 1,
  "samples": 328,
  "global": {
    "pressure_gain_bias": 0.4,
    "difficulty_bias": 0.35,
    "escalation_bias": 0.3,
    "patience_bias": -0.3,
    "hardness_bias": 0.35,
    "samples": 328
  },
  "axis": {
    "X": {
      "pressure_gain": 1.3077850609757102,
      "difficulty_bias": 0.11442008474359813,
      "escalation_bias": 0.09815538894988643,
      "patience_bias": -0.09775023263381921,
      "hardness_bias": 0.11485095613700017,
      "samples": 328
    },
    "T": {
      "pressure_gain": 1.544721738252353,
      "difficulty_bias": 0.2059618636079612,
      "escalation_bias": 0.1771741183373998,
      "patience_bias": -0.17491496510113239,
      "hardness_bias": 0.20931394948590953,
      "samples": 328
    },
    "N": {
      "pressure_gain": 1.4663088843726075,
      "difficulty_bias": 0.17991524867833103,
      "escalation_bias": 0.15519228964330944,
      "patience_bias": -0.1517450064489574,
      "hardness_bias": 0.18506615298240178,
      "samples": 328
    },
    "B": {
      "pressure_gain": 1.6490419430473595,
      "difficulty_bias": 0.2391207159397682,
      "escalation_bias": 0.2049606136693867,
      "patience_bias": -0.20496061363869983,
      "hardness_bias": 0.23912071595920967,
      "samples": 328
    },
    "A": {
      "pressure_gain": 1.4265215054221732,
      "difficulty_bias": 0.16225114805705732,
      "escalation_bias": 0.13968900069746618,
      "patience_bias": -0.13753088131829042,
      "hardness_bias": 0.16548781004676075,
      "samples": 328
    }
  },
  "dimensions": {
    "coherence_maintenance": {
      "pressure_gain": 1.95,
      "difficulty_bias": 0.35,
      "escalation_bias": 0.3,
      "patience_bias": -0.3,
      "hardness_bias": 0.35,
      "samples": 328
    },
    "context_carryover": {
      "pressure_gain": 1.594218578034987,
      "difficulty_bias": 0.2355048775511994,
      "escalation_bias": 0.20386172124850652,
      "patience_bias": -0.19686032953233185,
      "hardness_bias": 0.24600696512546172,
      "samples": 328
    },
    "ambiguity_handling": {
      "pressure_gain": 1.0362509197945329,
      "difficulty_bias": 0.013355602029566408,
      "escalation_bias": 0.011447658882485492,
      "patience_bias": -0.011447658882485492,
      "hardness_bias": 0.013355602029566408,
      "samples": 328
    },
    "contradiction_handling": {
      "pressure_gain": 1.95,
      "difficulty_bias": 0.35,
      "escalation_bias": 0.3,
      "patience_bias": -0.3,
      "hardness_bias": 0.35,
      "samples": 328
    },
    "implied_intent_inference": {
      "pressure_gain": 1.95,
      "difficulty_bias": 0.35,
      "escalation_bias": 0.3,
      "patience_bias": -0.3,
      "hardness_bias": 0.35,
      "samples": 328
    },
    "misunderstanding_repair": {
      "pressure_gain": 1.0,
      "difficulty_bias": 0.0,
      "escalation_bias": 0.0,
      "patience_bias": 0.0,
      "hardness_bias": 0.0,
      "samples": 328
    },
    "uncertainty_signaling": {
      "pressure_gain": 1.3873248050887614,
      "difficulty_bias": 0.16470113579241624,
      "escalation_bias": 0.14382667477086192,
      "patience_bias": -0.13453672045009413,
      "hardness_bias": 0.17863606727356818,
      "samples": 328
    },
    "boundary_calibration": {
      "pressure_gain": 1.95,
      "difficulty_bias": 0.35,
      "escalation_bias": 0.3,
      "patience_bias": -0.3,
      "hardness_bias": 0.35,
      "samples": 328
    },
    "framing_selection": {
      "pressure_gain": 1.95,
      "difficulty_bias": 0.35,
      "escalation_bias": 0.3,
      "patience_bias": -0.3,
      "hardness_bias": 0.35,
      "samples": 328
    },
    "emotional_calibration": {
      "pressure_gain": 1.0001772578773027,
      "difficulty_bias": 6.991108601509442e-05,
      "escalation_bias": 6.047937844566258e-05,
      "patience_bias": -4.550509633586946e-05,
      "hardness_bias": 7.934279358452657e-05,
      "samples": 328
    },
    "semantic_precision": {
      "pressure_gain": 1.0026520288896426,
      "difficulty_bias": 0.0010693229211086674,
      "escalation_bias": 0.0009276922388775672,
      "patience_bias": -0.0007223390199063388,
      "hardness_bias": 0.0012109536033397658,
      "samples": 328
    },
    "adaptive_strategy_selection": {
      "pressure_gain": 1.285267995417527,
      "difficulty_bias": 0.11914223207824075,
      "escalation_bias": 0.10381604934683394,
      "patience_bias": -0.09788657286763723,
      "hardness_bias": 0.128036446797036,
      "samples": 328
    },
    "compression_elaboration_fit": {
      "pressure_gain": 1.0023377227906123,
      "difficulty_bias": 0.0010248243540365973,
      "escalation_bias": 0.000898151688808464,
      "patience_bias": -0.0007829220557918666,
      "hardness_bias": 0.0011514970192647298,
      "samples": 328
    },
    "perspective_integration": {
      "pressure_gain": 1.95,
      "difficulty_bias": 0.35,
      "escalation_bias": 0.3,
      "patience_bias": -0.3,
      "hardness_bias": 0.35,
      "samples": 328
    },
    "multi_turn_stability": {
      "pressure_gain": 1.0070562599499542,
      "difficulty_bias": 0.003140723048105175,
      "escalation_bias": 0.002757317649260283,
      "patience_bias": -0.0024473921077613945,
      "hardness_bias": 0.0035241284469500734,
      "samples": 328
    }
  },
  "last_episode_id": "episode_e81b798eccb2",
  "last_update_ts": 1784204576.4673092
}