{
  "version": 1,
  "samples": 262,
  "global": {
    "pressure_gain_bias": 0.4,
    "difficulty_bias": 0.35,
    "escalation_bias": 0.3,
    "patience_bias": -0.3,
    "hardness_bias": 0.35,
    "samples": 262
  },
  "axis": {
    "X": {
      "pressure_gain": 1.3014723007037778,
      "difficulty_bias": 0.11324303449051638,
      "escalation_bias": 0.09724979861802166,
      "patience_bias": -0.0961240837686477,
      "hardness_bias": 0.11432900613941097,
      "samples": 262
    },
    "T": {
      "pressure_gain": 1.5398403752491692,
      "difficulty_bias": 0.20014203832510521,
      "escalation_bias": 0.17170145257906608,
      "patience_bias": -0.17098460889135975,
      "hardness_bias": 0.20102884280129554,
      "samples": 262
    },
    "N": {
      "pressure_gain": 1.5287085156181248,
      "difficulty_bias": 0.19521243858585152,
      "escalation_bias": 0.1673729901766371,
      "patience_bias": -0.16709038438692392,
      "hardness_bias": 0.1955166456146836,
      "samples": 262
    },
    "B": {
      "pressure_gain": 1.7167342271006607,
      "difficulty_bias": 0.2640600623989535,
      "escalation_bias": 0.22633720338722488,
      "patience_bias": -0.22633717125445058,
      "hardness_bias": 0.26406008275641946,
      "samples": 262
    },
    "A": {
      "pressure_gain": 1.4956689196238335,
      "difficulty_bias": 0.18402082294869196,
      "escalation_bias": 0.15784421352981848,
      "patience_bias": -0.157387946645223,
      "hardness_bias": 0.1845661202253164,
      "samples": 262
    }
  },
  "dimensions": {
    "coherence_maintenance": {
      "pressure_gain": 1.95,
      "difficulty_bias": 0.35,
      "escalation_bias": 0.3,
      "patience_bias": -0.3,
      "hardness_bias": 0.35,
      "samples": 262
    },
    "context_carryover": {
      "pressure_gain": 1.4918623874200163,
      "difficulty_bias": 0.18121245852316464,
      "escalation_bias": 0.15532496444842683,
      "patience_bias": -0.15532496444842683,
      "hardness_bias": 0.18121245852316464,
      "samples": 262
    },
    "ambiguity_handling": {
      "pressure_gain": 1.1927588800314481,
      "difficulty_bias": 0.0710164294852716,
      "escalation_bias": 0.06087122527308995,
      "patience_bias": -0.06087122527308995,
      "hardness_bias": 0.0710164294852716,
      "samples": 262
    },
    "contradiction_handling": {
      "pressure_gain": 1.95,
      "difficulty_bias": 0.35,
      "escalation_bias": 0.3,
      "patience_bias": -0.3,
      "hardness_bias": 0.35,
      "samples": 262
    },
    "implied_intent_inference": {
      "pressure_gain": 1.95,
      "difficulty_bias": 0.35,
      "escalation_bias": 0.3,
      "patience_bias": -0.3,
      "hardness_bias": 0.35,
      "samples": 262
    },
    "misunderstanding_repair": {
      "pressure_gain": 1.0,
      "difficulty_bias": 0.0,
      "escalation_bias": 0.0,
      "patience_bias": 0.0,
      "hardness_bias": 0.0,
      "samples": 262
    },
    "uncertainty_signaling": {
      "pressure_gain": 1.4918623874200163,
      "difficulty_bias": 0.18121245852316464,
      "escalation_bias": 0.15532496444842683,
      "patience_bias": -0.15532496444842683,
      "hardness_bias": 0.18121245852316464,
      "samples": 262
    },
    "boundary_calibration": {
      "pressure_gain": 1.95,
      "difficulty_bias": 0.35,
      "escalation_bias": 0.3,
      "patience_bias": -0.3,
      "hardness_bias": 0.35,
      "samples": 262
    },
    "framing_selection": {
      "pressure_gain": 1.95,
      "difficulty_bias": 0.35,
      "escalation_bias": 0.3,
      "patience_bias": -0.3,
      "hardness_bias": 0.35,
      "samples": 262
    },
    "emotional_calibration": {
      "pressure_gain": 1.000942542426498,
      "difficulty_bias": 0.00037174181285415966,
      "escalation_bias": 0.00032159010916851116,
      "patience_bias": -0.00024196658885183031,
      "hardness_bias": 0.00042189351653980936,
      "samples": 262
    },
    "semantic_precision": {
      "pressure_gain": 1.0141017695958159,
      "difficulty_bias": 0.0056859657584723364,
      "escalation_bias": 0.004932865648469857,
      "patience_bias": -0.0038409304169198942,
      "hardness_bias": 0.006439065868474811,
      "samples": 262
    },
    "adaptive_strategy_selection": {
      "pressure_gain": 1.4675766820411529,
      "difficulty_bias": 0.1722650933835834,
      "escalation_bias": 0.14765579432878576,
      "patience_bias": -0.14765579432878576,
      "hardness_bias": 0.1722650933835834,
      "samples": 262
    },
    "compression_elaboration_fit": {
      "pressure_gain": 1.0124304936122115,
      "difficulty_bias": 0.005449351239435802,
      "escalation_bias": 0.00477578816246104,
      "patience_bias": -0.004163071709123999,
      "hardness_bias": 0.0061229143164105585,
      "samples": 262
    },
    "perspective_integration": {
      "pressure_gain": 1.95,
      "difficulty_bias": 0.35,
      "escalation_bias": 0.3,
      "patience_bias": -0.3,
      "hardness_bias": 0.35,
      "samples": 262
    },
    "multi_turn_stability": {
      "pressure_gain": 1.0375206139009303,
      "difficulty_bias": 0.01670032817575424,
      "escalation_bias": 0.014661626931807052,
      "patience_bias": -0.013013643912036355,
      "hardness_bias": 0.01873902941970148,
      "samples": 262
    }
  },
  "last_episode_id": "episode_dbfd313c6593",
  "last_update_ts": 1783812752.312379
}