{
  "version": 1,
  "samples": 192,
  "global": {
    "pressure_gain_bias": 0.4,
    "difficulty_bias": 0.35,
    "escalation_bias": 0.3,
    "patience_bias": -0.3,
    "hardness_bias": 0.35,
    "samples": 192
  },
  "axis": {
    "X": {
      "pressure_gain": 1.3544652548153173,
      "difficulty_bias": 0.13191070506543817,
      "escalation_bias": 0.11322512760733375,
      "patience_bias": -0.11024032813129638,
      "hardness_bias": 0.1339589360554792,
      "samples": 192
    },
    "T": {
      "pressure_gain": 1.6758363525350148,
      "difficulty_bias": 0.2576346938870919,
      "escalation_bias": 0.221869480112784,
      "patience_bias": -0.2171672570196392,
      "hardness_bias": 0.2635953115916287,
      "samples": 192
    },
    "N": {
      "pressure_gain": 1.5470493254169946,
      "difficulty_bias": 0.21341595209512654,
      "escalation_bias": 0.1836506150277598,
      "patience_bias": -0.17772464659557674,
      "hardness_bias": 0.21748844033509823,
      "samples": 192
    },
    "B": {
      "pressure_gain": 1.9454964049438725,
      "difficulty_bias": 0.348474831671214,
      "escalation_bias": 0.29870395688217416,
      "patience_bias": -0.298652673983663,
      "hardness_bias": 0.34850732154733705,
      "samples": 192
    },
    "A": {
      "pressure_gain": 1.6256361649430842,
      "difficulty_bias": 0.23154909627888431,
      "escalation_bias": 0.19851236005411793,
      "patience_bias": -0.19807158575861591,
      "hardness_bias": 0.23179495059294486,
      "samples": 192
    }
  },
  "dimensions": {
    "coherence_maintenance": {
      "pressure_gain": 1.95,
      "difficulty_bias": 0.35,
      "escalation_bias": 0.3,
      "patience_bias": -0.3,
      "hardness_bias": 0.35,
      "samples": 192
    },
    "context_carryover": {
      "pressure_gain": 1.7986334318391306,
      "difficulty_bias": 0.30704986747164814,
      "escalation_bias": 0.26473171789053895,
      "patience_bias": -0.25932030768859693,
      "hardness_bias": 0.31507505772491456,
      "samples": 192
    },
    "ambiguity_handling": {
      "pressure_gain": 1.9262499999999998,
      "difficulty_bias": 0.34125,
      "escalation_bias": 0.2925,
      "patience_bias": -0.2925,
      "hardness_bias": 0.34125,
      "samples": 192
    },
    "contradiction_handling": {
      "pressure_gain": 1.95,
      "difficulty_bias": 0.35,
      "escalation_bias": 0.3,
      "patience_bias": -0.3,
      "hardness_bias": 0.35,
      "samples": 192
    },
    "implied_intent_inference": {
      "pressure_gain": 1.95,
      "difficulty_bias": 0.35,
      "escalation_bias": 0.3,
      "patience_bias": -0.3,
      "hardness_bias": 0.35,
      "samples": 192
    },
    "misunderstanding_repair": {
      "pressure_gain": 1.0,
      "difficulty_bias": 0.0,
      "escalation_bias": 0.0,
      "patience_bias": 0.0,
      "hardness_bias": 0.0,
      "samples": 192
    },
    "uncertainty_signaling": {
      "pressure_gain": 1.95,
      "difficulty_bias": 0.35,
      "escalation_bias": 0.3,
      "patience_bias": -0.3,
      "hardness_bias": 0.35,
      "samples": 192
    },
    "boundary_calibration": {
      "pressure_gain": 1.5972571789001988,
      "difficulty_bias": 0.2528528755075259,
      "escalation_bias": 0.21886103292004386,
      "patience_bias": -0.20435980455442568,
      "hardness_bias": 0.26403535855388993,
      "samples": 192
    },
    "framing_selection": {
      "pressure_gain": 1.95,
      "difficulty_bias": 0.35,
      "escalation_bias": 0.3,
      "patience_bias": -0.3,
      "hardness_bias": 0.35,
      "samples": 192
    },
    "emotional_calibration": {
      "pressure_gain": 1.005545973744673,
      "difficulty_bias": 0.002187350166870392,
      "escalation_bias": 0.0018922546633988065,
      "patience_bias": -0.001423745299024916,
      "hardness_bias": 0.0024824456703419827,
      "samples": 192
    },
    "semantic_precision": {
      "pressure_gain": 1.0829756218213835,
      "difficulty_bias": 0.033456548928740226,
      "escalation_bias": 0.02902526464937324,
      "patience_bias": -0.02260025506381042,
      "hardness_bias": 0.03788783320810725,
      "samples": 192
    },
    "adaptive_strategy_selection": {
      "pressure_gain": 1.95,
      "difficulty_bias": 0.35,
      "escalation_bias": 0.3,
      "patience_bias": -0.3,
      "hardness_bias": 0.35,
      "samples": 192
    },
    "compression_elaboration_fit": {
      "pressure_gain": 1.0731417379933625,
      "difficulty_bias": 0.03206429551574693,
      "escalation_bias": 0.028101011704580712,
      "patience_bias": -0.024495752919831616,
      "hardness_bias": 0.03602757932691317,
      "samples": 192
    },
    "perspective_integration": {
      "pressure_gain": 1.95,
      "difficulty_bias": 0.35,
      "escalation_bias": 0.3,
      "patience_bias": -0.3,
      "hardness_bias": 0.35,
      "samples": 192
    },
    "multi_turn_stability": {
      "pressure_gain": 1.2207734460838982,
      "difficulty_bias": 0.09826568967736071,
      "escalation_bias": 0.08626985452524594,
      "patience_bias": -0.07657302783357331,
      "hardness_bias": 0.11026152482947561,
      "samples": 192
    }
  },
  "last_episode_id": "episode_b49065295fd2",
  "last_update_ts": 1783321671.4164875
}