{
  "version": 1,
  "samples": 343,
  "global": {
    "pressure_gain_bias": 0.4,
    "difficulty_bias": 0.35,
    "escalation_bias": 0.3,
    "patience_bias": -0.3,
    "hardness_bias": 0.35,
    "samples": 343
  },
  "axis": {
    "X": {
      "pressure_gain": 1.3154242212508276,
      "difficulty_bias": 0.11644015266493606,
      "escalation_bias": 0.09982494969941261,
      "patience_bias": -0.09969588206794838,
      "hardness_bias": 0.11656016380086939,
      "samples": 343
    },
    "T": {
      "pressure_gain": 1.516313747850869,
      "difficulty_bias": 0.19701837565352676,
      "escalation_bias": 0.16969271420358473,
      "patience_bias": -0.16679918494088194,
      "hardness_bias": 0.20133424247588422,
      "samples": 343
    },
    "N": {
      "pressure_gain": 1.4432384351218512,
      "difficulty_bias": 0.1707718974590549,
      "escalation_bias": 0.14727747976232133,
      "patience_bias": -0.1441083056543218,
      "hardness_bias": 0.17551197027256277,
      "samples": 343
    },
    "B": {
      "pressure_gain": 1.644078405745145,
      "difficulty_bias": 0.23729204423841138,
      "escalation_bias": 0.2033931807771665,
      "patience_bias": -0.20339318077084834,
      "hardness_bias": 0.23729204424241418,
      "samples": 343
    },
    "A": {
      "pressure_gain": 1.4080296798098202,
      "difficulty_bias": 0.15510601047766776,
      "escalation_bias": 0.1335245464972704,
      "patience_bias": -0.13150665260798144,
      "hardness_bias": 0.15813274484960815,
      "samples": 343
    }
  },
  "dimensions": {
    "coherence_maintenance": {
      "pressure_gain": 1.95,
      "difficulty_bias": 0.35,
      "escalation_bias": 0.3,
      "patience_bias": -0.3,
      "hardness_bias": 0.35,
      "samples": 343
    },
    "context_carryover": {
      "pressure_gain": 1.5476932817978653,
      "difficulty_bias": 0.2240590922424088,
      "escalation_bias": 0.19473807766822773,
      "patience_bias": -0.1853320825566569,
      "hardness_bias": 0.23816808490976518,
      "samples": 343
    },
    "ambiguity_handling": {
      "pressure_gain": 1.0247963790101775,
      "difficulty_bias": 0.009135508056382942,
      "escalation_bias": 0.007830435476899664,
      "patience_bias": -0.007830435476899664,
      "hardness_bias": 0.009135508056382942,
      "samples": 343
    },
    "contradiction_handling": {
      "pressure_gain": 1.95,
      "difficulty_bias": 0.35,
      "escalation_bias": 0.3,
      "patience_bias": -0.3,
      "hardness_bias": 0.35,
      "samples": 343
    },
    "implied_intent_inference": {
      "pressure_gain": 1.95,
      "difficulty_bias": 0.35,
      "escalation_bias": 0.3,
      "patience_bias": -0.3,
      "hardness_bias": 0.35,
      "samples": 343
    },
    "misunderstanding_repair": {
      "pressure_gain": 1.0,
      "difficulty_bias": 0.0,
      "escalation_bias": 0.0,
      "patience_bias": 0.0,
      "hardness_bias": 0.0,
      "samples": 343
    },
    "uncertainty_signaling": {
      "pressure_gain": 1.340274589122375,
      "difficulty_bias": 0.14649936858338616,
      "escalation_bias": 0.12812051198720523,
      "patience_bias": -0.1191968257821456,
      "hardness_bias": 0.15988489789097582,
      "samples": 343
    },
    "boundary_calibration": {
      "pressure_gain": 1.95,
      "difficulty_bias": 0.35,
      "escalation_bias": 0.3,
      "patience_bias": -0.3,
      "hardness_bias": 0.35,
      "samples": 343
    },
    "framing_selection": {
      "pressure_gain": 1.95,
      "difficulty_bias": 0.35,
      "escalation_bias": 0.3,
      "patience_bias": -0.3,
      "hardness_bias": 0.35,
      "samples": 343
    },
    "emotional_calibration": {
      "pressure_gain": 1.0001212480547537,
      "difficulty_bias": 4.782062898456332e-05,
      "escalation_bias": 4.136914590688209e-05,
      "patience_bias": -3.1126427192313804e-05,
      "hardness_bias": 5.4272112062244736e-05,
      "samples": 343
    },
    "semantic_precision": {
      "pressure_gain": 1.0018140426192275,
      "difficulty_bias": 0.0007314389975859681,
      "escalation_bias": 0.0006345606812293645,
      "patience_bias": -0.0004940948316059066,
      "hardness_bias": 0.00082831731394257,
      "samples": 343
    },
    "adaptive_strategy_selection": {
      "pressure_gain": 1.247220083823278,
      "difficulty_bias": 0.10479949084897042,
      "escalation_bias": 0.09148305399351406,
      "patience_bias": -0.08569083756312607,
      "hardness_bias": 0.1134878154945525,
      "samples": 343
    },
    "compression_elaboration_fit": {
      "pressure_gain": 1.0015990507458923,
      "difficulty_bias": 0.0007010010572307182,
      "escalation_bias": 0.000614354333919161,
      "patience_bias": -0.000535534881345869,
      "hardness_bias": 0.0007876477805422751,
      "samples": 343
    },
    "perspective_integration": {
      "pressure_gain": 1.95,
      "difficulty_bias": 0.35,
      "escalation_bias": 0.3,
      "patience_bias": -0.3,
      "hardness_bias": 0.35,
      "samples": 343
    },
    "multi_turn_stability": {
      "pressure_gain": 1.004826627768484,
      "difficulty_bias": 0.0021483195325313173,
      "escalation_bias": 0.0018860623087645243,
      "patience_bias": -0.0016740668273946843,
      "hardness_bias": 0.002410576756298114,
      "samples": 343
    }
  },
  "last_episode_id": "episode_d7393a80967c",
  "last_update_ts": 1784292538.654965
}