{
  "version": 1,
  "samples": 371,
  "global": {
    "pressure_gain_bias": 0.4,
    "difficulty_bias": 0.35,
    "escalation_bias": 0.3,
    "patience_bias": -0.3,
    "hardness_bias": 0.35,
    "samples": 371
  },
  "axis": {
    "X": {
      "pressure_gain": 1.3169705142291304,
      "difficulty_bias": 0.11680334070481516,
      "escalation_bias": 0.10011967249224978,
      "patience_bias": -0.10008419238447039,
      "hardness_bias": 0.1168293163457246,
      "samples": 371
    },
    "T": {
      "pressure_gain": 1.4618727364238953,
      "difficulty_bias": 0.17720109101920326,
      "escalation_bias": 0.15273560147860915,
      "patience_bias": -0.14975238173223593,
      "hardness_bias": 0.18166401885016828,
      "samples": 371
    },
    "N": {
      "pressure_gain": 1.4039555496329184,
      "difficulty_bias": 0.15454562138449873,
      "escalation_bias": 0.13315769422561557,
      "patience_bias": -0.13073589258162846,
      "hardness_bias": 0.15817158778866977,
      "samples": 371
    },
    "B": {
      "pressure_gain": 1.6386219184066215,
      "difficulty_bias": 0.23528175941383048,
      "escalation_bias": 0.20167007949764146,
      "patience_bias": -0.20167007949731083,
      "hardness_bias": 0.23528175941404,
      "samples": 371
    },
    "A": {
      "pressure_gain": 1.3787070027700925,
      "difficulty_bias": 0.14325534105154406,
      "escalation_bias": 0.12324046609085065,
      "patience_bias": -0.12166485726903757,
      "hardness_bias": 0.1456187487126005,
      "samples": 371
    }
  },
  "dimensions": {
    "coherence_maintenance": {
      "pressure_gain": 1.95,
      "difficulty_bias": 0.35,
      "escalation_bias": 0.3,
      "patience_bias": -0.3,
      "hardness_bias": 0.35,
      "samples": 371
    },
    "context_carryover": {
      "pressure_gain": 1.3886108770248848,
      "difficulty_bias": 0.16375327085567884,
      "escalation_bias": 0.14284271474666868,
      "patience_bias": -0.13415302570036475,
      "hardness_bias": 0.17678780442513495,
      "samples": 371
    },
    "ambiguity_handling": {
      "pressure_gain": 1.0122044301307502,
      "difficulty_bias": 0.004496368995540818,
      "escalation_bias": 0.003854030567606415,
      "patience_bias": -0.003854030567606415,
      "hardness_bias": 0.004496368995540818,
      "samples": 371
    },
    "contradiction_handling": {
      "pressure_gain": 1.95,
      "difficulty_bias": 0.35,
      "escalation_bias": 0.3,
      "patience_bias": -0.3,
      "hardness_bias": 0.35,
      "samples": 371
    },
    "implied_intent_inference": {
      "pressure_gain": 1.95,
      "difficulty_bias": 0.35,
      "escalation_bias": 0.3,
      "patience_bias": -0.3,
      "hardness_bias": 0.35,
      "samples": 371
    },
    "misunderstanding_repair": {
      "pressure_gain": 1.0,
      "difficulty_bias": 0.0,
      "escalation_bias": 0.0,
      "patience_bias": 0.0,
      "hardness_bias": 0.0,
      "samples": 371
    },
    "uncertainty_signaling": {
      "pressure_gain": 1.2300219987005676,
      "difficulty_bias": 0.10032497186255145,
      "escalation_bias": 0.08787232810113604,
      "patience_bias": -0.0812940953348143,
      "hardness_bias": 0.11019232101203416,
      "samples": 371
    },
    "boundary_calibration": {
      "pressure_gain": 1.95,
      "difficulty_bias": 0.35,
      "escalation_bias": 0.3,
      "patience_bias": -0.3,
      "hardness_bias": 0.35,
      "samples": 371
    },
    "framing_selection": {
      "pressure_gain": 1.95,
      "difficulty_bias": 0.35,
      "escalation_bias": 0.3,
      "patience_bias": -0.3,
      "hardness_bias": 0.35,
      "samples": 371
    },
    "emotional_calibration": {
      "pressure_gain": 1.000059676592784,
      "difficulty_bias": 2.3536643193392843e-05,
      "escalation_bias": 2.0361313665280375e-05,
      "patience_bias": -1.5319991105660707e-05,
      "hardness_bias": 2.6711972721505413e-05,
      "samples": 371
    },
    "semantic_precision": {
      "pressure_gain": 1.0008928463462932,
      "difficulty_bias": 0.0003600040206386899,
      "escalation_bias": 0.0003123218714557909,
      "patience_bias": -0.00024318654944839254,
      "hardness_bias": 0.0004076861698215879,
      "samples": 371
    },
    "adaptive_strategy_selection": {
      "pressure_gain": 1.1646865857714608,
      "difficulty_bias": 0.07093647699905482,
      "escalation_bias": 0.06204070703145515,
      "patience_bias": -0.0577076634185266,
      "hardness_bias": 0.07743604241844773,
      "samples": 371
    },
    "compression_elaboration_fit": {
      "pressure_gain": 1.0007870303601878,
      "difficulty_bias": 0.0003450228931024011,
      "escalation_bias": 0.0003023765905805527,
      "patience_bias": -0.00026358276098632105,
      "hardness_bias": 0.00038766919562424916,
      "samples": 371
    },
    "perspective_integration": {
      "pressure_gain": 1.95,
      "difficulty_bias": 0.35,
      "escalation_bias": 0.3,
      "patience_bias": -0.3,
      "hardness_bias": 0.35,
      "samples": 371
    },
    "multi_turn_stability": {
      "pressure_gain": 1.002375598523615,
      "difficulty_bias": 0.001057372756826525,
      "escalation_bias": 0.0009282934278473651,
      "patience_bias": -0.0008239522238614414,
      "hardness_bias": 0.0011864520858056863,
      "samples": 371
    }
  },
  "last_episode_id": "episode_545f43185e53",
  "last_update_ts": 1784426026.7519138
}