{
  "version": 1,
  "samples": 212,
  "global": {
    "pressure_gain_bias": 0.4,
    "difficulty_bias": 0.35,
    "escalation_bias": 0.3,
    "patience_bias": -0.3,
    "hardness_bias": 0.35,
    "samples": 212
  },
  "axis": {
    "X": {
      "pressure_gain": 1.295116896690065,
      "difficulty_bias": 0.10951938574982933,
      "escalation_bias": 0.09396928870437239,
      "patience_bias": -0.09216923598150145,
      "hardness_bias": 0.11075376530552083,
      "samples": 212
    },
    "T": {
      "pressure_gain": 1.6740012540336147,
      "difficulty_bias": 0.2540573245201023,
      "escalation_bias": 0.21844060274555452,
      "patience_bias": -0.21538080968130036,
      "hardness_bias": 0.25784357272876396,
      "samples": 212
    },
    "N": {
      "pressure_gain": 1.5850986409360983,
      "difficulty_bias": 0.22625587628118501,
      "escalation_bias": 0.19459531264105911,
      "patience_bias": -0.190336697120779,
      "hardness_bias": 0.22968330786152863,
      "samples": 212
    },
    "B": {
      "pressure_gain": 1.90472013431137,
      "difficulty_bias": 0.3333342416802391,
      "escalation_bias": 0.2857164313078216,
      "patience_bias": -0.28571019650458285,
      "hardness_bias": 0.33333819169068635,
      "samples": 212
    },
    "A": {
      "pressure_gain": 1.587678406451397,
      "difficulty_bias": 0.2166409424825932,
      "escalation_bias": 0.1856973069018612,
      "patience_bias": -0.18564371903758453,
      "hardness_bias": 0.21667083262761333,
      "samples": 212
    }
  },
  "dimensions": {
    "coherence_maintenance": {
      "pressure_gain": 1.95,
      "difficulty_bias": 0.35,
      "escalation_bias": 0.3,
      "patience_bias": -0.3,
      "hardness_bias": 0.35,
      "samples": 212
    },
    "context_carryover": {
      "pressure_gain": 1.95,
      "difficulty_bias": 0.35,
      "escalation_bias": 0.3,
      "patience_bias": -0.3,
      "hardness_bias": 0.35,
      "samples": 212
    },
    "ambiguity_handling": {
      "pressure_gain": 1.683570967821934,
      "difficulty_bias": 0.2518419355133446,
      "escalation_bias": 0.21586451615429542,
      "patience_bias": -0.21586451615429542,
      "hardness_bias": 0.2518419355133446,
      "samples": 212
    },
    "contradiction_handling": {
      "pressure_gain": 1.95,
      "difficulty_bias": 0.35,
      "escalation_bias": 0.3,
      "patience_bias": -0.3,
      "hardness_bias": 0.35,
      "samples": 212
    },
    "implied_intent_inference": {
      "pressure_gain": 1.683570967821934,
      "difficulty_bias": 0.2518419355133446,
      "escalation_bias": 0.21586451615429542,
      "patience_bias": -0.21586451615429542,
      "hardness_bias": 0.2518419355133446,
      "samples": 212
    },
    "misunderstanding_repair": {
      "pressure_gain": 1.0,
      "difficulty_bias": 0.0,
      "escalation_bias": 0.0,
      "patience_bias": 0.0,
      "hardness_bias": 0.0,
      "samples": 212
    },
    "uncertainty_signaling": {
      "pressure_gain": 1.95,
      "difficulty_bias": 0.35,
      "escalation_bias": 0.3,
      "patience_bias": -0.3,
      "hardness_bias": 0.35,
      "samples": 212
    },
    "boundary_calibration": {
      "pressure_gain": 1.95,
      "difficulty_bias": 0.35,
      "escalation_bias": 0.3,
      "patience_bias": -0.3,
      "hardness_bias": 0.35,
      "samples": 212
    },
    "framing_selection": {
      "pressure_gain": 1.683570967821934,
      "difficulty_bias": 0.2518419355133446,
      "escalation_bias": 0.21586451615429542,
      "patience_bias": -0.21586451615429542,
      "hardness_bias": 0.2518419355133446,
      "samples": 212
    },
    "emotional_calibration": {
      "pressure_gain": 1.0033424900507322,
      "difficulty_bias": 0.0013182889978979775,
      "escalation_bias": 0.0011404385734676008,
      "patience_bias": -0.0008580737514921758,
      "hardness_bias": 0.0014961394223283583,
      "samples": 212
    },
    "semantic_precision": {
      "pressure_gain": 1.0500083850302653,
      "difficulty_bias": 0.02016384986199927,
      "escalation_bias": 0.01749316941927621,
      "patience_bias": -0.013620895296767875,
      "hardness_bias": 0.022834530304722343,
      "samples": 212
    },
    "adaptive_strategy_selection": {
      "pressure_gain": 1.95,
      "difficulty_bias": 0.35,
      "escalation_bias": 0.3,
      "patience_bias": -0.3,
      "hardness_bias": 0.35,
      "samples": 212
    },
    "compression_elaboration_fit": {
      "pressure_gain": 1.0440816243984115,
      "difficulty_bias": 0.019324755882245217,
      "escalation_bias": 0.01693613355604353,
      "patience_bias": -0.014763288502473566,
      "hardness_bias": 0.021713378208446904,
      "samples": 212
    },
    "perspective_integration": {
      "pressure_gain": 1.95,
      "difficulty_bias": 0.35,
      "escalation_bias": 0.3,
      "patience_bias": -0.3,
      "hardness_bias": 0.35,
      "samples": 212
    },
    "multi_turn_stability": {
      "pressure_gain": 1.1330574360742793,
      "difficulty_bias": 0.0592235205567785,
      "escalation_bias": 0.05199377849665973,
      "patience_bias": -0.04614962051236887,
      "hardness_bias": 0.06645326261689737,
      "samples": 212
    }
  },
  "last_episode_id": "episode_f8ea2ab0f54f",
  "last_update_ts": 1783487145.636458
}