{
  "version": 1,
  "samples": 267,
  "global": {
    "pressure_gain_bias": 0.4,
    "difficulty_bias": 0.35,
    "escalation_bias": 0.3,
    "patience_bias": -0.3,
    "hardness_bias": 0.35,
    "samples": 267
  },
  "axis": {
    "X": {
      "pressure_gain": 1.3052245053989966,
      "difficulty_bias": 0.11379989317850962,
      "escalation_bias": 0.09765944139804797,
      "patience_bias": -0.0968471846578356,
      "hardness_bias": 0.11454230138257762,
      "samples": 267
    },
    "T": {
      "pressure_gain": 1.5151132526465492,
      "difficulty_bias": 0.19088102467203244,
      "escalation_bias": 0.1637452549416809,
      "patience_bias": -0.16311443683834842,
      "hardness_bias": 0.19166140572888296,
      "samples": 267
    },
    "N": {
      "pressure_gain": 1.5053804237383925,
      "difficulty_bias": 0.18655331954212917,
      "escalation_bias": 0.15994442606466858,
      "patience_bias": -0.15970039131967378,
      "hardness_bias": 0.18681777196541993,
      "samples": 267
    },
    "B": {
      "pressure_gain": 1.7068546858865128,
      "difficulty_bias": 0.2604201970291637,
      "escalation_bias": 0.22321731589944155,
      "patience_bias": -0.22321729692535963,
      "hardness_bias": 0.26042020905004376,
      "samples": 267
    },
    "A": {
      "pressure_gain": 1.4812472335647504,
      "difficulty_bias": 0.1781318164015264,
      "escalation_bias": 0.15275059592598247,
      "patience_bias": -0.15248117489329768,
      "hardness_bias": 0.17845380899040036,
      "samples": 267
    }
  },
  "dimensions": {
    "coherence_maintenance": {
      "pressure_gain": 1.95,
      "difficulty_bias": 0.35,
      "escalation_bias": 0.3,
      "patience_bias": -0.3,
      "hardness_bias": 0.35,
      "samples": 267
    },
    "context_carryover": {
      "pressure_gain": 1.4333778312812364,
      "difficulty_bias": 0.15966551678782473,
      "escalation_bias": 0.13685615724670688,
      "patience_bias": -0.13685615724670688,
      "hardness_bias": 0.15966551678782473,
      "samples": 267
    },
    "ambiguity_handling": {
      "pressure_gain": 1.1698390190524848,
      "difficulty_bias": 0.06257227017723253,
      "escalation_bias": 0.0536333744376279,
      "patience_bias": -0.0536333744376279,
      "hardness_bias": 0.06257227017723253,
      "samples": 267
    },
    "contradiction_handling": {
      "pressure_gain": 1.95,
      "difficulty_bias": 0.35,
      "escalation_bias": 0.3,
      "patience_bias": -0.3,
      "hardness_bias": 0.35,
      "samples": 267
    },
    "implied_intent_inference": {
      "pressure_gain": 1.95,
      "difficulty_bias": 0.35,
      "escalation_bias": 0.3,
      "patience_bias": -0.3,
      "hardness_bias": 0.35,
      "samples": 267
    },
    "misunderstanding_repair": {
      "pressure_gain": 1.0,
      "difficulty_bias": 0.0,
      "escalation_bias": 0.0,
      "patience_bias": 0.0,
      "hardness_bias": 0.0,
      "samples": 267
    },
    "uncertainty_signaling": {
      "pressure_gain": 1.4333778312812364,
      "difficulty_bias": 0.15966551678782473,
      "escalation_bias": 0.13685615724670688,
      "patience_bias": -0.13685615724670688,
      "hardness_bias": 0.15966551678782473,
      "samples": 267
    },
    "boundary_calibration": {
      "pressure_gain": 1.95,
      "difficulty_bias": 0.35,
      "escalation_bias": 0.3,
      "patience_bias": -0.3,
      "hardness_bias": 0.35,
      "samples": 267
    },
    "framing_selection": {
      "pressure_gain": 1.8805164062499995,
      "difficulty_bias": 0.32440078125,
      "escalation_bias": 0.2780578125,
      "patience_bias": -0.2780578125,
      "hardness_bias": 0.32440078125,
      "samples": 267
    },
    "emotional_calibration": {
      "pressure_gain": 1.0008304700727957,
      "difficulty_bias": 0.00032754011034740686,
      "escalation_bias": 0.00028335166021534636,
      "patience_bias": -0.00021319571937420623,
      "hardness_bias": 0.00037172856047946827,
      "samples": 267
    },
    "semantic_precision": {
      "pressure_gain": 1.0124250084596191,
      "difficulty_bias": 0.005009879942378847,
      "escalation_bias": 0.004346326678787191,
      "patience_bias": -0.0033842272488411465,
      "hardness_bias": 0.0056734332059705005,
      "samples": 267
    },
    "adaptive_strategy_selection": {
      "pressure_gain": 1.411979800861725,
      "difficulty_bias": 0.1517820318964259,
      "escalation_bias": 0.13009888448265072,
      "patience_bias": -0.13009888448265072,
      "hardness_bias": 0.1517820318964259,
      "samples": 267
    },
    "compression_elaboration_fit": {
      "pressure_gain": 1.0109524543880506,
      "difficulty_bias": 0.004801399908669458,
      "escalation_bias": 0.004207926382341105,
      "patience_bias": -0.003668064554055408,
      "hardness_bias": 0.005394873434997805,
      "samples": 267
    },
    "perspective_integration": {
      "pressure_gain": 1.95,
      "difficulty_bias": 0.35,
      "escalation_bias": 0.3,
      "patience_bias": -0.3,
      "hardness_bias": 0.35,
      "samples": 267
    },
    "multi_turn_stability": {
      "pressure_gain": 1.033059251320309,
      "difficulty_bias": 0.014714587233345289,
      "escalation_bias": 0.012918296347257021,
      "patience_bias": -0.01146626560580768,
      "hardness_bias": 0.016510878119433598,
      "samples": 267
    }
  },
  "last_episode_id": "episode_ca284ba2014b",
  "last_update_ts": 1783833801.7611375
}