{
  "version": 1,
  "samples": 401,
  "global": {
    "pressure_gain_bias": 0.4,
    "difficulty_bias": 0.35,
    "escalation_bias": 0.3,
    "patience_bias": -0.3,
    "hardness_bias": 0.35,
    "samples": 401
  },
  "axis": {
    "X": {
      "pressure_gain": 1.3168551736398304,
      "difficulty_bias": 0.11674317780337833,
      "escalation_bias": 0.10006641330122111,
      "patience_bias": -0.10005123254187817,
      "hardness_bias": 0.11675365606115083,
      "samples": 401
    },
    "T": {
      "pressure_gain": 1.7017031033206136,
      "difficulty_bias": 0.2716244756312062,
      "escalation_bias": 0.23422258138446286,
      "patience_bias": -0.22918084752208884,
      "hardness_bias": 0.2788696167282957,
      "samples": 401
    },
    "N": {
      "pressure_gain": 1.5093640494236293,
      "difficulty_bias": 0.19827842729706618,
      "escalation_bias": 0.17089641969297292,
      "patience_bias": -0.16735039806463697,
      "hardness_bias": 0.20271863561682874,
      "samples": 401
    },
    "B": {
      "pressure_gain": 1.791307169739713,
      "difficulty_bias": 0.3056009430217522,
      "escalation_bias": 0.2633821965196922,
      "patience_bias": -0.25783428662490254,
      "hardness_bias": 0.31180543798526156,
      "samples": 401
    },
    "A": {
      "pressure_gain": 1.4209741532493063,
      "difficulty_bias": 0.16377152642710496,
      "escalation_bias": 0.14141227277671675,
      "patience_bias": -0.13778389731160995,
      "hardness_bias": 0.16921408938857596,
      "samples": 401
    }
  },
  "dimensions": {
    "coherence_maintenance": {
      "pressure_gain": 1.95,
      "difficulty_bias": 0.35,
      "escalation_bias": 0.3,
      "patience_bias": -0.3,
      "hardness_bias": 0.35,
      "samples": 401
    },
    "context_carryover": {
      "pressure_gain": 1.95,
      "difficulty_bias": 0.35,
      "escalation_bias": 0.3,
      "patience_bias": -0.3,
      "hardness_bias": 0.35,
      "samples": 401
    },
    "ambiguity_handling": {
      "pressure_gain": 1.7876376006319754,
      "difficulty_bias": 0.35,
      "escalation_bias": 0.3,
      "patience_bias": -0.28594871598904514,
      "hardness_bias": 0.35,
      "samples": 401
    },
    "contradiction_handling": {
      "pressure_gain": 1.95,
      "difficulty_bias": 0.35,
      "escalation_bias": 0.3,
      "patience_bias": -0.3,
      "hardness_bias": 0.35,
      "samples": 401
    },
    "implied_intent_inference": {
      "pressure_gain": 1.9030937499999996,
      "difficulty_bias": 0.33271875,
      "escalation_bias": 0.2851875,
      "patience_bias": -0.2851875,
      "hardness_bias": 0.33271875,
      "samples": 401
    },
    "misunderstanding_repair": {
      "pressure_gain": 1.0,
      "difficulty_bias": 0.0,
      "escalation_bias": 0.0,
      "patience_bias": 0.0,
      "hardness_bias": 0.0,
      "samples": 401
    },
    "uncertainty_signaling": {
      "pressure_gain": 1.95,
      "difficulty_bias": 0.35,
      "escalation_bias": 0.3,
      "patience_bias": -0.3,
      "hardness_bias": 0.35,
      "samples": 401
    },
    "boundary_calibration": {
      "pressure_gain": 1.7252259615750631,
      "difficulty_bias": 0.2777761746615781,
      "escalation_bias": 0.23937110582131793,
      "patience_bias": -0.2349007594314395,
      "hardness_bias": 0.2844816942463958,
      "samples": 401
    },
    "framing_selection": {
      "pressure_gain": 1.95,
      "difficulty_bias": 0.35,
      "escalation_bias": 0.3,
      "patience_bias": -0.3,
      "hardness_bias": 0.35,
      "samples": 401
    },
    "emotional_calibration": {
      "pressure_gain": 1.0000279217407375,
      "difficulty_bias": 1.1012425784391811e-05,
      "escalation_bias": 9.526738956325241e-06,
      "patience_bias": -7.167983288117788e-06,
      "hardness_bias": 1.249811261245843e-05,
      "samples": 401
    },
    "semantic_precision": {
      "pressure_gain": 1.0004177487862056,
      "difficulty_bias": 0.0001684402285742744,
      "escalation_bias": 0.00014613049966338292,
      "patience_bias": -0.00011378316803963512,
      "hardness_bias": 0.00019074995748516544,
      "samples": 401
    },
    "adaptive_strategy_selection": {
      "pressure_gain": 1.370855664105613,
      "difficulty_bias": 0.1660210969732559,
      "escalation_bias": 0.14584926530248934,
      "patience_bias": -0.13344012766354416,
      "hardness_bias": 0.18463480343167382,
      "samples": 401
    },
    "compression_elaboration_fit": {
      "pressure_gain": 1.0003682391478002,
      "difficulty_bias": 0.00016143079422952474,
      "escalation_bias": 0.00014147725889988115,
      "patience_bias": -0.00012332623516261585,
      "hardness_bias": 0.00018138432955916805,
      "samples": 401
    },
    "perspective_integration": {
      "pressure_gain": 1.8940568710937493,
      "difficulty_bias": 0.33245138671874996,
      "escalation_bias": 0.2851875,
      "patience_bias": -0.2840348671875,
      "hardness_bias": 0.33271875,
      "samples": 401
    },
    "multi_turn_stability": {
      "pressure_gain": 1.4746748604448399,
      "difficulty_bias": 0.21574342889215814,
      "escalation_bias": 0.18985247000811714,
      "patience_bias": -0.1725772689439064,
      "hardness_bias": 0.2416343877761992,
      "samples": 401
    }
  },
  "last_episode_id": "episode_6eeb418ed4c3",
  "last_update_ts": 1784784528.1874247
}