{
  "version": 1,
  "samples": 228,
  "global": {
    "pressure_gain_bias": 0.4,
    "difficulty_bias": 0.35,
    "escalation_bias": 0.3,
    "patience_bias": -0.3,
    "hardness_bias": 0.35,
    "samples": 228
  },
  "axis": {
    "X": {
      "pressure_gain": 1.2163947879017056,
      "difficulty_bias": 0.08072376625223157,
      "escalation_bias": 0.06931235375936917,
      "patience_bias": -0.06791269189714061,
      "hardness_bias": 0.08184553658044824,
      "samples": 228
    },
    "T": {
      "pressure_gain": 1.6686384274722776,
      "difficulty_bias": 0.24953355043750444,
      "escalation_bias": 0.2142682447859696,
      "patience_bias": -0.21248157618038743,
      "hardness_bias": 0.25174400570471533,
      "samples": 228
    },
    "N": {
      "pressure_gain": 1.6335952352794547,
      "difficulty_bias": 0.2360549659592657,
      "escalation_bias": 0.20253309188584623,
      "patience_bias": -0.20129048646624323,
      "hardness_bias": 0.2371885842920618,
      "samples": 228
    },
    "B": {
      "pressure_gain": 1.8262839354473044,
      "difficulty_bias": 0.3044234172223487,
      "escalation_bias": 0.26093461092895665,
      "patience_bias": -0.26093345560732917,
      "hardness_bias": 0.30442414916725924,
      "samples": 228
    },
    "A": {
      "pressure_gain": 1.5158894784986143,
      "difficulty_bias": 0.19053043153241622,
      "escalation_bias": 0.16336608240603498,
      "patience_bias": -0.16316944714368004,
      "hardness_bias": 0.1908160282210082,
      "samples": 228
    }
  },
  "dimensions": {
    "coherence_maintenance": {
      "pressure_gain": 1.95,
      "difficulty_bias": 0.35,
      "escalation_bias": 0.3,
      "patience_bias": -0.3,
      "hardness_bias": 0.35,
      "samples": 228
    },
    "context_carryover": {
      "pressure_gain": 1.95,
      "difficulty_bias": 0.35,
      "escalation_bias": 0.3,
      "patience_bias": -0.3,
      "hardness_bias": 0.35,
      "samples": 228
    },
    "ambiguity_handling": {
      "pressure_gain": 1.455887264990124,
      "difficulty_bias": 0.1679584660489938,
      "escalation_bias": 0.1439643994705661,
      "patience_bias": -0.1439643994705661,
      "hardness_bias": 0.1679584660489938,
      "samples": 228
    },
    "contradiction_handling": {
      "pressure_gain": 1.95,
      "difficulty_bias": 0.35,
      "escalation_bias": 0.3,
      "patience_bias": -0.3,
      "hardness_bias": 0.35,
      "samples": 228
    },
    "implied_intent_inference": {
      "pressure_gain": 1.5301235894532659,
      "difficulty_bias": 0.19966294784133554,
      "escalation_bias": 0.17166494502471616,
      "patience_bias": -0.16982648096221614,
      "hardness_bias": 0.20242064393508558,
      "samples": 228
    },
    "misunderstanding_repair": {
      "pressure_gain": 1.0,
      "difficulty_bias": 0.0,
      "escalation_bias": 0.0,
      "patience_bias": 0.0,
      "hardness_bias": 0.0,
      "samples": 228
    },
    "uncertainty_signaling": {
      "pressure_gain": 1.95,
      "difficulty_bias": 0.35,
      "escalation_bias": 0.3,
      "patience_bias": -0.3,
      "hardness_bias": 0.35,
      "samples": 228
    },
    "boundary_calibration": {
      "pressure_gain": 1.95,
      "difficulty_bias": 0.35,
      "escalation_bias": 0.3,
      "patience_bias": -0.3,
      "hardness_bias": 0.35,
      "samples": 228
    },
    "framing_selection": {
      "pressure_gain": 1.533461067549475,
      "difficulty_bias": 0.20117998333961248,
      "escalation_bias": 0.17299993626319993,
      "patience_bias": -0.17104010936083777,
      "hardness_bias": 0.20411972369315579,
      "samples": 228
    },
    "emotional_calibration": {
      "pressure_gain": 1.0022291740275917,
      "difficulty_bias": 0.0008791935205107135,
      "escalation_bias": 0.0007605814854951801,
      "patience_bias": -0.0005722666908660838,
      "hardness_bias": 0.0009978055555262496,
      "samples": 228
    },
    "semantic_precision": {
      "pressure_gain": 1.0333516005670367,
      "difficulty_bias": 0.013447678146057448,
      "escalation_bias": 0.011666547495387695,
      "patience_bias": -0.009084049785417344,
      "hardness_bias": 0.015228808796727203,
      "samples": 228
    },
    "adaptive_strategy_selection": {
      "pressure_gain": 1.95,
      "difficulty_bias": 0.35,
      "escalation_bias": 0.3,
      "patience_bias": -0.3,
      "hardness_bias": 0.35,
      "samples": 228
    },
    "compression_elaboration_fit": {
      "pressure_gain": 1.0293989243682269,
      "difficulty_bias": 0.012888069447755616,
      "escalation_bias": 0.01129504904366189,
      "patience_bias": -0.009845934854573957,
      "hardness_bias": 0.01448108985184934,
      "samples": 228
    },
    "perspective_integration": {
      "pressure_gain": 1.95,
      "difficulty_bias": 0.35,
      "escalation_bias": 0.3,
      "patience_bias": -0.3,
      "hardness_bias": 0.35,
      "samples": 228
    },
    "multi_turn_stability": {
      "pressure_gain": 1.0887386876768326,
      "difficulty_bias": 0.03949736030443782,
      "escalation_bias": 0.03467569951203537,
      "patience_bias": -0.030778112684850825,
      "hardness_bias": 0.04431902109684035,
      "samples": 228
    }
  },
  "last_episode_id": "episode_c4d307c96367",
  "last_update_ts": 1783614467.276084
}