{
  "version": 1,
  "samples": 181,
  "global": {
    "pressure_gain_bias": 0.4,
    "difficulty_bias": 0.35,
    "escalation_bias": 0.3,
    "patience_bias": -0.3,
    "hardness_bias": 0.35,
    "samples": 181
  },
  "axis": {
    "X": {
      "pressure_gain": 1.3655578245881603,
      "difficulty_bias": 0.13643001423609824,
      "escalation_bias": 0.11715052979678678,
      "patience_bias": -0.11321165070810499,
      "hardness_bias": 0.1391362647958081,
      "samples": 181
    },
    "T": {
      "pressure_gain": 1.684666025480623,
      "difficulty_bias": 0.25865200580644093,
      "escalation_bias": 0.222465573287164,
      "patience_bias": -0.2184588498068167,
      "hardness_bias": 0.2632985698675658,
      "samples": 181
    },
    "N": {
      "pressure_gain": 1.554975231909397,
      "difficulty_bias": 0.21517504378567703,
      "escalation_bias": 0.18490298001980768,
      "patience_bias": -0.17914258343249623,
      "hardness_bias": 0.21793350882061666,
      "samples": 181
    },
    "B": {
      "pressure_gain": 1.944276722051966,
      "difficulty_bias": 0.3480414586225666,
      "escalation_bias": 0.29833633926218284,
      "patience_bias": -0.2982772418360853,
      "hardness_bias": 0.34812079350301106,
      "samples": 181
    },
    "A": {
      "pressure_gain": 1.6113870833612502,
      "difficulty_bias": 0.22848411194498802,
      "escalation_bias": 0.1959764266675052,
      "patience_bias": -0.19460193222258543,
      "hardness_bias": 0.22926756004114482,
      "samples": 181
    }
  },
  "dimensions": {
    "coherence_maintenance": {
      "pressure_gain": 1.9262499999999998,
      "difficulty_bias": 0.34125,
      "escalation_bias": 0.2925,
      "patience_bias": -0.2925,
      "hardness_bias": 0.34125,
      "samples": 181
    },
    "context_carryover": {
      "pressure_gain": 1.9019320734741203,
      "difficulty_bias": 0.33968171785888673,
      "escalation_bias": 0.29204736530761716,
      "patience_bias": -0.28892674030761717,
      "hardness_bias": 0.34436265535888677,
      "samples": 181
    },
    "ambiguity_handling": {
      "pressure_gain": 1.95,
      "difficulty_bias": 0.35,
      "escalation_bias": 0.3,
      "patience_bias": -0.3,
      "hardness_bias": 0.35,
      "samples": 181
    },
    "contradiction_handling": {
      "pressure_gain": 1.95,
      "difficulty_bias": 0.35,
      "escalation_bias": 0.3,
      "patience_bias": -0.3,
      "hardness_bias": 0.35,
      "samples": 181
    },
    "implied_intent_inference": {
      "pressure_gain": 1.9030937499999996,
      "difficulty_bias": 0.33271875,
      "escalation_bias": 0.2851875,
      "patience_bias": -0.2851875,
      "hardness_bias": 0.33271875,
      "samples": 181
    },
    "misunderstanding_repair": {
      "pressure_gain": 1.0,
      "difficulty_bias": 0.0,
      "escalation_bias": 0.0,
      "patience_bias": 0.0,
      "hardness_bias": 0.0,
      "samples": 181
    },
    "uncertainty_signaling": {
      "pressure_gain": 1.95,
      "difficulty_bias": 0.35,
      "escalation_bias": 0.3,
      "patience_bias": -0.3,
      "hardness_bias": 0.35,
      "samples": 181
    },
    "boundary_calibration": {
      "pressure_gain": 1.5535737168053414,
      "difficulty_bias": 0.22938486645154174,
      "escalation_bias": 0.19750155000981368,
      "patience_bias": -0.1859882238671857,
      "hardness_bias": 0.23403610497112598,
      "samples": 181
    },
    "framing_selection": {
      "pressure_gain": 1.95,
      "difficulty_bias": 0.35,
      "escalation_bias": 0.3,
      "patience_bias": -0.3,
      "hardness_bias": 0.35,
      "samples": 181
    },
    "emotional_calibration": {
      "pressure_gain": 1.0073270142563802,
      "difficulty_bias": 0.0028897983643984704,
      "escalation_bias": 0.0024999355449059468,
      "patience_bias": -0.0018809685338716966,
      "hardness_bias": 0.0032796611838909985,
      "samples": 181
    },
    "semantic_precision": {
      "pressure_gain": 1.1096225103123103,
      "difficulty_bias": 0.04420082428366836,
      "escalation_bias": 0.038346472174595136,
      "patience_bias": -0.029858127476604174,
      "hardness_bias": 0.05005517639274165,
      "samples": 181
    },
    "adaptive_strategy_selection": {
      "pressure_gain": 1.95,
      "difficulty_bias": 0.35,
      "escalation_bias": 0.3,
      "patience_bias": -0.3,
      "hardness_bias": 0.35,
      "samples": 181
    },
    "compression_elaboration_fit": {
      "pressure_gain": 1.0664435943069839,
      "difficulty_bias": 0.02867915029087501,
      "escalation_bias": 0.025088787204100554,
      "patience_bias": -0.021454669714005396,
      "hardness_bias": 0.032269513377649495,
      "samples": 181
    },
    "perspective_integration": {
      "pressure_gain": 1.95,
      "difficulty_bias": 0.35,
      "escalation_bias": 0.3,
      "patience_bias": -0.3,
      "hardness_bias": 0.35,
      "samples": 181
    },
    "multi_turn_stability": {
      "pressure_gain": 1.2588698903501072,
      "difficulty_bias": 0.11498128779622398,
      "escalation_bias": 0.10092081960741407,
      "patience_bias": -0.08935789370434852,
      "hardness_bias": 0.129041755985034,
      "samples": 181
    }
  },
  "last_episode_id": "episode_aa177307e18e",
  "last_update_ts": 1783253678.2156038
}