{
  "version": 1,
  "samples": 323,
  "global": {
    "pressure_gain_bias": 0.4,
    "difficulty_bias": 0.35,
    "escalation_bias": 0.3,
    "patience_bias": -0.3,
    "hardness_bias": 0.35,
    "samples": 323
  },
  "axis": {
    "X": {
      "pressure_gain": 1.3009407834381022,
      "difficulty_bias": 0.11258631806599222,
      "escalation_bias": 0.09663695603327269,
      "patience_bias": -0.09600414874591716,
      "hardness_bias": 0.11327943912317787,
      "samples": 323
    },
    "T": {
      "pressure_gain": 1.5573462163303275,
      "difficulty_bias": 0.21012662726676173,
      "escalation_bias": 0.18068457805493443,
      "patience_bias": -0.1786283274830648,
      "hardness_bias": 0.2131686685095329,
      "samples": 323
    },
    "N": {
      "pressure_gain": 1.475772409710403,
      "difficulty_bias": 0.1836660659954291,
      "escalation_bias": 0.15843915219382704,
      "patience_bias": -0.15487759662172426,
      "hardness_bias": 0.18898566998962524,
      "samples": 323
    },
    "B": {
      "pressure_gain": 1.6511617595690016,
      "difficulty_bias": 0.23990170102968655,
      "escalation_bias": 0.20563002946541142,
      "patience_bias": -0.20563002941344286,
      "hardness_bias": 0.23990170106261088,
      "samples": 323
    },
    "A": {
      "pressure_gain": 1.4336599872262619,
      "difficulty_bias": 0.16502697149702766,
      "escalation_bias": 0.14208583521307716,
      "patience_bias": -0.13986622296939596,
      "hardness_bias": 0.1683555141846205,
      "samples": 323
    }
  },
  "dimensions": {
    "coherence_maintenance": {
      "pressure_gain": 1.95,
      "difficulty_bias": 0.35,
      "escalation_bias": 0.3,
      "patience_bias": -0.3,
      "hardness_bias": 0.35,
      "samples": 323
    },
    "context_carryover": {
      "pressure_gain": 1.6744086737836568,
      "difficulty_bias": 0.2672863791369633,
      "escalation_bias": 0.2313729629879792,
      "patience_bias": -0.22342672994094173,
      "hardness_bias": 0.27920572870751975,
      "samples": 323
    },
    "ambiguity_handling": {
      "pressure_gain": 1.0411429996398218,
      "difficulty_bias": 0.01515794723572553,
      "escalation_bias": 0.012992526202050455,
      "patience_bias": -0.012992526202050455,
      "hardness_bias": 0.01515794723572553,
      "samples": 323
    },
    "contradiction_handling": {
      "pressure_gain": 1.95,
      "difficulty_bias": 0.35,
      "escalation_bias": 0.3,
      "patience_bias": -0.3,
      "hardness_bias": 0.35,
      "samples": 323
    },
    "implied_intent_inference": {
      "pressure_gain": 1.95,
      "difficulty_bias": 0.35,
      "escalation_bias": 0.3,
      "patience_bias": -0.3,
      "hardness_bias": 0.35,
      "samples": 323
    },
    "misunderstanding_repair": {
      "pressure_gain": 1.0,
      "difficulty_bias": 0.0,
      "escalation_bias": 0.0,
      "patience_bias": 0.0,
      "hardness_bias": 0.0,
      "samples": 323
    },
    "uncertainty_signaling": {
      "pressure_gain": 1.4395944821975004,
      "difficulty_bias": 0.18692763684323124,
      "escalation_bias": 0.16323615681571485,
      "patience_bias": -0.15269251849040674,
      "hardness_bias": 0.20274309433119359,
      "samples": 323
    },
    "boundary_calibration": {
      "pressure_gain": 1.95,
      "difficulty_bias": 0.35,
      "escalation_bias": 0.3,
      "patience_bias": -0.3,
      "hardness_bias": 0.35,
      "samples": 323
    },
    "framing_selection": {
      "pressure_gain": 1.95,
      "difficulty_bias": 0.35,
      "escalation_bias": 0.3,
      "patience_bias": -0.3,
      "hardness_bias": 0.35,
      "samples": 323
    },
    "emotional_calibration": {
      "pressure_gain": 1.0002011789169314,
      "difficulty_bias": 7.934562220880087e-05,
      "escalation_bias": 6.864110096267909e-05,
      "patience_bias": -5.164603195638273e-05,
      "hardness_bias": 9.005014345492302e-05,
      "samples": 323
    },
    "semantic_precision": {
      "pressure_gain": 1.0030099215211588,
      "difficulty_bias": 0.00121362858673345,
      "escalation_bias": 0.0010528847727544013,
      "patience_bias": -0.000819819033676421,
      "hardness_bias": 0.0013743724007124966,
      "samples": 323
    },
    "adaptive_strategy_selection": {
      "pressure_gain": 1.3237650547693398,
      "difficulty_bias": 0.1352205361757975,
      "escalation_bias": 0.11782607738214221,
      "patience_bias": -0.11109641507203687,
      "hardness_bias": 0.14531502964095572,
      "samples": 323
    },
    "compression_elaboration_fit": {
      "pressure_gain": 1.0026531996561003,
      "difficulty_bias": 0.0011631249156708787,
      "escalation_bias": 0.0010193577106069596,
      "patience_bias": -0.000888577780702571,
      "hardness_bias": 0.001306892120734797,
      "samples": 323
    },
    "perspective_integration": {
      "pressure_gain": 1.95,
      "difficulty_bias": 0.35,
      "escalation_bias": 0.3,
      "patience_bias": -0.3,
      "hardness_bias": 0.35,
      "samples": 323
    },
    "multi_turn_stability": {
      "pressure_gain": 1.0080085057765416,
      "difficulty_bias": 0.003564565201914067,
      "escalation_bias": 0.0031294190518028654,
      "patience_bias": -0.0027776689027160756,
      "hardness_bias": 0.0039997113520252765,
      "samples": 323
    }
  },
  "last_episode_id": "episode_5a1d15b1672a",
  "last_update_ts": 1784163795.1812012
}