{
  "version": 1,
  "samples": 303,
  "global": {
    "pressure_gain_bias": 0.4,
    "difficulty_bias": 0.35,
    "escalation_bias": 0.3,
    "patience_bias": -0.3,
    "hardness_bias": 0.35,
    "samples": 303
  },
  "axis": {
    "X": {
      "pressure_gain": 1.217762953216793,
      "difficulty_bias": 0.0840872527570246,
      "escalation_bias": 0.07253925664354859,
      "patience_bias": -0.07076630470453947,
      "hardness_bias": 0.08659774473639653,
      "samples": 303
    },
    "T": {
      "pressure_gain": 1.5971873762246944,
      "difficulty_bias": 0.2220504135812988,
      "escalation_bias": 0.19056092731641483,
      "patience_bias": -0.18968214267969805,
      "hardness_bias": 0.22328350597306607,
      "samples": 303
    },
    "N": {
      "pressure_gain": 1.4984034296751172,
      "difficulty_bias": 0.19132950589004952,
      "escalation_bias": 0.1649264324773435,
      "patience_bias": -0.161634651544139,
      "hardness_bias": 0.19622932257438042,
      "samples": 303
    },
    "B": {
      "pressure_gain": 1.6629135087676588,
      "difficulty_bias": 0.2442312938212222,
      "escalation_bias": 0.20934110908334072,
      "patience_bias": -0.20934110865588504,
      "hardness_bias": 0.24423129409203342,
      "samples": 303
    },
    "A": {
      "pressure_gain": 1.4578693663514515,
      "difficulty_bias": 0.17355250410697748,
      "escalation_bias": 0.14934526689420988,
      "patience_bias": -0.14729349386117785,
      "hardness_bias": 0.17662296097495808,
      "samples": 303
    }
  },
  "dimensions": {
    "coherence_maintenance": {
      "pressure_gain": 1.95,
      "difficulty_bias": 0.35,
      "escalation_bias": 0.3,
      "patience_bias": -0.3,
      "hardness_bias": 0.35,
      "samples": 303
    },
    "context_carryover": {
      "pressure_gain": 1.7640266849549535,
      "difficulty_bias": 0.28690317395734455,
      "escalation_bias": 0.24657080631585,
      "patience_bias": -0.24428250608240865,
      "hardness_bias": 0.2903356243075066,
      "samples": 303
    },
    "ambiguity_handling": {
      "pressure_gain": 1.0682658713462778,
      "difficulty_bias": 0.025150584180209278,
      "escalation_bias": 0.02155764358303653,
      "patience_bias": -0.02155764358303653,
      "hardness_bias": 0.025150584180209278,
      "samples": 303
    },
    "contradiction_handling": {
      "pressure_gain": 1.95,
      "difficulty_bias": 0.35,
      "escalation_bias": 0.3,
      "patience_bias": -0.3,
      "hardness_bias": 0.35,
      "samples": 303
    },
    "implied_intent_inference": {
      "pressure_gain": 1.95,
      "difficulty_bias": 0.35,
      "escalation_bias": 0.3,
      "patience_bias": -0.3,
      "hardness_bias": 0.35,
      "samples": 303
    },
    "misunderstanding_repair": {
      "pressure_gain": 1.0,
      "difficulty_bias": 0.0,
      "escalation_bias": 0.0,
      "patience_bias": 0.0,
      "hardness_bias": 0.0,
      "samples": 303
    },
    "uncertainty_signaling": {
      "pressure_gain": 1.5360354256410467,
      "difficulty_bias": 0.22383225383787267,
      "escalation_bias": 0.19503440705742894,
      "patience_bias": -0.18391074387004594,
      "hardness_bias": 0.24051774861894734,
      "samples": 303
    },
    "boundary_calibration": {
      "pressure_gain": 1.95,
      "difficulty_bias": 0.35,
      "escalation_bias": 0.3,
      "patience_bias": -0.3,
      "hardness_bias": 0.35,
      "samples": 303
    },
    "framing_selection": {
      "pressure_gain": 1.735544032577214,
      "difficulty_bias": 0.2940684345363388,
      "escalation_bias": 0.25484273454321055,
      "patience_bias": -0.24509846725099005,
      "hardness_bias": 0.30868483547466946,
      "samples": 303
    },
    "emotional_calibration": {
      "pressure_gain": 1.0003338029356414,
      "difficulty_bias": 0.00013165296854907615,
      "escalation_bias": 0.00011389166099716093,
      "patience_bias": -8.569286157899794e-05,
      "hardness_bias": 0.000149414276100992,
      "samples": 303
    },
    "semantic_precision": {
      "pressure_gain": 1.0049941646725975,
      "difficulty_bias": 0.002013694035179629,
      "escalation_bias": 0.0017469824045044967,
      "patience_bias": -0.0013602717636079522,
      "hardness_bias": 0.0022804056658547577,
      "samples": 303
    },
    "adaptive_strategy_selection": {
      "pressure_gain": 1.4025140228745934,
      "difficulty_bias": 0.16459036984568226,
      "escalation_bias": 0.14304329394357396,
      "patience_bias": -0.13616287467811203,
      "hardness_bias": 0.17491099874387528,
      "samples": 303
    },
    "compression_elaboration_fit": {
      "pressure_gain": 1.0044022795606782,
      "difficulty_bias": 0.001929896617843653,
      "escalation_bias": 0.0016913531569724201,
      "patience_bias": -0.001474358626974985,
      "hardness_bias": 0.002168440078714885,
      "samples": 303
    },
    "perspective_integration": {
      "pressure_gain": 1.95,
      "difficulty_bias": 0.35,
      "escalation_bias": 0.3,
      "patience_bias": -0.3,
      "hardness_bias": 0.35,
      "samples": 303
    },
    "multi_turn_stability": {
      "pressure_gain": 1.0132879865299909,
      "difficulty_bias": 0.005914448426452339,
      "escalation_bias": 0.005192439060086979,
      "patience_bias": -0.004608803189251,
      "hardness_bias": 0.006636457792817713,
      "samples": 303
    }
  },
  "last_episode_id": "episode_77a079cb57d6",
  "last_update_ts": 1784054529.003063
}