{
  "version": 1,
  "samples": 220,
  "global": {
    "pressure_gain_bias": 0.4,
    "difficulty_bias": 0.35,
    "escalation_bias": 0.3,
    "patience_bias": -0.3,
    "hardness_bias": 0.35,
    "samples": 220
  },
  "axis": {
    "X": {
      "pressure_gain": 1.2503595542090324,
      "difficulty_bias": 0.092884374617952,
      "escalation_bias": 0.0796931747425134,
      "patience_bias": -0.07822304612959108,
      "hardness_bias": 0.0938924266600735,
      "samples": 220
    },
    "T": {
      "pressure_gain": 1.6731062568434565,
      "difficulty_bias": 0.2521651901955359,
      "escalation_bias": 0.21663905984399978,
      "patience_bias": -0.2143439189573197,
      "hardness_bias": 0.25500491906485295,
      "samples": 220
    },
    "N": {
      "pressure_gain": 1.6199467923612723,
      "difficulty_bias": 0.2335206534413367,
      "escalation_bias": 0.2005076646490797,
      "patience_bias": -0.19831085195115697,
      "hardness_bias": 0.2353957783129244,
      "samples": 220
    },
    "B": {
      "pressure_gain": 1.864549768841815,
      "difficulty_bias": 0.31852535141133836,
      "escalation_bias": 0.2730223182343318,
      "patience_bias": -0.27301963435597676,
      "hardness_bias": 0.318527051761315,
      "samples": 220
    },
    "A": {
      "pressure_gain": 1.5477216506296867,
      "difficulty_bias": 0.20184722031336577,
      "escalation_bias": 0.17301408580465513,
      "patience_bias": -0.1729910179862301,
      "hardness_bias": 0.20186008704069905,
      "samples": 220
    }
  },
  "dimensions": {
    "coherence_maintenance": {
      "pressure_gain": 1.95,
      "difficulty_bias": 0.35,
      "escalation_bias": 0.3,
      "patience_bias": -0.3,
      "hardness_bias": 0.35,
      "samples": 220
    },
    "context_carryover": {
      "pressure_gain": 1.95,
      "difficulty_bias": 0.35,
      "escalation_bias": 0.3,
      "patience_bias": -0.3,
      "hardness_bias": 0.35,
      "samples": 220
    },
    "ambiguity_handling": {
      "pressure_gain": 1.5582394638029395,
      "difficulty_bias": 0.2056671708747679,
      "escalation_bias": 0.17628614646408677,
      "patience_bias": -0.17628614646408677,
      "hardness_bias": 0.2056671708747679,
      "samples": 220
    },
    "contradiction_handling": {
      "pressure_gain": 1.95,
      "difficulty_bias": 0.35,
      "escalation_bias": 0.3,
      "patience_bias": -0.3,
      "hardness_bias": 0.35,
      "samples": 220
    },
    "implied_intent_inference": {
      "pressure_gain": 1.5582394638029395,
      "difficulty_bias": 0.2056671708747679,
      "escalation_bias": 0.17628614646408677,
      "patience_bias": -0.17628614646408677,
      "hardness_bias": 0.2056671708747679,
      "samples": 220
    },
    "misunderstanding_repair": {
      "pressure_gain": 1.0,
      "difficulty_bias": 0.0,
      "escalation_bias": 0.0,
      "patience_bias": 0.0,
      "hardness_bias": 0.0,
      "samples": 220
    },
    "uncertainty_signaling": {
      "pressure_gain": 1.95,
      "difficulty_bias": 0.35,
      "escalation_bias": 0.3,
      "patience_bias": -0.3,
      "hardness_bias": 0.35,
      "samples": 220
    },
    "boundary_calibration": {
      "pressure_gain": 1.95,
      "difficulty_bias": 0.35,
      "escalation_bias": 0.3,
      "patience_bias": -0.3,
      "hardness_bias": 0.35,
      "samples": 220
    },
    "framing_selection": {
      "pressure_gain": 1.5582394638029395,
      "difficulty_bias": 0.2056671708747679,
      "escalation_bias": 0.17628614646408677,
      "patience_bias": -0.17628614646408677,
      "hardness_bias": 0.2056671708747679,
      "samples": 220
    },
    "emotional_calibration": {
      "pressure_gain": 1.0027296505286531,
      "difficulty_bias": 0.001076583087881499,
      "escalation_bias": 0.0009313412179883331,
      "patience_bias": -0.0007007474768313289,
      "hardness_bias": 0.0012218249577746682,
      "samples": 220
    },
    "semantic_precision": {
      "pressure_gain": 1.0408394378332022,
      "difficulty_bias": 0.016466844358576756,
      "escalation_bias": 0.01428582835802144,
      "patience_bias": -0.011123528711600305,
      "hardness_bias": 0.018647860359132074,
      "samples": 220
    },
    "adaptive_strategy_selection": {
      "pressure_gain": 1.95,
      "difficulty_bias": 0.35,
      "escalation_bias": 0.3,
      "patience_bias": -0.3,
      "hardness_bias": 0.35,
      "samples": 220
    },
    "compression_elaboration_fit": {
      "pressure_gain": 1.0359993380733241,
      "difficulty_bias": 0.015781596746568458,
      "escalation_bias": 0.013830924015607905,
      "patience_bias": -0.012056466183531369,
      "hardness_bias": 0.017732269477529015,
      "samples": 220
    },
    "perspective_integration": {
      "pressure_gain": 1.95,
      "difficulty_bias": 0.35,
      "escalation_bias": 0.3,
      "patience_bias": -0.3,
      "hardness_bias": 0.35,
      "samples": 220
    },
    "multi_turn_stability": {
      "pressure_gain": 1.1086615951607355,
      "difficulty_bias": 0.048364994881922196,
      "escalation_bias": 0.042460812988513286,
      "patience_bias": -0.03768817082975495,
      "hardness_bias": 0.05426917677533119,
      "samples": 220
    }
  },
  "last_episode_id": "episode_dd7736869d25",
  "last_update_ts": 1783542160.45767
}