{
  "version": 1,
  "samples": 232,
  "global": {
    "pressure_gain_bias": 0.4,
    "difficulty_bias": 0.35,
    "escalation_bias": 0.3,
    "patience_bias": -0.3,
    "hardness_bias": 0.35,
    "samples": 232
  },
  "axis": {
    "X": {
      "pressure_gain": 1.203028030404299,
      "difficulty_bias": 0.07608418101811261,
      "escalation_bias": 0.0653699502125677,
      "patience_bias": -0.06394409081752613,
      "hardness_bias": 0.07733939340266141,
      "samples": 232
    },
    "T": {
      "pressure_gain": 1.6660176095473478,
      "difficulty_bias": 0.2481998919620269,
      "escalation_bias": 0.21308168483326484,
      "patience_bias": -0.21149128693067853,
      "hardness_bias": 0.25016747842030074,
      "samples": 232
    },
    "N": {
      "pressure_gain": 1.6366593215242722,
      "difficulty_bias": 0.23650173280168685,
      "escalation_bias": 0.2028737857787684,
      "patience_bias": -0.20190303967531473,
      "hardness_bias": 0.23741641189984894,
      "samples": 232
    },
    "B": {
      "pressure_gain": 1.808839495444382,
      "difficulty_bias": 0.2979954797123115,
      "escalation_bias": 0.2554248630928272,
      "patience_bias": -0.25542410508630736,
      "hardness_bias": 0.29799595994136724,
      "samples": 232
    },
    "A": {
      "pressure_gain": 1.504252698732366,
      "difficulty_bias": 0.18655013830162073,
      "escalation_bias": 0.1599920900408675,
      "patience_bias": -0.15966583235490595,
      "hardness_bias": 0.18703338622450175,
      "samples": 232
    }
  },
  "dimensions": {
    "coherence_maintenance": {
      "pressure_gain": 1.95,
      "difficulty_bias": 0.35,
      "escalation_bias": 0.3,
      "patience_bias": -0.3,
      "hardness_bias": 0.35,
      "samples": 232
    },
    "context_carryover": {
      "pressure_gain": 1.95,
      "difficulty_bias": 0.35,
      "escalation_bias": 0.3,
      "patience_bias": -0.3,
      "hardness_bias": 0.35,
      "samples": 232
    },
    "ambiguity_handling": {
      "pressure_gain": 1.411979800861725,
      "difficulty_bias": 0.1517820318964259,
      "escalation_bias": 0.13009888448265072,
      "patience_bias": -0.13009888448265072,
      "hardness_bias": 0.1517820318964259,
      "samples": 232
    },
    "contradiction_handling": {
      "pressure_gain": 1.95,
      "difficulty_bias": 0.35,
      "escalation_bias": 0.3,
      "patience_bias": -0.3,
      "hardness_bias": 0.35,
      "samples": 232
    },
    "implied_intent_inference": {
      "pressure_gain": 1.4790662683235747,
      "difficulty_bias": 0.18043298817070588,
      "escalation_bias": 0.1551315320636423,
      "patience_bias": -0.1534701343530118,
      "hardness_bias": 0.18292508473665164,
      "samples": 232
    },
    "misunderstanding_repair": {
      "pressure_gain": 1.0,
      "difficulty_bias": 0.0,
      "escalation_bias": 0.0,
      "patience_bias": 0.0,
      "hardness_bias": 0.0,
      "samples": 232
    },
    "uncertainty_signaling": {
      "pressure_gain": 1.95,
      "difficulty_bias": 0.35,
      "escalation_bias": 0.3,
      "patience_bias": -0.3,
      "hardness_bias": 0.35,
      "samples": 232
    },
    "boundary_calibration": {
      "pressure_gain": 1.95,
      "difficulty_bias": 0.35,
      "escalation_bias": 0.3,
      "patience_bias": -0.3,
      "hardness_bias": 0.35,
      "samples": 232
    },
    "framing_selection": {
      "pressure_gain": 1.4820823068643454,
      "difficulty_bias": 0.18180391478014704,
      "escalation_bias": 0.15633794747995058,
      "patience_bias": -0.1545668756405648,
      "hardness_bias": 0.18446052253922576,
      "samples": 232
    },
    "emotional_calibration": {
      "pressure_gain": 1.0020144775748303,
      "difficulty_bias": 0.0007945165380014943,
      "escalation_bias": 0.0006873282782755682,
      "patience_bias": -0.0005171504787437203,
      "hardness_bias": 0.0009017047977274228,
      "samples": 232
    },
    "semantic_precision": {
      "pressure_gain": 1.0301394375653925,
      "difficulty_bias": 0.012152503897614565,
      "escalation_bias": 0.010542917696983282,
      "patience_bias": -0.008209145788916284,
      "hardness_bias": 0.01376209009824585,
      "samples": 232
    },
    "adaptive_strategy_selection": {
      "pressure_gain": 1.95,
      "difficulty_bias": 0.35,
      "escalation_bias": 0.3,
      "patience_bias": -0.3,
      "hardness_bias": 0.35,
      "samples": 232
    },
    "compression_elaboration_fit": {
      "pressure_gain": 1.0265674519489663,
      "difficulty_bias": 0.011646792293470782,
      "escalation_bias": 0.010207199044772734,
      "patience_bias": -0.008897652099961106,
      "hardness_bias": 0.013086385542168823,
      "samples": 232
    },
    "perspective_integration": {
      "pressure_gain": 1.95,
      "difficulty_bias": 0.35,
      "escalation_bias": 0.3,
      "patience_bias": -0.3,
      "hardness_bias": 0.35,
      "samples": 232
    },
    "multi_turn_stability": {
      "pressure_gain": 1.080192077483507,
      "difficulty_bias": 0.03569328621877301,
      "escalation_bias": 0.03133600974797758,
      "patience_bias": -0.027813807729591397,
      "hardness_bias": 0.040050562689568525,
      "samples": 232
    }
  },
  "last_episode_id": "episode_b38227785115",
  "last_update_ts": 1783637506.008541
}