{
  "version": 1,
  "samples": 312,
  "global": {
    "pressure_gain_bias": 0.4,
    "difficulty_bias": 0.35,
    "escalation_bias": 0.3,
    "patience_bias": -0.3,
    "hardness_bias": 0.35,
    "samples": 312
  },
  "axis": {
    "X": {
      "pressure_gain": 1.2639582159433387,
      "difficulty_bias": 0.10261886713041457,
      "escalation_bias": 0.08837658446575776,
      "patience_bias": -0.08656220265033285,
      "hardness_bias": 0.10468899576980792,
      "samples": 312
    },
    "T": {
      "pressure_gain": 1.5787692563619582,
      "difficulty_bias": 0.21626060646358866,
      "escalation_bias": 0.18572655676911098,
      "patience_bias": -0.1844123724458802,
      "hardness_bias": 0.21817173627557676,
      "samples": 312
    },
    "N": {
      "pressure_gain": 1.4914773072574035,
      "difficulty_bias": 0.18944134076877975,
      "escalation_bias": 0.16338808063027035,
      "patience_bias": -0.1598237789001149,
      "hardness_bias": 0.19475772449816844,
      "samples": 312
    },
    "B": {
      "pressure_gain": 1.656886815227996,
      "difficulty_bias": 0.2420109323589876,
      "escalation_bias": 0.20743794205829907,
      "patience_bias": -0.207437941892694,
      "hardness_bias": 0.24201093246390543,
      "samples": 312
    },
    "A": {
      "pressure_gain": 1.4483573536149128,
      "difficulty_bias": 0.17040033568524948,
      "escalation_bias": 0.14668637157834505,
      "patience_bias": -0.14448474832817854,
      "hardness_bias": 0.17369998009408424,
      "samples": 312
    }
  },
  "dimensions": {
    "coherence_maintenance": {
      "pressure_gain": 1.95,
      "difficulty_bias": 0.35,
      "escalation_bias": 0.3,
      "patience_bias": -0.3,
      "hardness_bias": 0.35,
      "samples": 312
    },
    "context_carryover": {
      "pressure_gain": 1.6850556495357223,
      "difficulty_bias": 0.26207812140740283,
      "escalation_bias": 0.22580724539676167,
      "patience_bias": -0.22171625073030432,
      "hardness_bias": 0.268214613407089,
      "samples": 312
    },
    "ambiguity_handling": {
      "pressure_gain": 1.054355710789425,
      "difficulty_bias": 0.020025788185579273,
      "escalation_bias": 0.01716496130192509,
      "patience_bias": -0.01716496130192509,
      "hardness_bias": 0.020025788185579273,
      "samples": 312
    },
    "contradiction_handling": {
      "pressure_gain": 1.95,
      "difficulty_bias": 0.35,
      "escalation_bias": 0.3,
      "patience_bias": -0.3,
      "hardness_bias": 0.35,
      "samples": 312
    },
    "implied_intent_inference": {
      "pressure_gain": 1.95,
      "difficulty_bias": 0.35,
      "escalation_bias": 0.3,
      "patience_bias": -0.3,
      "hardness_bias": 0.35,
      "samples": 312
    },
    "misunderstanding_repair": {
      "pressure_gain": 1.0,
      "difficulty_bias": 0.0,
      "escalation_bias": 0.0,
      "patience_bias": 0.0,
      "hardness_bias": 0.0,
      "samples": 312
    },
    "uncertainty_signaling": {
      "pressure_gain": 1.469080222773519,
      "difficulty_bias": 0.1970320709039838,
      "escalation_bias": 0.17180557053840545,
      "patience_bias": -0.16158228636593797,
      "hardness_bias": 0.21236699716268517,
      "samples": 312
    },
    "boundary_calibration": {
      "pressure_gain": 1.95,
      "difficulty_bias": 0.35,
      "escalation_bias": 0.3,
      "patience_bias": -0.3,
      "hardness_bias": 0.35,
      "samples": 312
    },
    "framing_selection": {
      "pressure_gain": 1.95,
      "difficulty_bias": 0.35,
      "escalation_bias": 0.3,
      "patience_bias": -0.3,
      "hardness_bias": 0.35,
      "samples": 312
    },
    "emotional_calibration": {
      "pressure_gain": 1.0002657857502224,
      "difficulty_bias": 0.00010482676836751672,
      "escalation_bias": 9.06845846160368e-05,
      "patience_bias": -6.823169922023249e-05,
      "hardness_bias": 0.00011896895211899715,
      "samples": 312
    },
    "semantic_precision": {
      "pressure_gain": 1.0039765312479707,
      "difficulty_bias": 0.0016033746942070476,
      "escalation_bias": 0.0013910094233147118,
      "patience_bias": -0.0010830966794907481,
      "hardness_bias": 0.001815739965099381,
      "samples": 312
    },
    "adaptive_strategy_selection": {
      "pressure_gain": 1.3500584285542405,
      "difficulty_bias": 0.1441151250246207,
      "escalation_bias": 0.12535441431055155,
      "patience_bias": -0.11895933929748315,
      "hardness_bias": 0.15370773754422354,
      "samples": 312
    },
    "compression_elaboration_fit": {
      "pressure_gain": 1.0035052513048666,
      "difficulty_bias": 0.0015366522149976253,
      "escalation_bias": 0.0013467154411146032,
      "patience_bias": -0.0011739366911650338,
      "hardness_bias": 0.0017265889888806465,
      "samples": 312
    },
    "perspective_integration": {
      "pressure_gain": 1.95,
      "difficulty_bias": 0.35,
      "escalation_bias": 0.3,
      "patience_bias": -0.3,
      "hardness_bias": 0.35,
      "samples": 312
    },
    "multi_turn_stability": {
      "pressure_gain": 1.0105803667125872,
      "difficulty_bias": 0.004709293850751486,
      "escalation_bias": 0.00413440435573075,
      "patience_bias": -0.0036696927512955583,
      "hardness_bias": 0.005284183345772231,
      "samples": 312
    }
  },
  "last_episode_id": "episode_411b890ce928",
  "last_update_ts": 1784104818.253428
}