{
  "version": 1,
  "samples": 405,
  "global": {
    "pressure_gain_bias": 0.4,
    "difficulty_bias": 0.35,
    "escalation_bias": 0.3,
    "patience_bias": -0.3,
    "hardness_bias": 0.35,
    "samples": 405
  },
  "axis": {
    "X": {
      "pressure_gain": 1.3199042190657126,
      "difficulty_bias": 0.1181297184510369,
      "escalation_bias": 0.1012866355106053,
      "patience_bias": -0.10116140848687785,
      "hardness_bias": 0.11830638431986101,
      "samples": 405
    },
    "T": {
      "pressure_gain": 1.7389642257766076,
      "difficulty_bias": 0.2861336423992264,
      "escalation_bias": 0.24681482706586036,
      "patience_bias": -0.24127204342031575,
      "hardness_bias": 0.2942370286577713,
      "samples": 405
    },
    "N": {
      "pressure_gain": 1.525786399807569,
      "difficulty_bias": 0.20212188073568546,
      "escalation_bias": 0.17404061891225026,
      "patience_bias": -0.17110333474294384,
      "hardness_bias": 0.20595043017643583,
      "samples": 405
    },
    "B": {
      "pressure_gain": 1.8331331243809015,
      "difficulty_bias": 0.3197104992851101,
      "escalation_bias": 0.2750033449178201,
      "patience_bias": -0.27125802322268316,
      "hardness_bias": 0.32384972127358846,
      "samples": 405
    },
    "A": {
      "pressure_gain": 1.4283241737449979,
      "difficulty_bias": 0.16703537366799615,
      "escalation_bias": 0.14428033537518914,
      "patience_bias": -0.14040528254770188,
      "hardness_bias": 0.1728479527542633,
      "samples": 405
    }
  },
  "dimensions": {
    "coherence_maintenance": {
      "pressure_gain": 1.95,
      "difficulty_bias": 0.35,
      "escalation_bias": 0.3,
      "patience_bias": -0.3,
      "hardness_bias": 0.35,
      "samples": 405
    },
    "context_carryover": {
      "pressure_gain": 1.95,
      "difficulty_bias": 0.35,
      "escalation_bias": 0.3,
      "patience_bias": -0.3,
      "hardness_bias": 0.35,
      "samples": 405
    },
    "ambiguity_handling": {
      "pressure_gain": 1.8773416606161761,
      "difficulty_bias": 0.34125,
      "escalation_bias": 0.2925,
      "patience_bias": -0.2925,
      "hardness_bias": 0.34125,
      "samples": 405
    },
    "contradiction_handling": {
      "pressure_gain": 1.95,
      "difficulty_bias": 0.35,
      "escalation_bias": 0.3,
      "patience_bias": -0.3,
      "hardness_bias": 0.35,
      "samples": 405
    },
    "implied_intent_inference": {
      "pressure_gain": 1.95,
      "difficulty_bias": 0.35,
      "escalation_bias": 0.3,
      "patience_bias": -0.3,
      "hardness_bias": 0.35,
      "samples": 405
    },
    "misunderstanding_repair": {
      "pressure_gain": 1.0,
      "difficulty_bias": 0.0,
      "escalation_bias": 0.0,
      "patience_bias": 0.0,
      "hardness_bias": 0.0,
      "samples": 405
    },
    "uncertainty_signaling": {
      "pressure_gain": 1.95,
      "difficulty_bias": 0.35,
      "escalation_bias": 0.3,
      "patience_bias": -0.3,
      "hardness_bias": 0.35,
      "samples": 405
    },
    "boundary_calibration": {
      "pressure_gain": 1.7077358564792366,
      "difficulty_bias": 0.2736200766367211,
      "escalation_bias": 0.2360847035346056,
      "patience_bias": -0.23064847107364936,
      "hardness_bias": 0.28177442532815544,
      "samples": 405
    },
    "framing_selection": {
      "pressure_gain": 1.95,
      "difficulty_bias": 0.35,
      "escalation_bias": 0.3,
      "patience_bias": -0.3,
      "hardness_bias": 0.35,
      "samples": 405
    },
    "emotional_calibration": {
      "pressure_gain": 1.0000252325389893,
      "difficulty_bias": 9.951795827761396e-06,
      "escalation_bias": 8.60919863197657e-06,
      "patience_bias": -6.477619697674415e-06,
      "hardness_bias": 1.1294393023546266e-05,
      "samples": 405
    },
    "semantic_precision": {
      "pressure_gain": 1.0484963021273863,
      "difficulty_bias": 0.022023386986606597,
      "escalation_bias": 0.0193785871812425,
      "patience_bias": -0.01759877591957222,
      "hardness_bias": 0.024668186791970696,
      "samples": 405
    },
    "adaptive_strategy_selection": {
      "pressure_gain": 1.4006112281903982,
      "difficulty_bias": 0.1796722428102014,
      "escalation_bias": 0.15787458282817893,
      "patience_bias": -0.14433027136015664,
      "hardness_bias": 0.19998871001223495,
      "samples": 405
    },
    "compression_elaboration_fit": {
      "pressure_gain": 1.0003327732587208,
      "difficulty_bias": 0.0001458830539191976,
      "escalation_bias": 0.00012785128566664058,
      "patience_bias": -0.00011144842531282702,
      "hardness_bias": 0.0001639148221717544,
      "samples": 405
    },
    "perspective_integration": {
      "pressure_gain": 1.95,
      "difficulty_bias": 0.35,
      "escalation_bias": 0.3,
      "patience_bias": -0.3,
      "hardness_bias": 0.35,
      "samples": 405
    },
    "multi_turn_stability": {
      "pressure_gain": 1.5665958012517183,
      "difficulty_bias": 0.25752567471346643,
      "escalation_bias": 0.22662084633086846,
      "patience_bias": -0.20600306560095308,
      "hardness_bias": 0.28843050309606455,
      "samples": 405
    }
  },
  "last_episode_id": "episode_79e43587b996",
  "last_update_ts": 1784833730.847094
}